,0,1,2,3,4,5,6,7,8,9,10,11,12,13,14,15,16,17,18,19,20,21,22,23,24,25,26,27,28,29,30,31,32,33,34,35,36,37,38,39,40,41,42,43,44,45,46,47,48,49,50,51,52,53,54,55,56,57,58,59,60,61,62,63,64,65,66,67,68,69,70,71
0,682.06,640.725,517.3375,458.2075,402.075,346.675,325.7325,278.4575,208.3475,182.22750000000002,199.8075,257.57,290.03499999999997,322.5575,402.1025,400.1475,356.98,312.2925,337.9025,379.90250000000003,339.785,345.745,302.945,262.83,128.2,120.38,117.09,112.15,109.75,111.89,117.11,135.81,138.82,137.77,125.08,112.1,102.21,97.27,99.39,97.8,125.41,145.0,158.55,150.78,133.41,125.42,122.03,119.92,0,0,0,1,1,0,1,0,1,1,0,0,1,1,1,1,1,1,0,0,1,0,0,1
1,682.06,640.725,517.3375,458.2075,402.075,346.675,325.7325,278.4575,208.3475,182.22750000000002,199.8075,257.57,290.03499999999997,322.5575,402.1025,400.1475,356.98,312.2925,337.9025,379.90250000000003,339.785,345.745,302.945,262.83,128.2,120.38,117.09,112.15,109.75,111.89,117.11,135.81,138.82,137.77,125.08,112.1,102.21,97.27,99.39,97.8,125.41,145.0,158.55,150.78,133.41,125.42,122.03,119.92,1,1,0,1,1,0,0,0,0,0,1,1,1,0,0,0,0,1,0,0,1,1,0,0
2,682.06,640.725,517.3375,458.2075,402.075,346.675,325.7325,278.4575,208.3475,182.22750000000002,199.8075,257.57,290.03499999999997,322.5575,402.1025,400.1475,356.98,312.2925,337.9025,379.90250000000003,339.785,345.745,302.945,262.83,128.2,120.38,117.09,112.15,109.75,111.89,117.11,135.81,138.82,137.77,125.08,112.1,102.21,97.27,99.39,97.8,125.41,145.0,158.55,150.78,133.41,125.42,122.03,119.92,0,1,0,0,0,1,0,1,1,1,0,0,0,0,0,0,1,1,1,0,0,1,1,0
3,682.06,640.725,517.3375,458.2075,402.075,346.675,325.7325,278.4575,208.3475,182.22750000000002,199.8075,257.57,290.03499999999997,322.5575,402.1025,400.1475,356.98,312.2925,337.9025,379.90250000000003,339.785,345.745,302.945,262.83,128.2,120.38,117.09,112.15,109.75,111.89,117.11,135.81,138.82,137.77,125.08,112.1,102.21,97.27,99.39,97.8,125.41,145.0,158.55,150.78,133.41,125.42,122.03,119.92,1,1,0,0,0,1,0,0,1,0,1,0,0,0,0,1,1,1,0,0,1,0,1,1
4,682.06,640.725,517.3375,458.2075,402.075,346.675,325.7325,278.4575,208.3475,182.22750000000002,199.8075,257.57,290.03499999999997,322.5575,402.1025,400.1475,356.98,312.2925,337.9025,379.90250000000003,339.785,345.745,302.945,262.83,102.61,57.86,30.22,21.37,19.06,19.05,43.56,90.69,103.11,89.0,33.71,11.22,7.4,3.14,2.85,19.0,54.16,99.69,136.58,117.23,80.9,61.1,35.12,25.41,0,0,0,1,1,0,1,0,1,1,0,0,1,1,1,1,1,1,0,0,1,0,0,1
5,682.06,640.725,517.3375,458.2075,402.075,346.675,325.7325,278.4575,208.3475,182.22750000000002,199.8075,257.57,290.03499999999997,322.5575,402.1025,400.1475,356.98,312.2925,337.9025,379.90250000000003,339.785,345.745,302.945,262.83,102.61,57.86,30.22,21.37,19.06,19.05,43.56,90.69,103.11,89.0,33.71,11.22,7.4,3.14,2.85,19.0,54.16,99.69,136.58,117.23,80.9,61.1,35.12,25.41,1,1,0,1,1,0,0,0,0,0,1,1,1,0,0,0,0,1,0,0,1,1,0,0
6,682.06,640.725,517.3375,458.2075,402.075,346.675,325.7325,278.4575,208.3475,182.22750000000002,199.8075,257.57,290.03499999999997,322.5575,402.1025,400.1475,356.98,312.2925,337.9025,379.90250000000003,339.785,345.745,302.945,262.83,102.61,57.86,30.22,21.37,19.06,19.05,43.56,90.69,103.11,89.0,33.71,11.22,7.4,3.14,2.85,19.0,54.16,99.69,136.58,117.23,80.9,61.1,35.12,25.41,0,1,0,0,0,1,0,1,1,1,0,0,0,0,0,0,1,1,1,0,0,1,1,0
7,682.06,640.725,517.3375,458.2075,402.075,346.675,325.7325,278.4575,208.3475,182.22750000000002,199.8075,257.57,290.03499999999997,322.5575,402.1025,400.1475,356.98,312.2925,337.9025,379.90250000000003,339.785,345.745,302.945,262.83,102.61,57.86,30.22,21.37,19.06,19.05,43.56,90.69,103.11,89.0,33.71,11.22,7.4,3.14,2.85,19.0,54.16,99.69,136.58,117.23,80.9,61.1,35.12,25.41,1,1,0,0,0,1,0,0,1,0,1,0,0,0,0,1,1,1,0,0,1,0,1,1
8,682.06,640.725,517.3375,458.2075,402.075,346.675,325.7325,278.4575,208.3475,182.22750000000002,199.8075,257.57,290.03499999999997,322.5575,402.1025,400.1475,356.98,312.2925,337.9025,379.90250000000003,339.785,345.745,302.945,262.83,28.31,27.04,25.8,20.11,14.94,20.11,41.81,58.7,70.1,44.59,20.1,4.29,2.43,1.67,10.81,34.89,70.65,129.19,163.66,102.7,88.19,79.94,69.01,40.3,0,0,0,1,1,0,1,0,1,1,0,0,1,1,1,1,1,1,0,0,1,0,0,1
9,682.06,640.725,517.3375,458.2075,402.075,346.675,325.7325,278.4575,208.3475,182.22750000000002,199.8075,257.57,290.03499999999997,322.5575,402.1025,400.1475,356.98,312.2925,337.9025,379.90250000000003,339.785,345.745,302.945,262.83,28.31,27.04,25.8,20.11,14.94,20.11,41.81,58.7,70.1,44.59,20.1,4.29,2.43,1.67,10.81,34.89,70.65,129.19,163.66,102.7,88.19,79.94,69.01,40.3,1,1,0,1,1,0,0,0,0,0,1,1,1,0,0,0,0,1,0,0,1,1,0,0
10,682.06,640.725,517.3375,458.2075,402.075,346.675,325.7325,278.4575,208.3475,182.22750000000002,199.8075,257.57,290.03499999999997,322.5575,402.1025,400.1475,356.98,312.2925,337.9025,379.90250000000003,339.785,345.745,302.945,262.83,28.31,27.04,25.8,20.11,14.94,20.11,41.81,58.7,70.1,44.59,20.1,4.29,2.43,1.67,10.81,34.89,70.65,129.19,163.66,102.7,88.19,79.94,69.01,40.3,0,1,0,0,0,1,0,1,1,1,0,0,0,0,0,0,1,1,1,0,0,1,1,0
11,682.06,640.725,517.3375,458.2075,402.075,346.675,325.7325,278.4575,208.3475,182.22750000000002,199.8075,257.57,290.03499999999997,322.5575,402.1025,400.1475,356.98,312.2925,337.9025,379.90250000000003,339.785,345.745,302.945,262.83,28.31,27.04,25.8,20.11,14.94,20.11,41.81,58.7,70.1,44.59,20.1,4.29,2.43,1.67,10.81,34.89,70.65,129.19,163.66,102.7,88.19,79.94,69.01,40.3,1,1,0,0,0,1,0,0,1,0,1,0,0,0,0,1,1,1,0,0,1,0,1,1
12,682.06,640.725,517.3375,458.2075,402.075,346.675,325.7325,278.4575,208.3475,182.22750000000002,199.8075,257.57,290.03499999999997,322.5575,402.1025,400.1475,356.98,312.2925,337.9025,379.90250000000003,339.785,345.745,302.945,262.83,65.55,54.39,32.29,20.11,20.1,42.51,52.96,65.9,62.85,61.23,25.3,13.26,4.0,4.04,10.11,30.07,32.66,74.91,64.54,42.3,29.85,25.33,25.52,20.1,0,0,0,1,1,0,1,0,1,1,0,0,1,1,1,1,1,1,0,0,1,0,0,1
13,682.06,640.725,517.3375,458.2075,402.075,346.675,325.7325,278.4575,208.3475,182.22750000000002,199.8075,257.57,290.03499999999997,322.5575,402.1025,400.1475,356.98,312.2925,337.9025,379.90250000000003,339.785,345.745,302.945,262.83,65.55,54.39,32.29,20.11,20.1,42.51,52.96,65.9,62.85,61.23,25.3,13.26,4.0,4.04,10.11,30.07,32.66,74.91,64.54,42.3,29.85,25.33,25.52,20.1,1,1,0,1,1,0,0,0,0,0,1,1,1,0,0,0,0,1,0,0,1,1,0,0
14,682.06,640.725,517.3375,458.2075,402.075,346.675,325.7325,278.4575,208.3475,182.22750000000002,199.8075,257.57,290.03499999999997,322.5575,402.1025,400.1475,356.98,312.2925,337.9025,379.90250000000003,339.785,345.745,302.945,262.83,65.55,54.39,32.29,20.11,20.1,42.51,52.96,65.9,62.85,61.23,25.3,13.26,4.0,4.04,10.11,30.07,32.66,74.91,64.54,42.3,29.85,25.33,25.52,20.1,0,1,0,0,0,1,0,1,1,1,0,0,0,0,0,0,1,1,1,0,0,1,1,0
15,682.06,640.725,517.3375,458.2075,402.075,346.675,325.7325,278.4575,208.3475,182.22750000000002,199.8075,257.57,290.03499999999997,322.5575,402.1025,400.1475,356.98,312.2925,337.9025,379.90250000000003,339.785,345.745,302.945,262.83,65.55,54.39,32.29,20.11,20.1,42.51,52.96,65.9,62.85,61.23,25.3,13.26,4.0,4.04,10.11,30.07,32.66,74.91,64.54,42.3,29.85,25.33,25.52,20.1,1,1,0,0,0,1,0,0,1,0,1,0,0,0,0,1,1,1,0,0,1,0,1,1
16,682.06,640.725,517.3375,458.2075,402.075,346.675,325.7325,278.4575,208.3475,182.22750000000002,199.8075,257.57,290.03499999999997,322.5575,402.1025,400.1475,356.98,312.2925,337.9025,379.90250000000003,339.785,345.745,302.945,262.83,4.0,4.0,4.0,4.0,9.8,4.0,16.04,43.93,39.29,12.6,0.34,-0.67,-0.7,-0.78,0.01,3.97,13.23,60.4,60.41,43.5,34.76,33.55,31.31,31.16,0,0,0,1,1,0,1,0,1,1,0,0,1,1,1,1,1,1,0,0,1,0,0,1
17,682.06,640.725,517.3375,458.2075,402.075,346.675,325.7325,278.4575,208.3475,182.22750000000002,199.8075,257.57,290.03499999999997,322.5575,402.1025,400.1475,356.98,312.2925,337.9025,379.90250000000003,339.785,345.745,302.945,262.83,4.0,4.0,4.0,4.0,9.8,4.0,16.04,43.93,39.29,12.6,0.34,-0.67,-0.7,-0.78,0.01,3.97,13.23,60.4,60.41,43.5,34.76,33.55,31.31,31.16,1,1,0,1,1,0,0,0,0,0,1,1,1,0,0,0,0,1,0,0,1,1,0,0
18,682.06,640.725,517.3375,458.2075,402.075,346.675,325.7325,278.4575,208.3475,182.22750000000002,199.8075,257.57,290.03499999999997,322.5575,402.1025,400.1475,356.98,312.2925,337.9025,379.90250000000003,339.785,345.745,302.945,262.83,4.0,4.0,4.0,4.0,9.8,4.0,16.04,43.93,39.29,12.6,0.34,-0.67,-0.7,-0.78,0.01,3.97,13.23,60.4,60.41,43.5,34.76,33.55,31.31,31.16,0,1,0,0,0,1,0,1,1,1,0,0,0,0,0,0,1,1,1,0,0,1,1,0
19,682.06,640.725,517.3375,458.2075,402.075,346.675,325.7325,278.4575,208.3475,182.22750000000002,199.8075,257.57,290.03499999999997,322.5575,402.1025,400.1475,356.98,312.2925,337.9025,379.90250000000003,339.785,345.745,302.945,262.83,4.0,4.0,4.0,4.0,9.8,4.0,16.04,43.93,39.29,12.6,0.34,-0.67,-0.7,-0.78,0.01,3.97,13.23,60.4,60.41,43.5,34.76,33.55,31.31,31.16,1,1,0,0,0,1,0,0,1,0,1,0,0,0,0,1,1,1,0,0,1,0,1,1
20,682.06,640.725,517.3375,458.2075,402.075,346.675,325.7325,278.4575,208.3475,182.22750000000002,199.8075,257.57,290.03499999999997,322.5575,402.1025,400.1475,356.98,312.2925,337.9025,379.90250000000003,339.785,345.745,302.945,262.83,30.3,29.53,35.47,39.26,47.4,65.97,93.16,139.44,108.51,78.7,50.47,4.02,0.08,0.02,13.16,63.61,99.2,129.7,165.36,149.11,125.64,106.63,101.47,91.11,0,0,0,1,1,0,1,0,1,1,0,0,1,1,1,1,1,1,0,0,1,0,0,1
21,682.06,640.725,517.3375,458.2075,402.075,346.675,325.7325,278.4575,208.3475,182.22750000000002,199.8075,257.57,290.03499999999997,322.5575,402.1025,400.1475,356.98,312.2925,337.9025,379.90250000000003,339.785,345.745,302.945,262.83,30.3,29.53,35.47,39.26,47.4,65.97,93.16,139.44,108.51,78.7,50.47,4.02,0.08,0.02,13.16,63.61,99.2,129.7,165.36,149.11,125.64,106.63,101.47,91.11,1,1,0,1,1,0,0,0,0,0,1,1,1,0,0,0,0,1,0,0,1,1,0,0
22,682.06,640.725,517.3375,458.2075,402.075,346.675,325.7325,278.4575,208.3475,182.22750000000002,199.8075,257.57,290.03499999999997,322.5575,402.1025,400.1475,356.98,312.2925,337.9025,379.90250000000003,339.785,345.745,302.945,262.83,30.3,29.53,35.47,39.26,47.4,65.97,93.16,139.44,108.51,78.7,50.47,4.02,0.08,0.02,13.16,63.61,99.2,129.7,165.36,149.11,125.64,106.63,101.47,91.11,0,1,0,0,0,1,0,1,1,1,0,0,0,0,0,0,1,1,1,0,0,1,1,0
23,682.06,640.725,517.3375,458.2075,402.075,346.675,325.7325,278.4575,208.3475,182.22750000000002,199.8075,257.57,290.03499999999997,322.5575,402.1025,400.1475,356.98,312.2925,337.9025,379.90250000000003,339.785,345.745,302.945,262.83,30.3,29.53,35.47,39.26,47.4,65.97,93.16,139.44,108.51,78.7,50.47,4.02,0.08,0.02,13.16,63.61,99.2,129.7,165.36,149.11,125.64,106.63,101.47,91.11,1,1,0,0,0,1,0,0,1,0,1,0,0,0,0,1,1,1,0,0,1,0,1,1
24,682.06,640.725,517.3375,458.2075,402.075,346.675,325.7325,278.4575,208.3475,182.22750000000002,199.8075,257.57,290.03499999999997,322.5575,402.1025,400.1475,356.98,312.2925,337.9025,379.90250000000003,339.785,345.745,302.945,262.83,90.27,90.27,91.38,91.69,98.13,115.16,135.67,147.7,122.23,83.0,65.3,31.51,13.08,8.08,37.05,90.15,126.99,149.92,216.65,178.68,148.7,132.4,119.11,111.83,0,0,0,1,1,0,1,0,1,1,0,0,1,1,1,1,1,1,0,0,1,0,0,1
25,682.06,640.725,517.3375,458.2075,402.075,346.675,325.7325,278.4575,208.3475,182.22750000000002,199.8075,257.57,290.03499999999997,322.5575,402.1025,400.1475,356.98,312.2925,337.9025,379.90250000000003,339.785,345.745,302.945,262.83,90.27,90.27,91.38,91.69,98.13,115.16,135.67,147.7,122.23,83.0,65.3,31.51,13.08,8.08,37.05,90.15,126.99,149.92,216.65,178.68,148.7,132.4,119.11,111.83,1,1,0,1,1,0,0,0,0,0,1,1,1,0,0,0,0,1,0,0,1,1,0,0
26,682.06,640.725,517.3375,458.2075,402.075,346.675,325.7325,278.4575,208.3475,182.22750000000002,199.8075,257.57,290.03499999999997,322.5575,402.1025,400.1475,356.98,312.2925,337.9025,379.90250000000003,339.785,345.745,302.945,262.83,90.27,90.27,91.38,91.69,98.13,115.16,135.67,147.7,122.23,83.0,65.3,31.51,13.08,8.08,37.05,90.15,126.99,149.92,216.65,178.68,148.7,132.4,119.11,111.83,0,1,0,0,0,1,0,1,1,1,0,0,0,0,0,0,1,1,1,0,0,1,1,0
27,682.06,640.725,517.3375,458.2075,402.075,346.675,325.7325,278.4575,208.3475,182.22750000000002,199.8075,257.57,290.03499999999997,322.5575,402.1025,400.1475,356.98,312.2925,337.9025,379.90250000000003,339.785,345.745,302.945,262.83,90.27,90.27,91.38,91.69,98.13,115.16,135.67,147.7,122.23,83.0,65.3,31.51,13.08,8.08,37.05,90.15,126.99,149.92,216.65,178.68,148.7,132.4,119.11,111.83,1,1,0,0,0,1,0,0,1,0,1,0,0,0,0,1,1,1,0,0,1,0,1,1
28,682.06,640.725,517.3375,458.2075,402.075,346.675,325.7325,278.4575,208.3475,182.22750000000002,199.8075,257.57,290.03499999999997,322.5575,402.1025,400.1475,356.98,312.2925,337.9025,379.90250000000003,339.785,345.745,302.945,262.83,124.97,113.94,117.22,116.76,118.42,121.3,127.82,120.6,98.05,72.54,18.05,2.07,-0.33,-0.1,2.76,53.53,100.87,145.58,174.04,140.03,111.21,100.01,99.24,97.9,0,0,0,1,1,0,1,0,1,1,0,0,1,1,1,1,1,1,0,0,1,0,0,1
29,682.06,640.725,517.3375,458.2075,402.075,346.675,325.7325,278.4575,208.3475,182.22750000000002,199.8075,257.57,290.03499999999997,322.5575,402.1025,400.1475,356.98,312.2925,337.9025,379.90250000000003,339.785,345.745,302.945,262.83,124.97,113.94,117.22,116.76,118.42,121.3,127.82,120.6,98.05,72.54,18.05,2.07,-0.33,-0.1,2.76,53.53,100.87,145.58,174.04,140.03,111.21,100.01,99.24,97.9,1,1,0,1,1,0,0,0,0,0,1,1,1,0,0,0,0,1,0,0,1,1,0,0
30,682.06,640.725,517.3375,458.2075,402.075,346.675,325.7325,278.4575,208.3475,182.22750000000002,199.8075,257.57,290.03499999999997,322.5575,402.1025,400.1475,356.98,312.2925,337.9025,379.90250000000003,339.785,345.745,302.945,262.83,124.97,113.94,117.22,116.76,118.42,121.3,127.82,120.6,98.05,72.54,18.05,2.07,-0.33,-0.1,2.76,53.53,100.87,145.58,174.04,140.03,111.21,100.01,99.24,97.9,0,1,0,0,0,1,0,1,1,1,0,0,0,0,0,0,1,1,1,0,0,1,1,0
31,682.06,640.725,517.3375,458.2075,402.075,346.675,325.7325,278.4575,208.3475,182.22750000000002,199.8075,257.57,290.03499999999997,322.5575,402.1025,400.1475,356.98,312.2925,337.9025,379.90250000000003,339.785,345.745,302.945,262.83,124.97,113.94,117.22,116.76,118.42,121.3,127.82,120.6,98.05,72.54,18.05,2.07,-0.33,-0.1,2.76,53.53,100.87,145.58,174.04,140.03,111.21,100.01,99.24,97.9,1,1,0,0,0,1,0,0,1,0,1,0,0,0,0,1,1,1,0,0,1,0,1,1
32,682.06,640.725,517.3375,458.2075,402.075,346.675,325.7325,278.4575,208.3475,182.22750000000002,199.8075,257.57,290.03499999999997,322.5575,402.1025,400.1475,356.98,312.2925,337.9025,379.90250000000003,339.785,345.745,302.945,262.83,95.19,94.81,94.44,96.51,98.67,101.51,100.0,93.0,59.02,24.41,21.32,3.95,1.29,3.95,11.03,28.01,68.99,107.86,134.15,132.71,114.54,107.87,104.56,103.64,0,0,0,1,1,0,1,0,1,1,0,0,1,1,1,1,1,1,0,0,1,0,0,1
33,682.06,640.725,517.3375,458.2075,402.075,346.675,325.7325,278.4575,208.3475,182.22750000000002,199.8075,257.57,290.03499999999997,322.5575,402.1025,400.1475,356.98,312.2925,337.9025,379.90250000000003,339.785,345.745,302.945,262.83,95.19,94.81,94.44,96.51,98.67,101.51,100.0,93.0,59.02,24.41,21.32,3.95,1.29,3.95,11.03,28.01,68.99,107.86,134.15,132.71,114.54,107.87,104.56,103.64,1,1,0,1,1,0,0,0,0,0,1,1,1,0,0,0,0,1,0,0,1,1,0,0
34,682.06,640.725,517.3375,458.2075,402.075,346.675,325.7325,278.4575,208.3475,182.22750000000002,199.8075,257.57,290.03499999999997,322.5575,402.1025,400.1475,356.98,312.2925,337.9025,379.90250000000003,339.785,345.745,302.945,262.83,95.19,94.81,94.44,96.51,98.67,101.51,100.0,93.0,59.02,24.41,21.32,3.95,1.29,3.95,11.03,28.01,68.99,107.86,134.15,132.71,114.54,107.87,104.56,103.64,0,1,0,0,0,1,0,1,1,1,0,0,0,0,0,0,1,1,1,0,0,1,1,0
35,682.06,640.725,517.3375,458.2075,402.075,346.675,325.7325,278.4575,208.3475,182.22750000000002,199.8075,257.57,290.03499999999997,322.5575,402.1025,400.1475,356.98,312.2925,337.9025,379.90250000000003,339.785,345.745,302.945,262.83,95.19,94.81,94.44,96.51,98.67,101.51,100.0,93.0,59.02,24.41,21.32,3.95,1.29,3.95,11.03,28.01,68.99,107.86,134.15,132.71,114.54,107.87,104.56,103.64,1,1,0,0,0,1,0,0,1,0,1,0,0,0,0,1,1,1,0,0,1,0,1,1
36,682.06,640.725,517.3375,458.2075,402.075,346.675,325.7325,278.4575,208.3475,182.22750000000002,199.8075,257.57,290.03499999999997,322.5575,402.1025,400.1475,356.98,312.2925,337.9025,379.90250000000003,339.785,345.745,302.945,262.83,95.84,94.92,96.7,96.86,89.98,101.13,148.63,159.87,134.08,98.92,84.44,77.92,76.06,77.36,83.96,97.54,127.59,148.1,175.06,160.4,142.28,126.68,106.87,97.93,0,0,0,1,1,0,1,0,1,1,0,0,1,1,1,1,1,1,0,0,1,0,0,1
37,682.06,640.725,517.3375,458.2075,402.075,346.675,325.7325,278.4575,208.3475,182.22750000000002,199.8075,257.57,290.03499999999997,322.5575,402.1025,400.1475,356.98,312.2925,337.9025,379.90250000000003,339.785,345.745,302.945,262.83,95.84,94.92,96.7,96.86,89.98,101.13,148.63,159.87,134.08,98.92,84.44,77.92,76.06,77.36,83.96,97.54,127.59,148.1,175.06,160.4,142.28,126.68,106.87,97.93,1,1,0,1,1,0,0,0,0,0,1,1,1,0,0,0,0,1,0,0,1,1,0,0
38,682.06,640.725,517.3375,458.2075,402.075,346.675,325.7325,278.4575,208.3475,182.22750000000002,199.8075,257.57,290.03499999999997,322.5575,402.1025,400.1475,356.98,312.2925,337.9025,379.90250000000003,339.785,345.745,302.945,262.83,95.84,94.92,96.7,96.86,89.98,101.13,148.63,159.87,134.08,98.92,84.44,77.92,76.06,77.36,83.96,97.54,127.59,148.1,175.06,160.4,142.28,126.68,106.87,97.93,0,1,0,0,0,1,0,1,1,1,0,0,0,0,0,0,1,1,1,0,0,1,1,0
39,682.06,640.725,517.3375,458.2075,402.075,346.675,325.7325,278.4575,208.3475,182.22750000000002,199.8075,257.57,290.03499999999997,322.5575,402.1025,400.1475,356.98,312.2925,337.9025,379.90250000000003,339.785,345.745,302.945,262.83,95.84,94.92,96.7,96.86,89.98,101.13,148.63,159.87,134.08,98.92,84.44,77.92,76.06,77.36,83.96,97.54,127.59,148.1,175.06,160.4,142.28,126.68,106.87,97.93,1,1,0,0,0,1,0,0,1,0,1,0,0,0,0,1,1,1,0,0,1,0,1,1
40,682.06,640.725,517.3375,458.2075,402.075,346.675,325.7325,278.4575,208.3475,182.22750000000002,199.8075,257.57,290.03499999999997,322.5575,402.1025,400.1475,356.98,312.2925,337.9025,379.90250000000003,339.785,345.745,302.945,262.83,104.39,101.79,99.72,100.48,102.51,110.88,148.14,153.09,146.54,128.53,102.0,97.48,96.45,98.39,102.35,112.84,132.9,172.03,205.15,181.06,149.49,133.05,121.27,107.36,0,0,0,1,1,0,1,0,1,1,0,0,1,1,1,1,1,1,0,0,1,0,0,1
41,682.06,640.725,517.3375,458.2075,402.075,346.675,325.7325,278.4575,208.3475,182.22750000000002,199.8075,257.57,290.03499999999997,322.5575,402.1025,400.1475,356.98,312.2925,337.9025,379.90250000000003,339.785,345.745,302.945,262.83,104.39,101.79,99.72,100.48,102.51,110.88,148.14,153.09,146.54,128.53,102.0,97.48,96.45,98.39,102.35,112.84,132.9,172.03,205.15,181.06,149.49,133.05,121.27,107.36,1,1,0,1,1,0,0,0,0,0,1,1,1,0,0,0,0,1,0,0,1,1,0,0
42,682.06,640.725,517.3375,458.2075,402.075,346.675,325.7325,278.4575,208.3475,182.22750000000002,199.8075,257.57,290.03499999999997,322.5575,402.1025,400.1475,356.98,312.2925,337.9025,379.90250000000003,339.785,345.745,302.945,262.83,104.39,101.79,99.72,100.48,102.51,110.88,148.14,153.09,146.54,128.53,102.0,97.48,96.45,98.39,102.35,112.84,132.9,172.03,205.15,181.06,149.49,133.05,121.27,107.36,0,1,0,0,0,1,0,1,1,1,0,0,0,0,0,0,1,1,1,0,0,1,1,0
43,682.06,640.725,517.3375,458.2075,402.075,346.675,325.7325,278.4575,208.3475,182.22750000000002,199.8075,257.57,290.03499999999997,322.5575,402.1025,400.1475,356.98,312.2925,337.9025,379.90250000000003,339.785,345.745,302.945,262.83,104.39,101.79,99.72,100.48,102.51,110.88,148.14,153.09,146.54,128.53,102.0,97.48,96.45,98.39,102.35,112.84,132.9,172.03,205.15,181.06,149.49,133.05,121.27,107.36,1,1,0,0,0,1,0,0,1,0,1,0,0,0,0,1,1,1,0,0,1,0,1,1
44,682.06,640.725,517.3375,458.2075,402.075,346.675,325.7325,278.4575,208.3475,182.22750000000002,199.8075,257.57,290.03499999999997,322.5575,402.1025,400.1475,356.98,312.2925,337.9025,379.90250000000003,339.785,345.745,302.945,262.83,101.74,100.11,97.82,97.43,101.85,110.37,144.57,161.75,148.49,125.02,102.64,99.73,98.11,99.95,101.69,117.81,140.35,159.04,199.9,179.58,148.09,132.26,120.02,109.91,0,0,0,1,1,0,1,0,1,1,0,0,1,1,1,1,1,1,0,0,1,0,0,1
45,682.06,640.725,517.3375,458.2075,402.075,346.675,325.7325,278.4575,208.3475,182.22750000000002,199.8075,257.57,290.03499999999997,322.5575,402.1025,400.1475,356.98,312.2925,337.9025,379.90250000000003,339.785,345.745,302.945,262.83,101.74,100.11,97.82,97.43,101.85,110.37,144.57,161.75,148.49,125.02,102.64,99.73,98.11,99.95,101.69,117.81,140.35,159.04,199.9,179.58,148.09,132.26,120.02,109.91,1,1,0,1,1,0,0,0,0,0,1,1,1,0,0,0,0,1,0,0,1,1,0,0
46,682.06,640.725,517.3375,458.2075,402.075,346.675,325.7325,278.4575,208.3475,182.22750000000002,199.8075,257.57,290.03499999999997,322.5575,402.1025,400.1475,356.98,312.2925,337.9025,379.90250000000003,339.785,345.745,302.945,262.83,101.74,100.11,97.82,97.43,101.85,110.37,144.57,161.75,148.49,125.02,102.64,99.73,98.11,99.95,101.69,117.81,140.35,159.04,199.9,179.58,148.09,132.26,120.02,109.91,0,1,0,0,0,1,0,1,1,1,0,0,0,0,0,0,1,1,1,0,0,1,1,0
47,682.06,640.725,517.3375,458.2075,402.075,346.675,325.7325,278.4575,208.3475,182.22750000000002,199.8075,257.57,290.03499999999997,322.5575,402.1025,400.1475,356.98,312.2925,337.9025,379.90250000000003,339.785,345.745,302.945,262.83,101.74,100.11,97.82,97.43,101.85,110.37,144.57,161.75,148.49,125.02,102.64,99.73,98.11,99.95,101.69,117.81,140.35,159.04,199.9,179.58,148.09,132.26,120.02,109.91,1,1,0,0,0,1,0,0,1,0,1,0,0,0,0,1,1,1,0,0,1,0,1,1
48,682.06,640.725,517.3375,458.2075,402.075,346.675,325.7325,278.4575,208.3475,182.22750000000002,199.8075,257.57,290.03499999999997,322.5575,402.1025,400.1475,356.98,312.2925,337.9025,379.90250000000003,339.785,345.745,302.945,262.83,108.49,102.22,98.96,96.69,98.33,105.87,132.7,160.74,160.99,154.8,123.84,110.75,110.08,108.28,107.6,110.02,121.56,142.95,166.09,173.42,148.99,135.69,123.41,111.53,0,0,0,1,1,0,1,0,1,1,0,0,1,1,1,1,1,1,0,0,1,0,0,1
49,682.06,640.725,517.3375,458.2075,402.075,346.675,325.7325,278.4575,208.3475,182.22750000000002,199.8075,257.57,290.03499999999997,322.5575,402.1025,400.1475,356.98,312.2925,337.9025,379.90250000000003,339.785,345.745,302.945,262.83,108.49,102.22,98.96,96.69,98.33,105.87,132.7,160.74,160.99,154.8,123.84,110.75,110.08,108.28,107.6,110.02,121.56,142.95,166.09,173.42,148.99,135.69,123.41,111.53,1,1,0,1,1,0,0,0,0,0,1,1,1,0,0,0,0,1,0,0,1,1,0,0
50,682.06,640.725,517.3375,458.2075,402.075,346.675,325.7325,278.4575,208.3475,182.22750000000002,199.8075,257.57,290.03499999999997,322.5575,402.1025,400.1475,356.98,312.2925,337.9025,379.90250000000003,339.785,345.745,302.945,262.83,108.49,102.22,98.96,96.69,98.33,105.87,132.7,160.74,160.99,154.8,123.84,110.75,110.08,108.28,107.6,110.02,121.56,142.95,166.09,173.42,148.99,135.69,123.41,111.53,0,1,0,0,0,1,0,1,1,1,0,0,0,0,0,0,1,1,1,0,0,1,1,0
51,682.06,640.725,517.3375,458.2075,402.075,346.675,325.7325,278.4575,208.3475,182.22750000000002,199.8075,257.57,290.03499999999997,322.5575,402.1025,400.1475,356.98,312.2925,337.9025,379.90250000000003,339.785,345.745,302.945,262.83,108.49,102.22,98.96,96.69,98.33,105.87,132.7,160.74,160.99,154.8,123.84,110.75,110.08,108.28,107.6,110.02,121.56,142.95,166.09,173.42,148.99,135.69,123.41,111.53,1,1,0,0,0,1,0,0,1,0,1,0,0,0,0,1,1,1,0,0,1,0,1,1
52,682.06,640.725,517.3375,458.2075,402.075,346.675,325.7325,278.4575,208.3475,182.22750000000002,199.8075,257.57,290.03499999999997,322.5575,402.1025,400.1475,356.98,312.2925,337.9025,379.90250000000003,339.785,345.745,302.945,262.83,109.19,106.08,105.97,103.89,105.37,114.08,143.05,155.29,155.08,132.11,112.01,106.37,104.49,104.58,105.38,109.42,124.93,146.56,155.47,151.02,130.1,111.46,114.0,105.15,0,0,0,1,1,0,1,0,1,1,0,0,1,1,1,1,1,1,0,0,1,0,0,1
53,682.06,640.725,517.3375,458.2075,402.075,346.675,325.7325,278.4575,208.3475,182.22750000000002,199.8075,257.57,290.03499999999997,322.5575,402.1025,400.1475,356.98,312.2925,337.9025,379.90250000000003,339.785,345.745,302.945,262.83,109.19,106.08,105.97,103.89,105.37,114.08,143.05,155.29,155.08,132.11,112.01,106.37,104.49,104.58,105.38,109.42,124.93,146.56,155.47,151.02,130.1,111.46,114.0,105.15,1,1,0,1,1,0,0,0,0,0,1,1,1,0,0,0,0,1,0,0,1,1,0,0
54,682.06,640.725,517.3375,458.2075,402.075,346.675,325.7325,278.4575,208.3475,182.22750000000002,199.8075,257.57,290.03499999999997,322.5575,402.1025,400.1475,356.98,312.2925,337.9025,379.90250000000003,339.785,345.745,302.945,262.83,109.19,106.08,105.97,103.89,105.37,114.08,143.05,155.29,155.08,132.11,112.01,106.37,104.49,104.58,105.38,109.42,124.93,146.56,155.47,151.02,130.1,111.46,114.0,105.15,0,1,0,0,0,1,0,1,1,1,0,0,0,0,0,0,1,1,1,0,0,1,1,0
55,682.06,640.725,517.3375,458.2075,402.075,346.675,325.7325,278.4575,208.3475,182.22750000000002,199.8075,257.57,290.03499999999997,322.5575,402.1025,400.1475,356.98,312.2925,337.9025,379.90250000000003,339.785,345.745,302.945,262.83,109.19,106.08,105.97,103.89,105.37,114.08,143.05,155.29,155.08,132.11,112.01,106.37,104.49,104.58,105.38,109.42,124.93,146.56,155.47,151.02,130.1,111.46,114.0,105.15,1,1,0,0,0,1,0,0,1,0,1,0,0,0,0,1,1,1,0,0,1,0,1,1
56,682.06,640.725,517.3375,458.2075,402.075,346.675,325.7325,278.4575,208.3475,182.22750000000002,199.8075,257.57,290.03499999999997,322.5575,402.1025,400.1475,356.98,312.2925,337.9025,379.90250000000003,339.785,345.745,302.945,262.83,112.16,103.15,96.0,89.89,86.89,90.55,97.0,99.38,98.73,86.36,72.35,67.12,57.28,47.96,54.46,70.76,84.2,121.87,130.26,132.91,121.41,108.46,104.98,95.21,0,0,0,1,1,0,1,0,1,1,0,0,1,1,1,1,1,1,0,0,1,0,0,1
57,682.06,640.725,517.3375,458.2075,402.075,346.675,325.7325,278.4575,208.3475,182.22750000000002,199.8075,257.57,290.03499999999997,322.5575,402.1025,400.1475,356.98,312.2925,337.9025,379.90250000000003,339.785,345.745,302.945,262.83,112.16,103.15,96.0,89.89,86.89,90.55,97.0,99.38,98.73,86.36,72.35,67.12,57.28,47.96,54.46,70.76,84.2,121.87,130.26,132.91,121.41,108.46,104.98,95.21,1,1,0,1,1,0,0,0,0,0,1,1,1,0,0,0,0,1,0,0,1,1,0,0
58,682.06,640.725,517.3375,458.2075,402.075,346.675,325.7325,278.4575,208.3475,182.22750000000002,199.8075,257.57,290.03499999999997,322.5575,402.1025,400.1475,356.98,312.2925,337.9025,379.90250000000003,339.785,345.745,302.945,262.83,112.16,103.15,96.0,89.89,86.89,90.55,97.0,99.38,98.73,86.36,72.35,67.12,57.28,47.96,54.46,70.76,84.2,121.87,130.26,132.91,121.41,108.46,104.98,95.21,0,1,0,0,0,1,0,1,1,1,0,0,0,0,0,0,1,1,1,0,0,1,1,0
59,682.06,640.725,517.3375,458.2075,402.075,346.675,325.7325,278.4575,208.3475,182.22750000000002,199.8075,257.57,290.03499999999997,322.5575,402.1025,400.1475,356.98,312.2925,337.9025,379.90250000000003,339.785,345.745,302.945,262.83,112.16,103.15,96.0,89.89,86.89,90.55,97.0,99.38,98.73,86.36,72.35,67.12,57.28,47.96,54.46,70.76,84.2,121.87,130.26,132.91,121.41,108.46,104.98,95.21,1,1,0,0,0,1,0,0,1,0,1,0,0,0,0,1,1,1,0,0,1,0,1,1
60,682.06,640.725,517.3375,458.2075,402.075,346.675,325.7325,278.4575,208.3475,182.22750000000002,199.8075,257.57,290.03499999999997,322.5575,402.1025,400.1475,356.98,312.2925,337.9025,379.90250000000003,339.785,345.745,302.945,262.83,89.97,85.75,79.57,78.15,78.55,29.41,30.14,30.7,30.5,28.73,24.06,2.9,1.01,0.19,2.67,30.81,59.97,94.68,83.61,45.54,31.49,31.1,30.69,30.44,0,0,0,1,1,0,1,0,1,1,0,0,1,1,1,1,1,1,0,0,1,0,0,1
61,682.06,640.725,517.3375,458.2075,402.075,346.675,325.7325,278.4575,208.3475,182.22750000000002,199.8075,257.57,290.03499999999997,322.5575,402.1025,400.1475,356.98,312.2925,337.9025,379.90250000000003,339.785,345.745,302.945,262.83,89.97,85.75,79.57,78.15,78.55,29.41,30.14,30.7,30.5,28.73,24.06,2.9,1.01,0.19,2.67,30.81,59.97,94.68,83.61,45.54,31.49,31.1,30.69,30.44,1,1,0,1,1,0,0,0,0,0,1,1,1,0,0,0,0,1,0,0,1,1,0,0
62,682.06,640.725,517.3375,458.2075,402.075,346.675,325.7325,278.4575,208.3475,182.22750000000002,199.8075,257.57,290.03499999999997,322.5575,402.1025,400.1475,356.98,312.2925,337.9025,379.90250000000003,339.785,345.745,302.945,262.83,89.97,85.75,79.57,78.15,78.55,29.41,30.14,30.7,30.5,28.73,24.06,2.9,1.01,0.19,2.67,30.81,59.97,94.68,83.61,45.54,31.49,31.1,30.69,30.44,0,1,0,0,0,1,0,1,1,1,0,0,0,0,0,0,1,1,1,0,0,1,1,0
63,682.06,640.725,517.3375,458.2075,402.075,346.675,325.7325,278.4575,208.3475,182.22750000000002,199.8075,257.57,290.03499999999997,322.5575,402.1025,400.1475,356.98,312.2925,337.9025,379.90250000000003,339.785,345.745,302.945,262.83,89.97,85.75,79.57,78.15,78.55,29.41,30.14,30.7,30.5,28.73,24.06,2.9,1.01,0.19,2.67,30.81,59.97,94.68,83.61,45.54,31.49,31.1,30.69,30.44,1,1,0,0,0,1,0,0,1,0,1,0,0,0,0,1,1,1,0,0,1,0,1,1
64,682.06,640.725,517.3375,458.2075,402.075,346.675,325.7325,278.4575,208.3475,182.22750000000002,199.8075,257.57,290.03499999999997,322.5575,402.1025,400.1475,356.98,312.2925,337.9025,379.90250000000003,339.785,345.745,302.945,262.83,30.66,40.11,77.6,80.9,85.84,103.33,135.26,152.96,135.32,100.77,68.2,50.53,31.14,27.92,50.12,70.02,98.59,143.14,177.42,170.09,141.58,113.55,106.46,93.49,0,0,0,1,1,0,1,0,1,1,0,0,1,1,1,1,1,1,0,0,1,0,0,1
65,682.06,640.725,517.3375,458.2075,402.075,346.675,325.7325,278.4575,208.3475,182.22750000000002,199.8075,257.57,290.03499999999997,322.5575,402.1025,400.1475,356.98,312.2925,337.9025,379.90250000000003,339.785,345.745,302.945,262.83,30.66,40.11,77.6,80.9,85.84,103.33,135.26,152.96,135.32,100.77,68.2,50.53,31.14,27.92,50.12,70.02,98.59,143.14,177.42,170.09,141.58,113.55,106.46,93.49,1,1,0,1,1,0,0,0,0,0,1,1,1,0,0,0,0,1,0,0,1,1,0,0
66,682.06,640.725,517.3375,458.2075,402.075,346.675,325.7325,278.4575,208.3475,182.22750000000002,199.8075,257.57,290.03499999999997,322.5575,402.1025,400.1475,356.98,312.2925,337.9025,379.90250000000003,339.785,345.745,302.945,262.83,30.66,40.11,77.6,80.9,85.84,103.33,135.26,152.96,135.32,100.77,68.2,50.53,31.14,27.92,50.12,70.02,98.59,143.14,177.42,170.09,141.58,113.55,106.46,93.49,0,1,0,0,0,1,0,1,1,1,0,0,0,0,0,0,1,1,1,0,0,1,1,0
67,682.06,640.725,517.3375,458.2075,402.075,346.675,325.7325,278.4575,208.3475,182.22750000000002,199.8075,257.57,290.03499999999997,322.5575,402.1025,400.1475,356.98,312.2925,337.9025,379.90250000000003,339.785,345.745,302.945,262.83,30.66,40.11,77.6,80.9,85.84,103.33,135.26,152.96,135.32,100.77,68.2,50.53,31.14,27.92,50.12,70.02,98.59,143.14,177.42,170.09,141.58,113.55,106.46,93.49,1,1,0,0,0,1,0,0,1,0,1,0,0,0,0,1,1,1,0,0,1,0,1,1
68,682.06,640.725,517.3375,458.2075,402.075,346.675,325.7325,278.4575,208.3475,182.22750000000002,199.8075,257.57,290.03499999999997,322.5575,402.1025,400.1475,356.98,312.2925,337.9025,379.90250000000003,339.785,345.745,302.945,262.83,92.18,89.96,89.71,67.1,69.44,102.28,128.02,136.73,106.56,68.46,27.24,1.79,-0.2,-0.28,17.36,38.6,96.03,141.1,171.17,167.77,142.51,117.77,107.46,100.5,0,0,0,1,1,0,1,0,1,1,0,0,1,1,1,1,1,1,0,0,1,0,0,1
69,682.06,640.725,517.3375,458.2075,402.075,346.675,325.7325,278.4575,208.3475,182.22750000000002,199.8075,257.57,290.03499999999997,322.5575,402.1025,400.1475,356.98,312.2925,337.9025,379.90250000000003,339.785,345.745,302.945,262.83,92.18,89.96,89.71,67.1,69.44,102.28,128.02,136.73,106.56,68.46,27.24,1.79,-0.2,-0.28,17.36,38.6,96.03,141.1,171.17,167.77,142.51,117.77,107.46,100.5,1,1,0,1,1,0,0,0,0,0,1,1,1,0,0,0,0,1,0,0,1,1,0,0
70,682.06,640.725,517.3375,458.2075,402.075,346.675,325.7325,278.4575,208.3475,182.22750000000002,199.8075,257.57,290.03499999999997,322.5575,402.1025,400.1475,356.98,312.2925,337.9025,379.90250000000003,339.785,345.745,302.945,262.83,92.18,89.96,89.71,67.1,69.44,102.28,128.02,136.73,106.56,68.46,27.24,1.79,-0.2,-0.28,17.36,38.6,96.03,141.1,171.17,167.77,142.51,117.77,107.46,100.5,0,1,0,0,0,1,0,1,1,1,0,0,0,0,0,0,1,1,1,0,0,1,1,0
71,682.06,640.725,517.3375,458.2075,402.075,346.675,325.7325,278.4575,208.3475,182.22750000000002,199.8075,257.57,290.03499999999997,322.5575,402.1025,400.1475,356.98,312.2925,337.9025,379.90250000000003,339.785,345.745,302.945,262.83,92.18,89.96,89.71,67.1,69.44,102.28,128.02,136.73,106.56,68.46,27.24,1.79,-0.2,-0.28,17.36,38.6,96.03,141.1,171.17,167.77,142.51,117.77,107.46,100.5,1,1,0,0,0,1,0,0,1,0,1,0,0,0,0,1,1,1,0,0,1,0,1,1
72,682.06,640.725,517.3375,458.2075,402.075,346.675,325.7325,278.4575,208.3475,182.22750000000002,199.8075,257.57,290.03499999999997,322.5575,402.1025,400.1475,356.98,312.2925,337.9025,379.90250000000003,339.785,345.745,302.945,262.83,204.12,101.46,97.67,98.58,101.74,110.71,153.27,140.98,99.91,76.08,38.9,6.7,3.13,3.41,30.98,62.63,120.26,154.93,279.34,251.99,163.48,136.61,124.83,117.5,0,0,0,1,1,0,1,0,1,1,0,0,1,1,1,1,1,1,0,0,1,0,0,1
73,682.06,640.725,517.3375,458.2075,402.075,346.675,325.7325,278.4575,208.3475,182.22750000000002,199.8075,257.57,290.03499999999997,322.5575,402.1025,400.1475,356.98,312.2925,337.9025,379.90250000000003,339.785,345.745,302.945,262.83,204.12,101.46,97.67,98.58,101.74,110.71,153.27,140.98,99.91,76.08,38.9,6.7,3.13,3.41,30.98,62.63,120.26,154.93,279.34,251.99,163.48,136.61,124.83,117.5,1,1,0,1,1,0,0,0,0,0,1,1,1,0,0,0,0,1,0,0,1,1,0,0
74,682.06,640.725,517.3375,458.2075,402.075,346.675,325.7325,278.4575,208.3475,182.22750000000002,199.8075,257.57,290.03499999999997,322.5575,402.1025,400.1475,356.98,312.2925,337.9025,379.90250000000003,339.785,345.745,302.945,262.83,204.12,101.46,97.67,98.58,101.74,110.71,153.27,140.98,99.91,76.08,38.9,6.7,3.13,3.41,30.98,62.63,120.26,154.93,279.34,251.99,163.48,136.61,124.83,117.5,0,1,0,0,0,1,0,1,1,1,0,0,0,0,0,0,1,1,1,0,0,1,1,0
75,682.06,640.725,517.3375,458.2075,402.075,346.675,325.7325,278.4575,208.3475,182.22750000000002,199.8075,257.57,290.03499999999997,322.5575,402.1025,400.1475,356.98,312.2925,337.9025,379.90250000000003,339.785,345.745,302.945,262.83,204.12,101.46,97.67,98.58,101.74,110.71,153.27,140.98,99.91,76.08,38.9,6.7,3.13,3.41,30.98,62.63,120.26,154.93,279.34,251.99,163.48,136.61,124.83,117.5,1,1,0,0,0,1,0,0,1,0,1,0,0,0,0,1,1,1,0,0,1,0,1,1
76,682.06,640.725,517.3375,458.2075,402.075,346.675,325.7325,278.4575,208.3475,182.22750000000002,199.8075,257.57,290.03499999999997,322.5575,402.1025,400.1475,356.98,312.2925,337.9025,379.90250000000003,339.785,345.745,302.945,262.83,107.45,102.55,101.34,102.15,106.74,122.73,158.29,147.93,108.19,73.39,28.86,3.96,-0.56,-0.16,27.42,40.28,109.8,147.64,248.27,220.53,176.9,138.38,124.58,111.27,0,0,0,1,1,0,1,0,1,1,0,0,1,1,1,1,1,1,0,0,1,0,0,1
77,682.06,640.725,517.3375,458.2075,402.075,346.675,325.7325,278.4575,208.3475,182.22750000000002,199.8075,257.57,290.03499999999997,322.5575,402.1025,400.1475,356.98,312.2925,337.9025,379.90250000000003,339.785,345.745,302.945,262.83,107.45,102.55,101.34,102.15,106.74,122.73,158.29,147.93,108.19,73.39,28.86,3.96,-0.56,-0.16,27.42,40.28,109.8,147.64,248.27,220.53,176.9,138.38,124.58,111.27,1,1,0,1,1,0,0,0,0,0,1,1,1,0,0,0,0,1,0,0,1,1,0,0
78,682.06,640.725,517.3375,458.2075,402.075,346.675,325.7325,278.4575,208.3475,182.22750000000002,199.8075,257.57,290.03499999999997,322.5575,402.1025,400.1475,356.98,312.2925,337.9025,379.90250000000003,339.785,345.745,302.945,262.83,107.45,102.55,101.34,102.15,106.74,122.73,158.29,147.93,108.19,73.39,28.86,3.96,-0.56,-0.16,27.42,40.28,109.8,147.64,248.27,220.53,176.9,138.38,124.58,111.27,0,1,0,0,0,1,0,1,1,1,0,0,0,0,0,0,1,1,1,0,0,1,1,0
79,682.06,640.725,517.3375,458.2075,402.075,346.675,325.7325,278.4575,208.3475,182.22750000000002,199.8075,257.57,290.03499999999997,322.5575,402.1025,400.1475,356.98,312.2925,337.9025,379.90250000000003,339.785,345.745,302.945,262.83,107.45,102.55,101.34,102.15,106.74,122.73,158.29,147.93,108.19,73.39,28.86,3.96,-0.56,-0.16,27.42,40.28,109.8,147.64,248.27,220.53,176.9,138.38,124.58,111.27,1,1,0,0,0,1,0,0,1,0,1,0,0,0,0,1,1,1,0,0,1,0,1,1
80,201.825,269.0425,303.365,312.4375,290.5,291.725,317.835,358.59,263.75,134.7925,53.8425,40.4,56.7425,51.025,50.775000000000006,85.75,98.1625,119.795,223.89249999999998,329.755,342.9525,395.4375,463.27250000000004,389.7175,128.2,120.38,117.09,112.15,109.75,111.89,117.11,135.81,138.82,137.77,125.08,112.1,102.21,97.27,99.39,97.8,125.41,145.0,158.55,150.78,133.41,125.42,122.03,119.92,0,0,0,1,1,0,1,0,1,1,0,0,1,1,1,1,1,1,0,0,1,0,0,1
81,201.825,269.0425,303.365,312.4375,290.5,291.725,317.835,358.59,263.75,134.7925,53.8425,40.4,56.7425,51.025,50.775000000000006,85.75,98.1625,119.795,223.89249999999998,329.755,342.9525,395.4375,463.27250000000004,389.7175,128.2,120.38,117.09,112.15,109.75,111.89,117.11,135.81,138.82,137.77,125.08,112.1,102.21,97.27,99.39,97.8,125.41,145.0,158.55,150.78,133.41,125.42,122.03,119.92,1,1,0,1,1,0,0,0,0,0,1,1,1,0,0,0,0,1,0,0,1,1,0,0
82,201.825,269.0425,303.365,312.4375,290.5,291.725,317.835,358.59,263.75,134.7925,53.8425,40.4,56.7425,51.025,50.775000000000006,85.75,98.1625,119.795,223.89249999999998,329.755,342.9525,395.4375,463.27250000000004,389.7175,128.2,120.38,117.09,112.15,109.75,111.89,117.11,135.81,138.82,137.77,125.08,112.1,102.21,97.27,99.39,97.8,125.41,145.0,158.55,150.78,133.41,125.42,122.03,119.92,0,1,0,0,0,1,0,1,1,1,0,0,0,0,0,0,1,1,1,0,0,1,1,0
83,201.825,269.0425,303.365,312.4375,290.5,291.725,317.835,358.59,263.75,134.7925,53.8425,40.4,56.7425,51.025,50.775000000000006,85.75,98.1625,119.795,223.89249999999998,329.755,342.9525,395.4375,463.27250000000004,389.7175,128.2,120.38,117.09,112.15,109.75,111.89,117.11,135.81,138.82,137.77,125.08,112.1,102.21,97.27,99.39,97.8,125.41,145.0,158.55,150.78,133.41,125.42,122.03,119.92,1,1,0,0,0,1,0,0,1,0,1,0,0,0,0,1,1,1,0,0,1,0,1,1
84,201.825,269.0425,303.365,312.4375,290.5,291.725,317.835,358.59,263.75,134.7925,53.8425,40.4,56.7425,51.025,50.775000000000006,85.75,98.1625,119.795,223.89249999999998,329.755,342.9525,395.4375,463.27250000000004,389.7175,102.61,57.86,30.22,21.37,19.06,19.05,43.56,90.69,103.11,89.0,33.71,11.22,7.4,3.14,2.85,19.0,54.16,99.69,136.58,117.23,80.9,61.1,35.12,25.41,0,0,0,1,1,0,1,0,1,1,0,0,1,1,1,1,1,1,0,0,1,0,0,1
85,201.825,269.0425,303.365,312.4375,290.5,291.725,317.835,358.59,263.75,134.7925,53.8425,40.4,56.7425,51.025,50.775000000000006,85.75,98.1625,119.795,223.89249999999998,329.755,342.9525,395.4375,463.27250000000004,389.7175,102.61,57.86,30.22,21.37,19.06,19.05,43.56,90.69,103.11,89.0,33.71,11.22,7.4,3.14,2.85,19.0,54.16,99.69,136.58,117.23,80.9,61.1,35.12,25.41,1,1,0,1,1,0,0,0,0,0,1,1,1,0,0,0,0,1,0,0,1,1,0,0
86,201.825,269.0425,303.365,312.4375,290.5,291.725,317.835,358.59,263.75,134.7925,53.8425,40.4,56.7425,51.025,50.775000000000006,85.75,98.1625,119.795,223.89249999999998,329.755,342.9525,395.4375,463.27250000000004,389.7175,102.61,57.86,30.22,21.37,19.06,19.05,43.56,90.69,103.11,89.0,33.71,11.22,7.4,3.14,2.85,19.0,54.16,99.69,136.58,117.23,80.9,61.1,35.12,25.41,0,1,0,0,0,1,0,1,1,1,0,0,0,0,0,0,1,1,1,0,0,1,1,0
87,201.825,269.0425,303.365,312.4375,290.5,291.725,317.835,358.59,263.75,134.7925,53.8425,40.4,56.7425,51.025,50.775000000000006,85.75,98.1625,119.795,223.89249999999998,329.755,342.9525,395.4375,463.27250000000004,389.7175,102.61,57.86,30.22,21.37,19.06,19.05,43.56,90.69,103.11,89.0,33.71,11.22,7.4,3.14,2.85,19.0,54.16,99.69,136.58,117.23,80.9,61.1,35.12,25.41,1,1,0,0,0,1,0,0,1,0,1,0,0,0,0,1,1,1,0,0,1,0,1,1
88,201.825,269.0425,303.365,312.4375,290.5,291.725,317.835,358.59,263.75,134.7925,53.8425,40.4,56.7425,51.025,50.775000000000006,85.75,98.1625,119.795,223.89249999999998,329.755,342.9525,395.4375,463.27250000000004,389.7175,28.31,27.04,25.8,20.11,14.94,20.11,41.81,58.7,70.1,44.59,20.1,4.29,2.43,1.67,10.81,34.89,70.65,129.19,163.66,102.7,88.19,79.94,69.01,40.3,0,0,0,1,1,0,1,0,1,1,0,0,1,1,1,1,1,1,0,0,1,0,0,1
89,201.825,269.0425,303.365,312.4375,290.5,291.725,317.835,358.59,263.75,134.7925,53.8425,40.4,56.7425,51.025,50.775000000000006,85.75,98.1625,119.795,223.89249999999998,329.755,342.9525,395.4375,463.27250000000004,389.7175,28.31,27.04,25.8,20.11,14.94,20.11,41.81,58.7,70.1,44.59,20.1,4.29,2.43,1.67,10.81,34.89,70.65,129.19,163.66,102.7,88.19,79.94,69.01,40.3,1,1,0,1,1,0,0,0,0,0,1,1,1,0,0,0,0,1,0,0,1,1,0,0
90,201.825,269.0425,303.365,312.4375,290.5,291.725,317.835,358.59,263.75,134.7925,53.8425,40.4,56.7425,51.025,50.775000000000006,85.75,98.1625,119.795,223.89249999999998,329.755,342.9525,395.4375,463.27250000000004,389.7175,28.31,27.04,25.8,20.11,14.94,20.11,41.81,58.7,70.1,44.59,20.1,4.29,2.43,1.67,10.81,34.89,70.65,129.19,163.66,102.7,88.19,79.94,69.01,40.3,0,1,0,0,0,1,0,1,1,1,0,0,0,0,0,0,1,1,1,0,0,1,1,0
91,201.825,269.0425,303.365,312.4375,290.5,291.725,317.835,358.59,263.75,134.7925,53.8425,40.4,56.7425,51.025,50.775000000000006,85.75,98.1625,119.795,223.89249999999998,329.755,342.9525,395.4375,463.27250000000004,389.7175,28.31,27.04,25.8,20.11,14.94,20.11,41.81,58.7,70.1,44.59,20.1,4.29,2.43,1.67,10.81,34.89,70.65,129.19,163.66,102.7,88.19,79.94,69.01,40.3,1,1,0,0,0,1,0,0,1,0,1,0,0,0,0,1,1,1,0,0,1,0,1,1
92,201.825,269.0425,303.365,312.4375,290.5,291.725,317.835,358.59,263.75,134.7925,53.8425,40.4,56.7425,51.025,50.775000000000006,85.75,98.1625,119.795,223.89249999999998,329.755,342.9525,395.4375,463.27250000000004,389.7175,65.55,54.39,32.29,20.11,20.1,42.51,52.96,65.9,62.85,61.23,25.3,13.26,4.0,4.04,10.11,30.07,32.66,74.91,64.54,42.3,29.85,25.33,25.52,20.1,0,0,0,1,1,0,1,0,1,1,0,0,1,1,1,1,1,1,0,0,1,0,0,1
93,201.825,269.0425,303.365,312.4375,290.5,291.725,317.835,358.59,263.75,134.7925,53.8425,40.4,56.7425,51.025,50.775000000000006,85.75,98.1625,119.795,223.89249999999998,329.755,342.9525,395.4375,463.27250000000004,389.7175,65.55,54.39,32.29,20.11,20.1,42.51,52.96,65.9,62.85,61.23,25.3,13.26,4.0,4.04,10.11,30.07,32.66,74.91,64.54,42.3,29.85,25.33,25.52,20.1,1,1,0,1,1,0,0,0,0,0,1,1,1,0,0,0,0,1,0,0,1,1,0,0
94,201.825,269.0425,303.365,312.4375,290.5,291.725,317.835,358.59,263.75,134.7925,53.8425,40.4,56.7425,51.025,50.775000000000006,85.75,98.1625,119.795,223.89249999999998,329.755,342.9525,395.4375,463.27250000000004,389.7175,65.55,54.39,32.29,20.11,20.1,42.51,52.96,65.9,62.85,61.23,25.3,13.26,4.0,4.04,10.11,30.07,32.66,74.91,64.54,42.3,29.85,25.33,25.52,20.1,0,1,0,0,0,1,0,1,1,1,0,0,0,0,0,0,1,1,1,0,0,1,1,0
95,201.825,269.0425,303.365,312.4375,290.5,291.725,317.835,358.59,263.75,134.7925,53.8425,40.4,56.7425,51.025,50.775000000000006,85.75,98.1625,119.795,223.89249999999998,329.755,342.9525,395.4375,463.27250000000004,389.7175,65.55,54.39,32.29,20.11,20.1,42.51,52.96,65.9,62.85,61.23,25.3,13.26,4.0,4.04,10.11,30.07,32.66,74.91,64.54,42.3,29.85,25.33,25.52,20.1,1,1,0,0,0,1,0,0,1,0,1,0,0,0,0,1,1,1,0,0,1,0,1,1
96,201.825,269.0425,303.365,312.4375,290.5,291.725,317.835,358.59,263.75,134.7925,53.8425,40.4,56.7425,51.025,50.775000000000006,85.75,98.1625,119.795,223.89249999999998,329.755,342.9525,395.4375,463.27250000000004,389.7175,4.0,4.0,4.0,4.0,9.8,4.0,16.04,43.93,39.29,12.6,0.34,-0.67,-0.7,-0.78,0.01,3.97,13.23,60.4,60.41,43.5,34.76,33.55,31.31,31.16,0,0,0,1,1,0,1,0,1,1,0,0,1,1,1,1,1,1,0,0,1,0,0,1
97,201.825,269.0425,303.365,312.4375,290.5,291.725,317.835,358.59,263.75,134.7925,53.8425,40.4,56.7425,51.025,50.775000000000006,85.75,98.1625,119.795,223.89249999999998,329.755,342.9525,395.4375,463.27250000000004,389.7175,4.0,4.0,4.0,4.0,9.8,4.0,16.04,43.93,39.29,12.6,0.34,-0.67,-0.7,-0.78,0.01,3.97,13.23,60.4,60.41,43.5,34.76,33.55,31.31,31.16,1,1,0,1,1,0,0,0,0,0,1,1,1,0,0,0,0,1,0,0,1,1,0,0
98,201.825,269.0425,303.365,312.4375,290.5,291.725,317.835,358.59,263.75,134.7925,53.8425,40.4,56.7425,51.025,50.775000000000006,85.75,98.1625,119.795,223.89249999999998,329.755,342.9525,395.4375,463.27250000000004,389.7175,4.0,4.0,4.0,4.0,9.8,4.0,16.04,43.93,39.29,12.6,0.34,-0.67,-0.7,-0.78,0.01,3.97,13.23,60.4,60.41,43.5,34.76,33.55,31.31,31.16,0,1,0,0,0,1,0,1,1,1,0,0,0,0,0,0,1,1,1,0,0,1,1,0
99,201.825,269.0425,303.365,312.4375,290.5,291.725,317.835,358.59,263.75,134.7925,53.8425,40.4,56.7425,51.025,50.775000000000006,85.75,98.1625,119.795,223.89249999999998,329.755,342.9525,395.4375,463.27250000000004,389.7175,4.0,4.0,4.0,4.0,9.8,4.0,16.04,43.93,39.29,12.6,0.34,-0.67,-0.7,-0.78,0.01,3.97,13.23,60.4,60.41,43.5,34.76,33.55,31.31,31.16,1,1,0,0,0,1,0,0,1,0,1,0,0,0,0,1,1,1,0,0,1,0,1,1
100,201.825,269.0425,303.365,312.4375,290.5,291.725,317.835,358.59,263.75,134.7925,53.8425,40.4,56.7425,51.025,50.775000000000006,85.75,98.1625,119.795,223.89249999999998,329.755,342.9525,395.4375,463.27250000000004,389.7175,30.3,29.53,35.47,39.26,47.4,65.97,93.16,139.44,108.51,78.7,50.47,4.02,0.08,0.02,13.16,63.61,99.2,129.7,165.36,149.11,125.64,106.63,101.47,91.11,0,0,0,1,1,0,1,0,1,1,0,0,1,1,1,1,1,1,0,0,1,0,0,1
101,201.825,269.0425,303.365,312.4375,290.5,291.725,317.835,358.59,263.75,134.7925,53.8425,40.4,56.7425,51.025,50.775000000000006,85.75,98.1625,119.795,223.89249999999998,329.755,342.9525,395.4375,463.27250000000004,389.7175,30.3,29.53,35.47,39.26,47.4,65.97,93.16,139.44,108.51,78.7,50.47,4.02,0.08,0.02,13.16,63.61,99.2,129.7,165.36,149.11,125.64,106.63,101.47,91.11,1,1,0,1,1,0,0,0,0,0,1,1,1,0,0,0,0,1,0,0,1,1,0,0
102,201.825,269.0425,303.365,312.4375,290.5,291.725,317.835,358.59,263.75,134.7925,53.8425,40.4,56.7425,51.025,50.775000000000006,85.75,98.1625,119.795,223.89249999999998,329.755,342.9525,395.4375,463.27250000000004,389.7175,30.3,29.53,35.47,39.26,47.4,65.97,93.16,139.44,108.51,78.7,50.47,4.02,0.08,0.02,13.16,63.61,99.2,129.7,165.36,149.11,125.64,106.63,101.47,91.11,0,1,0,0,0,1,0,1,1,1,0,0,0,0,0,0,1,1,1,0,0,1,1,0
103,201.825,269.0425,303.365,312.4375,290.5,291.725,317.835,358.59,263.75,134.7925,53.8425,40.4,56.7425,51.025,50.775000000000006,85.75,98.1625,119.795,223.89249999999998,329.755,342.9525,395.4375,463.27250000000004,389.7175,30.3,29.53,35.47,39.26,47.4,65.97,93.16,139.44,108.51,78.7,50.47,4.02,0.08,0.02,13.16,63.61,99.2,129.7,165.36,149.11,125.64,106.63,101.47,91.11,1,1,0,0,0,1,0,0,1,0,1,0,0,0,0,1,1,1,0,0,1,0,1,1
104,201.825,269.0425,303.365,312.4375,290.5,291.725,317.835,358.59,263.75,134.7925,53.8425,40.4,56.7425,51.025,50.775000000000006,85.75,98.1625,119.795,223.89249999999998,329.755,342.9525,395.4375,463.27250000000004,389.7175,90.27,90.27,91.38,91.69,98.13,115.16,135.67,147.7,122.23,83.0,65.3,31.51,13.08,8.08,37.05,90.15,126.99,149.92,216.65,178.68,148.7,132.4,119.11,111.83,0,0,0,1,1,0,1,0,1,1,0,0,1,1,1,1,1,1,0,0,1,0,0,1
105,201.825,269.0425,303.365,312.4375,290.5,291.725,317.835,358.59,263.75,134.7925,53.8425,40.4,56.7425,51.025,50.775000000000006,85.75,98.1625,119.795,223.89249999999998,329.755,342.9525,395.4375,463.27250000000004,389.7175,90.27,90.27,91.38,91.69,98.13,115.16,135.67,147.7,122.23,83.0,65.3,31.51,13.08,8.08,37.05,90.15,126.99,149.92,216.65,178.68,148.7,132.4,119.11,111.83,1,1,0,1,1,0,0,0,0,0,1,1,1,0,0,0,0,1,0,0,1,1,0,0
106,201.825,269.0425,303.365,312.4375,290.5,291.725,317.835,358.59,263.75,134.7925,53.8425,40.4,56.7425,51.025,50.775000000000006,85.75,98.1625,119.795,223.89249999999998,329.755,342.9525,395.4375,463.27250000000004,389.7175,90.27,90.27,91.38,91.69,98.13,115.16,135.67,147.7,122.23,83.0,65.3,31.51,13.08,8.08,37.05,90.15,126.99,149.92,216.65,178.68,148.7,132.4,119.11,111.83,0,1,0,0,0,1,0,1,1,1,0,0,0,0,0,0,1,1,1,0,0,1,1,0
107,201.825,269.0425,303.365,312.4375,290.5,291.725,317.835,358.59,263.75,134.7925,53.8425,40.4,56.7425,51.025,50.775000000000006,85.75,98.1625,119.795,223.89249999999998,329.755,342.9525,395.4375,463.27250000000004,389.7175,90.27,90.27,91.38,91.69,98.13,115.16,135.67,147.7,122.23,83.0,65.3,31.51,13.08,8.08,37.05,90.15,126.99,149.92,216.65,178.68,148.7,132.4,119.11,111.83,1,1,0,0,0,1,0,0,1,0,1,0,0,0,0,1,1,1,0,0,1,0,1,1
108,201.825,269.0425,303.365,312.4375,290.5,291.725,317.835,358.59,263.75,134.7925,53.8425,40.4,56.7425,51.025,50.775000000000006,85.75,98.1625,119.795,223.89249999999998,329.755,342.9525,395.4375,463.27250000000004,389.7175,124.97,113.94,117.22,116.76,118.42,121.3,127.82,120.6,98.05,72.54,18.05,2.07,-0.33,-0.1,2.76,53.53,100.87,145.58,174.04,140.03,111.21,100.01,99.24,97.9,0,0,0,1,1,0,1,0,1,1,0,0,1,1,1,1,1,1,0,0,1,0,0,1
109,201.825,269.0425,303.365,312.4375,290.5,291.725,317.835,358.59,263.75,134.7925,53.8425,40.4,56.7425,51.025,50.775000000000006,85.75,98.1625,119.795,223.89249999999998,329.755,342.9525,395.4375,463.27250000000004,389.7175,124.97,113.94,117.22,116.76,118.42,121.3,127.82,120.6,98.05,72.54,18.05,2.07,-0.33,-0.1,2.76,53.53,100.87,145.58,174.04,140.03,111.21,100.01,99.24,97.9,1,1,0,1,1,0,0,0,0,0,1,1,1,0,0,0,0,1,0,0,1,1,0,0
110,201.825,269.0425,303.365,312.4375,290.5,291.725,317.835,358.59,263.75,134.7925,53.8425,40.4,56.7425,51.025,50.775000000000006,85.75,98.1625,119.795,223.89249999999998,329.755,342.9525,395.4375,463.27250000000004,389.7175,124.97,113.94,117.22,116.76,118.42,121.3,127.82,120.6,98.05,72.54,18.05,2.07,-0.33,-0.1,2.76,53.53,100.87,145.58,174.04,140.03,111.21,100.01,99.24,97.9,0,1,0,0,0,1,0,1,1,1,0,0,0,0,0,0,1,1,1,0,0,1,1,0
111,201.825,269.0425,303.365,312.4375,290.5,291.725,317.835,358.59,263.75,134.7925,53.8425,40.4,56.7425,51.025,50.775000000000006,85.75,98.1625,119.795,223.89249999999998,329.755,342.9525,395.4375,463.27250000000004,389.7175,124.97,113.94,117.22,116.76,118.42,121.3,127.82,120.6,98.05,72.54,18.05,2.07,-0.33,-0.1,2.76,53.53,100.87,145.58,174.04,140.03,111.21,100.01,99.24,97.9,1,1,0,0,0,1,0,0,1,0,1,0,0,0,0,1,1,1,0,0,1,0,1,1
112,201.825,269.0425,303.365,312.4375,290.5,291.725,317.835,358.59,263.75,134.7925,53.8425,40.4,56.7425,51.025,50.775000000000006,85.75,98.1625,119.795,223.89249999999998,329.755,342.9525,395.4375,463.27250000000004,389.7175,95.19,94.81,94.44,96.51,98.67,101.51,100.0,93.0,59.02,24.41,21.32,3.95,1.29,3.95,11.03,28.01,68.99,107.86,134.15,132.71,114.54,107.87,104.56,103.64,0,0,0,1,1,0,1,0,1,1,0,0,1,1,1,1,1,1,0,0,1,0,0,1
113,201.825,269.0425,303.365,312.4375,290.5,291.725,317.835,358.59,263.75,134.7925,53.8425,40.4,56.7425,51.025,50.775000000000006,85.75,98.1625,119.795,223.89249999999998,329.755,342.9525,395.4375,463.27250000000004,389.7175,95.19,94.81,94.44,96.51,98.67,101.51,100.0,93.0,59.02,24.41,21.32,3.95,1.29,3.95,11.03,28.01,68.99,107.86,134.15,132.71,114.54,107.87,104.56,103.64,1,1,0,1,1,0,0,0,0,0,1,1,1,0,0,0,0,1,0,0,1,1,0,0
114,201.825,269.0425,303.365,312.4375,290.5,291.725,317.835,358.59,263.75,134.7925,53.8425,40.4,56.7425,51.025,50.775000000000006,85.75,98.1625,119.795,223.89249999999998,329.755,342.9525,395.4375,463.27250000000004,389.7175,95.19,94.81,94.44,96.51,98.67,101.51,100.0,93.0,59.02,24.41,21.32,3.95,1.29,3.95,11.03,28.01,68.99,107.86,134.15,132.71,114.54,107.87,104.56,103.64,0,1,0,0,0,1,0,1,1,1,0,0,0,0,0,0,1,1,1,0,0,1,1,0
115,201.825,269.0425,303.365,312.4375,290.5,291.725,317.835,358.59,263.75,134.7925,53.8425,40.4,56.7425,51.025,50.775000000000006,85.75,98.1625,119.795,223.89249999999998,329.755,342.9525,395.4375,463.27250000000004,389.7175,95.19,94.81,94.44,96.51,98.67,101.51,100.0,93.0,59.02,24.41,21.32,3.95,1.29,3.95,11.03,28.01,68.99,107.86,134.15,132.71,114.54,107.87,104.56,103.64,1,1,0,0,0,1,0,0,1,0,1,0,0,0,0,1,1,1,0,0,1,0,1,1
116,201.825,269.0425,303.365,312.4375,290.5,291.725,317.835,358.59,263.75,134.7925,53.8425,40.4,56.7425,51.025,50.775000000000006,85.75,98.1625,119.795,223.89249999999998,329.755,342.9525,395.4375,463.27250000000004,389.7175,95.84,94.92,96.7,96.86,89.98,101.13,148.63,159.87,134.08,98.92,84.44,77.92,76.06,77.36,83.96,97.54,127.59,148.1,175.06,160.4,142.28,126.68,106.87,97.93,0,0,0,1,1,0,1,0,1,1,0,0,1,1,1,1,1,1,0,0,1,0,0,1
117,201.825,269.0425,303.365,312.4375,290.5,291.725,317.835,358.59,263.75,134.7925,53.8425,40.4,56.7425,51.025,50.775000000000006,85.75,98.1625,119.795,223.89249999999998,329.755,342.9525,395.4375,463.27250000000004,389.7175,95.84,94.92,96.7,96.86,89.98,101.13,148.63,159.87,134.08,98.92,84.44,77.92,76.06,77.36,83.96,97.54,127.59,148.1,175.06,160.4,142.28,126.68,106.87,97.93,1,1,0,1,1,0,0,0,0,0,1,1,1,0,0,0,0,1,0,0,1,1,0,0
118,201.825,269.0425,303.365,312.4375,290.5,291.725,317.835,358.59,263.75,134.7925,53.8425,40.4,56.7425,51.025,50.775000000000006,85.75,98.1625,119.795,223.89249999999998,329.755,342.9525,395.4375,463.27250000000004,389.7175,95.84,94.92,96.7,96.86,89.98,101.13,148.63,159.87,134.08,98.92,84.44,77.92,76.06,77.36,83.96,97.54,127.59,148.1,175.06,160.4,142.28,126.68,106.87,97.93,0,1,0,0,0,1,0,1,1,1,0,0,0,0,0,0,1,1,1,0,0,1,1,0
119,201.825,269.0425,303.365,312.4375,290.5,291.725,317.835,358.59,263.75,134.7925,53.8425,40.4,56.7425,51.025,50.775000000000006,85.75,98.1625,119.795,223.89249999999998,329.755,342.9525,395.4375,463.27250000000004,389.7175,95.84,94.92,96.7,96.86,89.98,101.13,148.63,159.87,134.08,98.92,84.44,77.92,76.06,77.36,83.96,97.54,127.59,148.1,175.06,160.4,142.28,126.68,106.87,97.93,1,1,0,0,0,1,0,0,1,0,1,0,0,0,0,1,1,1,0,0,1,0,1,1
120,201.825,269.0425,303.365,312.4375,290.5,291.725,317.835,358.59,263.75,134.7925,53.8425,40.4,56.7425,51.025,50.775000000000006,85.75,98.1625,119.795,223.89249999999998,329.755,342.9525,395.4375,463.27250000000004,389.7175,104.39,101.79,99.72,100.48,102.51,110.88,148.14,153.09,146.54,128.53,102.0,97.48,96.45,98.39,102.35,112.84,132.9,172.03,205.15,181.06,149.49,133.05,121.27,107.36,0,0,0,1,1,0,1,0,1,1,0,0,1,1,1,1,1,1,0,0,1,0,0,1
121,201.825,269.0425,303.365,312.4375,290.5,291.725,317.835,358.59,263.75,134.7925,53.8425,40.4,56.7425,51.025,50.775000000000006,85.75,98.1625,119.795,223.89249999999998,329.755,342.9525,395.4375,463.27250000000004,389.7175,104.39,101.79,99.72,100.48,102.51,110.88,148.14,153.09,146.54,128.53,102.0,97.48,96.45,98.39,102.35,112.84,132.9,172.03,205.15,181.06,149.49,133.05,121.27,107.36,1,1,0,1,1,0,0,0,0,0,1,1,1,0,0,0,0,1,0,0,1,1,0,0
122,201.825,269.0425,303.365,312.4375,290.5,291.725,317.835,358.59,263.75,134.7925,53.8425,40.4,56.7425,51.025,50.775000000000006,85.75,98.1625,119.795,223.89249999999998,329.755,342.9525,395.4375,463.27250000000004,389.7175,104.39,101.79,99.72,100.48,102.51,110.88,148.14,153.09,146.54,128.53,102.0,97.48,96.45,98.39,102.35,112.84,132.9,172.03,205.15,181.06,149.49,133.05,121.27,107.36,0,1,0,0,0,1,0,1,1,1,0,0,0,0,0,0,1,1,1,0,0,1,1,0
123,201.825,269.0425,303.365,312.4375,290.5,291.725,317.835,358.59,263.75,134.7925,53.8425,40.4,56.7425,51.025,50.775000000000006,85.75,98.1625,119.795,223.89249999999998,329.755,342.9525,395.4375,463.27250000000004,389.7175,104.39,101.79,99.72,100.48,102.51,110.88,148.14,153.09,146.54,128.53,102.0,97.48,96.45,98.39,102.35,112.84,132.9,172.03,205.15,181.06,149.49,133.05,121.27,107.36,1,1,0,0,0,1,0,0,1,0,1,0,0,0,0,1,1,1,0,0,1,0,1,1
124,201.825,269.0425,303.365,312.4375,290.5,291.725,317.835,358.59,263.75,134.7925,53.8425,40.4,56.7425,51.025,50.775000000000006,85.75,98.1625,119.795,223.89249999999998,329.755,342.9525,395.4375,463.27250000000004,389.7175,101.74,100.11,97.82,97.43,101.85,110.37,144.57,161.75,148.49,125.02,102.64,99.73,98.11,99.95,101.69,117.81,140.35,159.04,199.9,179.58,148.09,132.26,120.02,109.91,0,0,0,1,1,0,1,0,1,1,0,0,1,1,1,1,1,1,0,0,1,0,0,1
125,201.825,269.0425,303.365,312.4375,290.5,291.725,317.835,358.59,263.75,134.7925,53.8425,40.4,56.7425,51.025,50.775000000000006,85.75,98.1625,119.795,223.89249999999998,329.755,342.9525,395.4375,463.27250000000004,389.7175,101.74,100.11,97.82,97.43,101.85,110.37,144.57,161.75,148.49,125.02,102.64,99.73,98.11,99.95,101.69,117.81,140.35,159.04,199.9,179.58,148.09,132.26,120.02,109.91,1,1,0,1,1,0,0,0,0,0,1,1,1,0,0,0,0,1,0,0,1,1,0,0
126,201.825,269.0425,303.365,312.4375,290.5,291.725,317.835,358.59,263.75,134.7925,53.8425,40.4,56.7425,51.025,50.775000000000006,85.75,98.1625,119.795,223.89249999999998,329.755,342.9525,395.4375,463.27250000000004,389.7175,101.74,100.11,97.82,97.43,101.85,110.37,144.57,161.75,148.49,125.02,102.64,99.73,98.11,99.95,101.69,117.81,140.35,159.04,199.9,179.58,148.09,132.26,120.02,109.91,0,1,0,0,0,1,0,1,1,1,0,0,0,0,0,0,1,1,1,0,0,1,1,0
127,201.825,269.0425,303.365,312.4375,290.5,291.725,317.835,358.59,263.75,134.7925,53.8425,40.4,56.7425,51.025,50.775000000000006,85.75,98.1625,119.795,223.89249999999998,329.755,342.9525,395.4375,463.27250000000004,389.7175,101.74,100.11,97.82,97.43,101.85,110.37,144.57,161.75,148.49,125.02,102.64,99.73,98.11,99.95,101.69,117.81,140.35,159.04,199.9,179.58,148.09,132.26,120.02,109.91,1,1,0,0,0,1,0,0,1,0,1,0,0,0,0,1,1,1,0,0,1,0,1,1
128,201.825,269.0425,303.365,312.4375,290.5,291.725,317.835,358.59,263.75,134.7925,53.8425,40.4,56.7425,51.025,50.775000000000006,85.75,98.1625,119.795,223.89249999999998,329.755,342.9525,395.4375,463.27250000000004,389.7175,108.49,102.22,98.96,96.69,98.33,105.87,132.7,160.74,160.99,154.8,123.84,110.75,110.08,108.28,107.6,110.02,121.56,142.95,166.09,173.42,148.99,135.69,123.41,111.53,0,0,0,1,1,0,1,0,1,1,0,0,1,1,1,1,1,1,0,0,1,0,0,1
129,201.825,269.0425,303.365,312.4375,290.5,291.725,317.835,358.59,263.75,134.7925,53.8425,40.4,56.7425,51.025,50.775000000000006,85.75,98.1625,119.795,223.89249999999998,329.755,342.9525,395.4375,463.27250000000004,389.7175,108.49,102.22,98.96,96.69,98.33,105.87,132.7,160.74,160.99,154.8,123.84,110.75,110.08,108.28,107.6,110.02,121.56,142.95,166.09,173.42,148.99,135.69,123.41,111.53,1,1,0,1,1,0,0,0,0,0,1,1,1,0,0,0,0,1,0,0,1,1,0,0
130,201.825,269.0425,303.365,312.4375,290.5,291.725,317.835,358.59,263.75,134.7925,53.8425,40.4,56.7425,51.025,50.775000000000006,85.75,98.1625,119.795,223.89249999999998,329.755,342.9525,395.4375,463.27250000000004,389.7175,108.49,102.22,98.96,96.69,98.33,105.87,132.7,160.74,160.99,154.8,123.84,110.75,110.08,108.28,107.6,110.02,121.56,142.95,166.09,173.42,148.99,135.69,123.41,111.53,0,1,0,0,0,1,0,1,1,1,0,0,0,0,0,0,1,1,1,0,0,1,1,0
131,201.825,269.0425,303.365,312.4375,290.5,291.725,317.835,358.59,263.75,134.7925,53.8425,40.4,56.7425,51.025,50.775000000000006,85.75,98.1625,119.795,223.89249999999998,329.755,342.9525,395.4375,463.27250000000004,389.7175,108.49,102.22,98.96,96.69,98.33,105.87,132.7,160.74,160.99,154.8,123.84,110.75,110.08,108.28,107.6,110.02,121.56,142.95,166.09,173.42,148.99,135.69,123.41,111.53,1,1,0,0,0,1,0,0,1,0,1,0,0,0,0,1,1,1,0,0,1,0,1,1
132,201.825,269.0425,303.365,312.4375,290.5,291.725,317.835,358.59,263.75,134.7925,53.8425,40.4,56.7425,51.025,50.775000000000006,85.75,98.1625,119.795,223.89249999999998,329.755,342.9525,395.4375,463.27250000000004,389.7175,109.19,106.08,105.97,103.89,105.37,114.08,143.05,155.29,155.08,132.11,112.01,106.37,104.49,104.58,105.38,109.42,124.93,146.56,155.47,151.02,130.1,111.46,114.0,105.15,0,0,0,1,1,0,1,0,1,1,0,0,1,1,1,1,1,1,0,0,1,0,0,1
133,201.825,269.0425,303.365,312.4375,290.5,291.725,317.835,358.59,263.75,134.7925,53.8425,40.4,56.7425,51.025,50.775000000000006,85.75,98.1625,119.795,223.89249999999998,329.755,342.9525,395.4375,463.27250000000004,389.7175,109.19,106.08,105.97,103.89,105.37,114.08,143.05,155.29,155.08,132.11,112.01,106.37,104.49,104.58,105.38,109.42,124.93,146.56,155.47,151.02,130.1,111.46,114.0,105.15,1,1,0,1,1,0,0,0,0,0,1,1,1,0,0,0,0,1,0,0,1,1,0,0
134,201.825,269.0425,303.365,312.4375,290.5,291.725,317.835,358.59,263.75,134.7925,53.8425,40.4,56.7425,51.025,50.775000000000006,85.75,98.1625,119.795,223.89249999999998,329.755,342.9525,395.4375,463.27250000000004,389.7175,109.19,106.08,105.97,103.89,105.37,114.08,143.05,155.29,155.08,132.11,112.01,106.37,104.49,104.58,105.38,109.42,124.93,146.56,155.47,151.02,130.1,111.46,114.0,105.15,0,1,0,0,0,1,0,1,1,1,0,0,0,0,0,0,1,1,1,0,0,1,1,0
135,201.825,269.0425,303.365,312.4375,290.5,291.725,317.835,358.59,263.75,134.7925,53.8425,40.4,56.7425,51.025,50.775000000000006,85.75,98.1625,119.795,223.89249999999998,329.755,342.9525,395.4375,463.27250000000004,389.7175,109.19,106.08,105.97,103.89,105.37,114.08,143.05,155.29,155.08,132.11,112.01,106.37,104.49,104.58,105.38,109.42,124.93,146.56,155.47,151.02,130.1,111.46,114.0,105.15,1,1,0,0,0,1,0,0,1,0,1,0,0,0,0,1,1,1,0,0,1,0,1,1
136,201.825,269.0425,303.365,312.4375,290.5,291.725,317.835,358.59,263.75,134.7925,53.8425,40.4,56.7425,51.025,50.775000000000006,85.75,98.1625,119.795,223.89249999999998,329.755,342.9525,395.4375,463.27250000000004,389.7175,112.16,103.15,96.0,89.89,86.89,90.55,97.0,99.38,98.73,86.36,72.35,67.12,57.28,47.96,54.46,70.76,84.2,121.87,130.26,132.91,121.41,108.46,104.98,95.21,0,0,0,1,1,0,1,0,1,1,0,0,1,1,1,1,1,1,0,0,1,0,0,1
137,201.825,269.0425,303.365,312.4375,290.5,291.725,317.835,358.59,263.75,134.7925,53.8425,40.4,56.7425,51.025,50.775000000000006,85.75,98.1625,119.795,223.89249999999998,329.755,342.9525,395.4375,463.27250000000004,389.7175,112.16,103.15,96.0,89.89,86.89,90.55,97.0,99.38,98.73,86.36,72.35,67.12,57.28,47.96,54.46,70.76,84.2,121.87,130.26,132.91,121.41,108.46,104.98,95.21,1,1,0,1,1,0,0,0,0,0,1,1,1,0,0,0,0,1,0,0,1,1,0,0
138,201.825,269.0425,303.365,312.4375,290.5,291.725,317.835,358.59,263.75,134.7925,53.8425,40.4,56.7425,51.025,50.775000000000006,85.75,98.1625,119.795,223.89249999999998,329.755,342.9525,395.4375,463.27250000000004,389.7175,112.16,103.15,96.0,89.89,86.89,90.55,97.0,99.38,98.73,86.36,72.35,67.12,57.28,47.96,54.46,70.76,84.2,121.87,130.26,132.91,121.41,108.46,104.98,95.21,0,1,0,0,0,1,0,1,1,1,0,0,0,0,0,0,1,1,1,0,0,1,1,0
139,201.825,269.0425,303.365,312.4375,290.5,291.725,317.835,358.59,263.75,134.7925,53.8425,40.4,56.7425,51.025,50.775000000000006,85.75,98.1625,119.795,223.89249999999998,329.755,342.9525,395.4375,463.27250000000004,389.7175,112.16,103.15,96.0,89.89,86.89,90.55,97.0,99.38,98.73,86.36,72.35,67.12,57.28,47.96,54.46,70.76,84.2,121.87,130.26,132.91,121.41,108.46,104.98,95.21,1,1,0,0,0,1,0,0,1,0,1,0,0,0,0,1,1,1,0,0,1,0,1,1
140,201.825,269.0425,303.365,312.4375,290.5,291.725,317.835,358.59,263.75,134.7925,53.8425,40.4,56.7425,51.025,50.775000000000006,85.75,98.1625,119.795,223.89249999999998,329.755,342.9525,395.4375,463.27250000000004,389.7175,89.97,85.75,79.57,78.15,78.55,29.41,30.14,30.7,30.5,28.73,24.06,2.9,1.01,0.19,2.67,30.81,59.97,94.68,83.61,45.54,31.49,31.1,30.69,30.44,0,0,0,1,1,0,1,0,1,1,0,0,1,1,1,1,1,1,0,0,1,0,0,1
141,201.825,269.0425,303.365,312.4375,290.5,291.725,317.835,358.59,263.75,134.7925,53.8425,40.4,56.7425,51.025,50.775000000000006,85.75,98.1625,119.795,223.89249999999998,329.755,342.9525,395.4375,463.27250000000004,389.7175,89.97,85.75,79.57,78.15,78.55,29.41,30.14,30.7,30.5,28.73,24.06,2.9,1.01,0.19,2.67,30.81,59.97,94.68,83.61,45.54,31.49,31.1,30.69,30.44,1,1,0,1,1,0,0,0,0,0,1,1,1,0,0,0,0,1,0,0,1,1,0,0
142,201.825,269.0425,303.365,312.4375,290.5,291.725,317.835,358.59,263.75,134.7925,53.8425,40.4,56.7425,51.025,50.775000000000006,85.75,98.1625,119.795,223.89249999999998,329.755,342.9525,395.4375,463.27250000000004,389.7175,89.97,85.75,79.57,78.15,78.55,29.41,30.14,30.7,30.5,28.73,24.06,2.9,1.01,0.19,2.67,30.81,59.97,94.68,83.61,45.54,31.49,31.1,30.69,30.44,0,1,0,0,0,1,0,1,1,1,0,0,0,0,0,0,1,1,1,0,0,1,1,0
143,201.825,269.0425,303.365,312.4375,290.5,291.725,317.835,358.59,263.75,134.7925,53.8425,40.4,56.7425,51.025,50.775000000000006,85.75,98.1625,119.795,223.89249999999998,329.755,342.9525,395.4375,463.27250000000004,389.7175,89.97,85.75,79.57,78.15,78.55,29.41,30.14,30.7,30.5,28.73,24.06,2.9,1.01,0.19,2.67,30.81,59.97,94.68,83.61,45.54,31.49,31.1,30.69,30.44,1,1,0,0,0,1,0,0,1,0,1,0,0,0,0,1,1,1,0,0,1,0,1,1
144,201.825,269.0425,303.365,312.4375,290.5,291.725,317.835,358.59,263.75,134.7925,53.8425,40.4,56.7425,51.025,50.775000000000006,85.75,98.1625,119.795,223.89249999999998,329.755,342.9525,395.4375,463.27250000000004,389.7175,30.66,40.11,77.6,80.9,85.84,103.33,135.26,152.96,135.32,100.77,68.2,50.53,31.14,27.92,50.12,70.02,98.59,143.14,177.42,170.09,141.58,113.55,106.46,93.49,0,0,0,1,1,0,1,0,1,1,0,0,1,1,1,1,1,1,0,0,1,0,0,1
145,201.825,269.0425,303.365,312.4375,290.5,291.725,317.835,358.59,263.75,134.7925,53.8425,40.4,56.7425,51.025,50.775000000000006,85.75,98.1625,119.795,223.89249999999998,329.755,342.9525,395.4375,463.27250000000004,389.7175,30.66,40.11,77.6,80.9,85.84,103.33,135.26,152.96,135.32,100.77,68.2,50.53,31.14,27.92,50.12,70.02,98.59,143.14,177.42,170.09,141.58,113.55,106.46,93.49,1,1,0,1,1,0,0,0,0,0,1,1,1,0,0,0,0,1,0,0,1,1,0,0
146,201.825,269.0425,303.365,312.4375,290.5,291.725,317.835,358.59,263.75,134.7925,53.8425,40.4,56.7425,51.025,50.775000000000006,85.75,98.1625,119.795,223.89249999999998,329.755,342.9525,395.4375,463.27250000000004,389.7175,30.66,40.11,77.6,80.9,85.84,103.33,135.26,152.96,135.32,100.77,68.2,50.53,31.14,27.92,50.12,70.02,98.59,143.14,177.42,170.09,141.58,113.55,106.46,93.49,0,1,0,0,0,1,0,1,1,1,0,0,0,0,0,0,1,1,1,0,0,1,1,0
147,201.825,269.0425,303.365,312.4375,290.5,291.725,317.835,358.59,263.75,134.7925,53.8425,40.4,56.7425,51.025,50.775000000000006,85.75,98.1625,119.795,223.89249999999998,329.755,342.9525,395.4375,463.27250000000004,389.7175,30.66,40.11,77.6,80.9,85.84,103.33,135.26,152.96,135.32,100.77,68.2,50.53,31.14,27.92,50.12,70.02,98.59,143.14,177.42,170.09,141.58,113.55,106.46,93.49,1,1,0,0,0,1,0,0,1,0,1,0,0,0,0,1,1,1,0,0,1,0,1,1
148,201.825,269.0425,303.365,312.4375,290.5,291.725,317.835,358.59,263.75,134.7925,53.8425,40.4,56.7425,51.025,50.775000000000006,85.75,98.1625,119.795,223.89249999999998,329.755,342.9525,395.4375,463.27250000000004,389.7175,92.18,89.96,89.71,67.1,69.44,102.28,128.02,136.73,106.56,68.46,27.24,1.79,-0.2,-0.28,17.36,38.6,96.03,141.1,171.17,167.77,142.51,117.77,107.46,100.5,0,0,0,1,1,0,1,0,1,1,0,0,1,1,1,1,1,1,0,0,1,0,0,1
149,201.825,269.0425,303.365,312.4375,290.5,291.725,317.835,358.59,263.75,134.7925,53.8425,40.4,56.7425,51.025,50.775000000000006,85.75,98.1625,119.795,223.89249999999998,329.755,342.9525,395.4375,463.27250000000004,389.7175,92.18,89.96,89.71,67.1,69.44,102.28,128.02,136.73,106.56,68.46,27.24,1.79,-0.2,-0.28,17.36,38.6,96.03,141.1,171.17,167.77,142.51,117.77,107.46,100.5,1,1,0,1,1,0,0,0,0,0,1,1,1,0,0,0,0,1,0,0,1,1,0,0
150,201.825,269.0425,303.365,312.4375,290.5,291.725,317.835,358.59,263.75,134.7925,53.8425,40.4,56.7425,51.025,50.775000000000006,85.75,98.1625,119.795,223.89249999999998,329.755,342.9525,395.4375,463.27250000000004,389.7175,92.18,89.96,89.71,67.1,69.44,102.28,128.02,136.73,106.56,68.46,27.24,1.79,-0.2,-0.28,17.36,38.6,96.03,141.1,171.17,167.77,142.51,117.77,107.46,100.5,0,1,0,0,0,1,0,1,1,1,0,0,0,0,0,0,1,1,1,0,0,1,1,0
151,201.825,269.0425,303.365,312.4375,290.5,291.725,317.835,358.59,263.75,134.7925,53.8425,40.4,56.7425,51.025,50.775000000000006,85.75,98.1625,119.795,223.89249999999998,329.755,342.9525,395.4375,463.27250000000004,389.7175,92.18,89.96,89.71,67.1,69.44,102.28,128.02,136.73,106.56,68.46,27.24,1.79,-0.2,-0.28,17.36,38.6,96.03,141.1,171.17,167.77,142.51,117.77,107.46,100.5,1,1,0,0,0,1,0,0,1,0,1,0,0,0,0,1,1,1,0,0,1,0,1,1
152,201.825,269.0425,303.365,312.4375,290.5,291.725,317.835,358.59,263.75,134.7925,53.8425,40.4,56.7425,51.025,50.775000000000006,85.75,98.1625,119.795,223.89249999999998,329.755,342.9525,395.4375,463.27250000000004,389.7175,204.12,101.46,97.67,98.58,101.74,110.71,153.27,140.98,99.91,76.08,38.9,6.7,3.13,3.41,30.98,62.63,120.26,154.93,279.34,251.99,163.48,136.61,124.83,117.5,0,0,0,1,1,0,1,0,1,1,0,0,1,1,1,1,1,1,0,0,1,0,0,1
153,201.825,269.0425,303.365,312.4375,290.5,291.725,317.835,358.59,263.75,134.7925,53.8425,40.4,56.7425,51.025,50.775000000000006,85.75,98.1625,119.795,223.89249999999998,329.755,342.9525,395.4375,463.27250000000004,389.7175,204.12,101.46,97.67,98.58,101.74,110.71,153.27,140.98,99.91,76.08,38.9,6.7,3.13,3.41,30.98,62.63,120.26,154.93,279.34,251.99,163.48,136.61,124.83,117.5,1,1,0,1,1,0,0,0,0,0,1,1,1,0,0,0,0,1,0,0,1,1,0,0
154,201.825,269.0425,303.365,312.4375,290.5,291.725,317.835,358.59,263.75,134.7925,53.8425,40.4,56.7425,51.025,50.775000000000006,85.75,98.1625,119.795,223.89249999999998,329.755,342.9525,395.4375,463.27250000000004,389.7175,204.12,101.46,97.67,98.58,101.74,110.71,153.27,140.98,99.91,76.08,38.9,6.7,3.13,3.41,30.98,62.63,120.26,154.93,279.34,251.99,163.48,136.61,124.83,117.5,0,1,0,0,0,1,0,1,1,1,0,0,0,0,0,0,1,1,1,0,0,1,1,0
155,201.825,269.0425,303.365,312.4375,290.5,291.725,317.835,358.59,263.75,134.7925,53.8425,40.4,56.7425,51.025,50.775000000000006,85.75,98.1625,119.795,223.89249999999998,329.755,342.9525,395.4375,463.27250000000004,389.7175,204.12,101.46,97.67,98.58,101.74,110.71,153.27,140.98,99.91,76.08,38.9,6.7,3.13,3.41,30.98,62.63,120.26,154.93,279.34,251.99,163.48,136.61,124.83,117.5,1,1,0,0,0,1,0,0,1,0,1,0,0,0,0,1,1,1,0,0,1,0,1,1
156,201.825,269.0425,303.365,312.4375,290.5,291.725,317.835,358.59,263.75,134.7925,53.8425,40.4,56.7425,51.025,50.775000000000006,85.75,98.1625,119.795,223.89249999999998,329.755,342.9525,395.4375,463.27250000000004,389.7175,107.45,102.55,101.34,102.15,106.74,122.73,158.29,147.93,108.19,73.39,28.86,3.96,-0.56,-0.16,27.42,40.28,109.8,147.64,248.27,220.53,176.9,138.38,124.58,111.27,0,0,0,1,1,0,1,0,1,1,0,0,1,1,1,1,1,1,0,0,1,0,0,1
157,201.825,269.0425,303.365,312.4375,290.5,291.725,317.835,358.59,263.75,134.7925,53.8425,40.4,56.7425,51.025,50.775000000000006,85.75,98.1625,119.795,223.89249999999998,329.755,342.9525,395.4375,463.27250000000004,389.7175,107.45,102.55,101.34,102.15,106.74,122.73,158.29,147.93,108.19,73.39,28.86,3.96,-0.56,-0.16,27.42,40.28,109.8,147.64,248.27,220.53,176.9,138.38,124.58,111.27,1,1,0,1,1,0,0,0,0,0,1,1,1,0,0,0,0,1,0,0,1,1,0,0
158,201.825,269.0425,303.365,312.4375,290.5,291.725,317.835,358.59,263.75,134.7925,53.8425,40.4,56.7425,51.025,50.775000000000006,85.75,98.1625,119.795,223.89249999999998,329.755,342.9525,395.4375,463.27250000000004,389.7175,107.45,102.55,101.34,102.15,106.74,122.73,158.29,147.93,108.19,73.39,28.86,3.96,-0.56,-0.16,27.42,40.28,109.8,147.64,248.27,220.53,176.9,138.38,124.58,111.27,0,1,0,0,0,1,0,1,1,1,0,0,0,0,0,0,1,1,1,0,0,1,1,0
159,201.825,269.0425,303.365,312.4375,290.5,291.725,317.835,358.59,263.75,134.7925,53.8425,40.4,56.7425,51.025,50.775000000000006,85.75,98.1625,119.795,223.89249999999998,329.755,342.9525,395.4375,463.27250000000004,389.7175,107.45,102.55,101.34,102.15,106.74,122.73,158.29,147.93,108.19,73.39,28.86,3.96,-0.56,-0.16,27.42,40.28,109.8,147.64,248.27,220.53,176.9,138.38,124.58,111.27,1,1,0,0,0,1,0,0,1,0,1,0,0,0,0,1,1,1,0,0,1,0,1,1
160,253.285,137.1625,69.945,34.7475,7.1575,11.81,3.7325,9.945,24.4925,8.8375,15.2725,18.9875,15.5175,12.88,10.935,12.2825,15.5275,14.370000000000001,12.620000000000001,36.96,72.0875,89.85,83.2775,69.78999999999999,128.2,120.38,117.09,112.15,109.75,111.89,117.11,135.81,138.82,137.77,125.08,112.1,102.21,97.27,99.39,97.8,125.41,145.0,158.55,150.78,133.41,125.42,122.03,119.92,0,0,0,1,1,0,1,0,1,1,0,0,1,1,1,1,1,1,0,0,1,0,0,1
161,253.285,137.1625,69.945,34.7475,7.1575,11.81,3.7325,9.945,24.4925,8.8375,15.2725,18.9875,15.5175,12.88,10.935,12.2825,15.5275,14.370000000000001,12.620000000000001,36.96,72.0875,89.85,83.2775,69.78999999999999,128.2,120.38,117.09,112.15,109.75,111.89,117.11,135.81,138.82,137.77,125.08,112.1,102.21,97.27,99.39,97.8,125.41,145.0,158.55,150.78,133.41,125.42,122.03,119.92,1,1,0,1,1,0,0,0,0,0,1,1,1,0,0,0,0,1,0,0,1,1,0,0
162,253.285,137.1625,69.945,34.7475,7.1575,11.81,3.7325,9.945,24.4925,8.8375,15.2725,18.9875,15.5175,12.88,10.935,12.2825,15.5275,14.370000000000001,12.620000000000001,36.96,72.0875,89.85,83.2775,69.78999999999999,128.2,120.38,117.09,112.15,109.75,111.89,117.11,135.81,138.82,137.77,125.08,112.1,102.21,97.27,99.39,97.8,125.41,145.0,158.55,150.78,133.41,125.42,122.03,119.92,0,1,0,0,0,1,0,1,1,1,0,0,0,0,0,0,1,1,1,0,0,1,1,0
163,253.285,137.1625,69.945,34.7475,7.1575,11.81,3.7325,9.945,24.4925,8.8375,15.2725,18.9875,15.5175,12.88,10.935,12.2825,15.5275,14.370000000000001,12.620000000000001,36.96,72.0875,89.85,83.2775,69.78999999999999,128.2,120.38,117.09,112.15,109.75,111.89,117.11,135.81,138.82,137.77,125.08,112.1,102.21,97.27,99.39,97.8,125.41,145.0,158.55,150.78,133.41,125.42,122.03,119.92,1,1,0,0,0,1,0,0,1,0,1,0,0,0,0,1,1,1,0,0,1,0,1,1
164,253.285,137.1625,69.945,34.7475,7.1575,11.81,3.7325,9.945,24.4925,8.8375,15.2725,18.9875,15.5175,12.88,10.935,12.2825,15.5275,14.370000000000001,12.620000000000001,36.96,72.0875,89.85,83.2775,69.78999999999999,102.61,57.86,30.22,21.37,19.06,19.05,43.56,90.69,103.11,89.0,33.71,11.22,7.4,3.14,2.85,19.0,54.16,99.69,136.58,117.23,80.9,61.1,35.12,25.41,0,0,0,1,1,0,1,0,1,1,0,0,1,1,1,1,1,1,0,0,1,0,0,1
165,253.285,137.1625,69.945,34.7475,7.1575,11.81,3.7325,9.945,24.4925,8.8375,15.2725,18.9875,15.5175,12.88,10.935,12.2825,15.5275,14.370000000000001,12.620000000000001,36.96,72.0875,89.85,83.2775,69.78999999999999,102.61,57.86,30.22,21.37,19.06,19.05,43.56,90.69,103.11,89.0,33.71,11.22,7.4,3.14,2.85,19.0,54.16,99.69,136.58,117.23,80.9,61.1,35.12,25.41,1,1,0,1,1,0,0,0,0,0,1,1,1,0,0,0,0,1,0,0,1,1,0,0
166,253.285,137.1625,69.945,34.7475,7.1575,11.81,3.7325,9.945,24.4925,8.8375,15.2725,18.9875,15.5175,12.88,10.935,12.2825,15.5275,14.370000000000001,12.620000000000001,36.96,72.0875,89.85,83.2775,69.78999999999999,102.61,57.86,30.22,21.37,19.06,19.05,43.56,90.69,103.11,89.0,33.71,11.22,7.4,3.14,2.85,19.0,54.16,99.69,136.58,117.23,80.9,61.1,35.12,25.41,0,1,0,0,0,1,0,1,1,1,0,0,0,0,0,0,1,1,1,0,0,1,1,0
167,253.285,137.1625,69.945,34.7475,7.1575,11.81,3.7325,9.945,24.4925,8.8375,15.2725,18.9875,15.5175,12.88,10.935,12.2825,15.5275,14.370000000000001,12.620000000000001,36.96,72.0875,89.85,83.2775,69.78999999999999,102.61,57.86,30.22,21.37,19.06,19.05,43.56,90.69,103.11,89.0,33.71,11.22,7.4,3.14,2.85,19.0,54.16,99.69,136.58,117.23,80.9,61.1,35.12,25.41,1,1,0,0,0,1,0,0,1,0,1,0,0,0,0,1,1,1,0,0,1,0,1,1
168,253.285,137.1625,69.945,34.7475,7.1575,11.81,3.7325,9.945,24.4925,8.8375,15.2725,18.9875,15.5175,12.88,10.935,12.2825,15.5275,14.370000000000001,12.620000000000001,36.96,72.0875,89.85,83.2775,69.78999999999999,28.31,27.04,25.8,20.11,14.94,20.11,41.81,58.7,70.1,44.59,20.1,4.29,2.43,1.67,10.81,34.89,70.65,129.19,163.66,102.7,88.19,79.94,69.01,40.3,0,0,0,1,1,0,1,0,1,1,0,0,1,1,1,1,1,1,0,0,1,0,0,1
169,253.285,137.1625,69.945,34.7475,7.1575,11.81,3.7325,9.945,24.4925,8.8375,15.2725,18.9875,15.5175,12.88,10.935,12.2825,15.5275,14.370000000000001,12.620000000000001,36.96,72.0875,89.85,83.2775,69.78999999999999,28.31,27.04,25.8,20.11,14.94,20.11,41.81,58.7,70.1,44.59,20.1,4.29,2.43,1.67,10.81,34.89,70.65,129.19,163.66,102.7,88.19,79.94,69.01,40.3,1,1,0,1,1,0,0,0,0,0,1,1,1,0,0,0,0,1,0,0,1,1,0,0
170,253.285,137.1625,69.945,34.7475,7.1575,11.81,3.7325,9.945,24.4925,8.8375,15.2725,18.9875,15.5175,12.88,10.935,12.2825,15.5275,14.370000000000001,12.620000000000001,36.96,72.0875,89.85,83.2775,69.78999999999999,28.31,27.04,25.8,20.11,14.94,20.11,41.81,58.7,70.1,44.59,20.1,4.29,2.43,1.67,10.81,34.89,70.65,129.19,163.66,102.7,88.19,79.94,69.01,40.3,0,1,0,0,0,1,0,1,1,1,0,0,0,0,0,0,1,1,1,0,0,1,1,0
171,253.285,137.1625,69.945,34.7475,7.1575,11.81,3.7325,9.945,24.4925,8.8375,15.2725,18.9875,15.5175,12.88,10.935,12.2825,15.5275,14.370000000000001,12.620000000000001,36.96,72.0875,89.85,83.2775,69.78999999999999,28.31,27.04,25.8,20.11,14.94,20.11,41.81,58.7,70.1,44.59,20.1,4.29,2.43,1.67,10.81,34.89,70.65,129.19,163.66,102.7,88.19,79.94,69.01,40.3,1,1,0,0,0,1,0,0,1,0,1,0,0,0,0,1,1,1,0,0,1,0,1,1
172,253.285,137.1625,69.945,34.7475,7.1575,11.81,3.7325,9.945,24.4925,8.8375,15.2725,18.9875,15.5175,12.88,10.935,12.2825,15.5275,14.370000000000001,12.620000000000001,36.96,72.0875,89.85,83.2775,69.78999999999999,65.55,54.39,32.29,20.11,20.1,42.51,52.96,65.9,62.85,61.23,25.3,13.26,4.0,4.04,10.11,30.07,32.66,74.91,64.54,42.3,29.85,25.33,25.52,20.1,0,0,0,1,1,0,1,0,1,1,0,0,1,1,1,1,1,1,0,0,1,0,0,1
173,253.285,137.1625,69.945,34.7475,7.1575,11.81,3.7325,9.945,24.4925,8.8375,15.2725,18.9875,15.5175,12.88,10.935,12.2825,15.5275,14.370000000000001,12.620000000000001,36.96,72.0875,89.85,83.2775,69.78999999999999,65.55,54.39,32.29,20.11,20.1,42.51,52.96,65.9,62.85,61.23,25.3,13.26,4.0,4.04,10.11,30.07,32.66,74.91,64.54,42.3,29.85,25.33,25.52,20.1,1,1,0,1,1,0,0,0,0,0,1,1,1,0,0,0,0,1,0,0,1,1,0,0
174,253.285,137.1625,69.945,34.7475,7.1575,11.81,3.7325,9.945,24.4925,8.8375,15.2725,18.9875,15.5175,12.88,10.935,12.2825,15.5275,14.370000000000001,12.620000000000001,36.96,72.0875,89.85,83.2775,69.78999999999999,65.55,54.39,32.29,20.11,20.1,42.51,52.96,65.9,62.85,61.23,25.3,13.26,4.0,4.04,10.11,30.07,32.66,74.91,64.54,42.3,29.85,25.33,25.52,20.1,0,1,0,0,0,1,0,1,1,1,0,0,0,0,0,0,1,1,1,0,0,1,1,0
175,253.285,137.1625,69.945,34.7475,7.1575,11.81,3.7325,9.945,24.4925,8.8375,15.2725,18.9875,15.5175,12.88,10.935,12.2825,15.5275,14.370000000000001,12.620000000000001,36.96,72.0875,89.85,83.2775,69.78999999999999,65.55,54.39,32.29,20.11,20.1,42.51,52.96,65.9,62.85,61.23,25.3,13.26,4.0,4.04,10.11,30.07,32.66,74.91,64.54,42.3,29.85,25.33,25.52,20.1,1,1,0,0,0,1,0,0,1,0,1,0,0,0,0,1,1,1,0,0,1,0,1,1
176,253.285,137.1625,69.945,34.7475,7.1575,11.81,3.7325,9.945,24.4925,8.8375,15.2725,18.9875,15.5175,12.88,10.935,12.2825,15.5275,14.370000000000001,12.620000000000001,36.96,72.0875,89.85,83.2775,69.78999999999999,4.0,4.0,4.0,4.0,9.8,4.0,16.04,43.93,39.29,12.6,0.34,-0.67,-0.7,-0.78,0.01,3.97,13.23,60.4,60.41,43.5,34.76,33.55,31.31,31.16,0,0,0,1,1,0,1,0,1,1,0,0,1,1,1,1,1,1,0,0,1,0,0,1
177,253.285,137.1625,69.945,34.7475,7.1575,11.81,3.7325,9.945,24.4925,8.8375,15.2725,18.9875,15.5175,12.88,10.935,12.2825,15.5275,14.370000000000001,12.620000000000001,36.96,72.0875,89.85,83.2775,69.78999999999999,4.0,4.0,4.0,4.0,9.8,4.0,16.04,43.93,39.29,12.6,0.34,-0.67,-0.7,-0.78,0.01,3.97,13.23,60.4,60.41,43.5,34.76,33.55,31.31,31.16,1,1,0,1,1,0,0,0,0,0,1,1,1,0,0,0,0,1,0,0,1,1,0,0
178,253.285,137.1625,69.945,34.7475,7.1575,11.81,3.7325,9.945,24.4925,8.8375,15.2725,18.9875,15.5175,12.88,10.935,12.2825,15.5275,14.370000000000001,12.620000000000001,36.96,72.0875,89.85,83.2775,69.78999999999999,4.0,4.0,4.0,4.0,9.8,4.0,16.04,43.93,39.29,12.6,0.34,-0.67,-0.7,-0.78,0.01,3.97,13.23,60.4,60.41,43.5,34.76,33.55,31.31,31.16,0,1,0,0,0,1,0,1,1,1,0,0,0,0,0,0,1,1,1,0,0,1,1,0
179,253.285,137.1625,69.945,34.7475,7.1575,11.81,3.7325,9.945,24.4925,8.8375,15.2725,18.9875,15.5175,12.88,10.935,12.2825,15.5275,14.370000000000001,12.620000000000001,36.96,72.0875,89.85,83.2775,69.78999999999999,4.0,4.0,4.0,4.0,9.8,4.0,16.04,43.93,39.29,12.6,0.34,-0.67,-0.7,-0.78,0.01,3.97,13.23,60.4,60.41,43.5,34.76,33.55,31.31,31.16,1,1,0,0,0,1,0,0,1,0,1,0,0,0,0,1,1,1,0,0,1,0,1,1
180,253.285,137.1625,69.945,34.7475,7.1575,11.81,3.7325,9.945,24.4925,8.8375,15.2725,18.9875,15.5175,12.88,10.935,12.2825,15.5275,14.370000000000001,12.620000000000001,36.96,72.0875,89.85,83.2775,69.78999999999999,30.3,29.53,35.47,39.26,47.4,65.97,93.16,139.44,108.51,78.7,50.47,4.02,0.08,0.02,13.16,63.61,99.2,129.7,165.36,149.11,125.64,106.63,101.47,91.11,0,0,0,1,1,0,1,0,1,1,0,0,1,1,1,1,1,1,0,0,1,0,0,1
181,253.285,137.1625,69.945,34.7475,7.1575,11.81,3.7325,9.945,24.4925,8.8375,15.2725,18.9875,15.5175,12.88,10.935,12.2825,15.5275,14.370000000000001,12.620000000000001,36.96,72.0875,89.85,83.2775,69.78999999999999,30.3,29.53,35.47,39.26,47.4,65.97,93.16,139.44,108.51,78.7,50.47,4.02,0.08,0.02,13.16,63.61,99.2,129.7,165.36,149.11,125.64,106.63,101.47,91.11,1,1,0,1,1,0,0,0,0,0,1,1,1,0,0,0,0,1,0,0,1,1,0,0
182,253.285,137.1625,69.945,34.7475,7.1575,11.81,3.7325,9.945,24.4925,8.8375,15.2725,18.9875,15.5175,12.88,10.935,12.2825,15.5275,14.370000000000001,12.620000000000001,36.96,72.0875,89.85,83.2775,69.78999999999999,30.3,29.53,35.47,39.26,47.4,65.97,93.16,139.44,108.51,78.7,50.47,4.02,0.08,0.02,13.16,63.61,99.2,129.7,165.36,149.11,125.64,106.63,101.47,91.11,0,1,0,0,0,1,0,1,1,1,0,0,0,0,0,0,1,1,1,0,0,1,1,0
183,253.285,137.1625,69.945,34.7475,7.1575,11.81,3.7325,9.945,24.4925,8.8375,15.2725,18.9875,15.5175,12.88,10.935,12.2825,15.5275,14.370000000000001,12.620000000000001,36.96,72.0875,89.85,83.2775,69.78999999999999,30.3,29.53,35.47,39.26,47.4,65.97,93.16,139.44,108.51,78.7,50.47,4.02,0.08,0.02,13.16,63.61,99.2,129.7,165.36,149.11,125.64,106.63,101.47,91.11,1,1,0,0,0,1,0,0,1,0,1,0,0,0,0,1,1,1,0,0,1,0,1,1
184,253.285,137.1625,69.945,34.7475,7.1575,11.81,3.7325,9.945,24.4925,8.8375,15.2725,18.9875,15.5175,12.88,10.935,12.2825,15.5275,14.370000000000001,12.620000000000001,36.96,72.0875,89.85,83.2775,69.78999999999999,90.27,90.27,91.38,91.69,98.13,115.16,135.67,147.7,122.23,83.0,65.3,31.51,13.08,8.08,37.05,90.15,126.99,149.92,216.65,178.68,148.7,132.4,119.11,111.83,0,0,0,1,1,0,1,0,1,1,0,0,1,1,1,1,1,1,0,0,1,0,0,1
185,253.285,137.1625,69.945,34.7475,7.1575,11.81,3.7325,9.945,24.4925,8.8375,15.2725,18.9875,15.5175,12.88,10.935,12.2825,15.5275,14.370000000000001,12.620000000000001,36.96,72.0875,89.85,83.2775,69.78999999999999,90.27,90.27,91.38,91.69,98.13,115.16,135.67,147.7,122.23,83.0,65.3,31.51,13.08,8.08,37.05,90.15,126.99,149.92,216.65,178.68,148.7,132.4,119.11,111.83,1,1,0,1,1,0,0,0,0,0,1,1,1,0,0,0,0,1,0,0,1,1,0,0
186,253.285,137.1625,69.945,34.7475,7.1575,11.81,3.7325,9.945,24.4925,8.8375,15.2725,18.9875,15.5175,12.88,10.935,12.2825,15.5275,14.370000000000001,12.620000000000001,36.96,72.0875,89.85,83.2775,69.78999999999999,90.27,90.27,91.38,91.69,98.13,115.16,135.67,147.7,122.23,83.0,65.3,31.51,13.08,8.08,37.05,90.15,126.99,149.92,216.65,178.68,148.7,132.4,119.11,111.83,0,1,0,0,0,1,0,1,1,1,0,0,0,0,0,0,1,1,1,0,0,1,1,0
187,253.285,137.1625,69.945,34.7475,7.1575,11.81,3.7325,9.945,24.4925,8.8375,15.2725,18.9875,15.5175,12.88,10.935,12.2825,15.5275,14.370000000000001,12.620000000000001,36.96,72.0875,89.85,83.2775,69.78999999999999,90.27,90.27,91.38,91.69,98.13,115.16,135.67,147.7,122.23,83.0,65.3,31.51,13.08,8.08,37.05,90.15,126.99,149.92,216.65,178.68,148.7,132.4,119.11,111.83,1,1,0,0,0,1,0,0,1,0,1,0,0,0,0,1,1,1,0,0,1,0,1,1
188,253.285,137.1625,69.945,34.7475,7.1575,11.81,3.7325,9.945,24.4925,8.8375,15.2725,18.9875,15.5175,12.88,10.935,12.2825,15.5275,14.370000000000001,12.620000000000001,36.96,72.0875,89.85,83.2775,69.78999999999999,124.97,113.94,117.22,116.76,118.42,121.3,127.82,120.6,98.05,72.54,18.05,2.07,-0.33,-0.1,2.76,53.53,100.87,145.58,174.04,140.03,111.21,100.01,99.24,97.9,0,0,0,1,1,0,1,0,1,1,0,0,1,1,1,1,1,1,0,0,1,0,0,1
189,253.285,137.1625,69.945,34.7475,7.1575,11.81,3.7325,9.945,24.4925,8.8375,15.2725,18.9875,15.5175,12.88,10.935,12.2825,15.5275,14.370000000000001,12.620000000000001,36.96,72.0875,89.85,83.2775,69.78999999999999,124.97,113.94,117.22,116.76,118.42,121.3,127.82,120.6,98.05,72.54,18.05,2.07,-0.33,-0.1,2.76,53.53,100.87,145.58,174.04,140.03,111.21,100.01,99.24,97.9,1,1,0,1,1,0,0,0,0,0,1,1,1,0,0,0,0,1,0,0,1,1,0,0
190,253.285,137.1625,69.945,34.7475,7.1575,11.81,3.7325,9.945,24.4925,8.8375,15.2725,18.9875,15.5175,12.88,10.935,12.2825,15.5275,14.370000000000001,12.620000000000001,36.96,72.0875,89.85,83.2775,69.78999999999999,124.97,113.94,117.22,116.76,118.42,121.3,127.82,120.6,98.05,72.54,18.05,2.07,-0.33,-0.1,2.76,53.53,100.87,145.58,174.04,140.03,111.21,100.01,99.24,97.9,0,1,0,0,0,1,0,1,1,1,0,0,0,0,0,0,1,1,1,0,0,1,1,0
191,253.285,137.1625,69.945,34.7475,7.1575,11.81,3.7325,9.945,24.4925,8.8375,15.2725,18.9875,15.5175,12.88,10.935,12.2825,15.5275,14.370000000000001,12.620000000000001,36.96,72.0875,89.85,83.2775,69.78999999999999,124.97,113.94,117.22,116.76,118.42,121.3,127.82,120.6,98.05,72.54,18.05,2.07,-0.33,-0.1,2.76,53.53,100.87,145.58,174.04,140.03,111.21,100.01,99.24,97.9,1,1,0,0,0,1,0,0,1,0,1,0,0,0,0,1,1,1,0,0,1,0,1,1
192,253.285,137.1625,69.945,34.7475,7.1575,11.81,3.7325,9.945,24.4925,8.8375,15.2725,18.9875,15.5175,12.88,10.935,12.2825,15.5275,14.370000000000001,12.620000000000001,36.96,72.0875,89.85,83.2775,69.78999999999999,95.19,94.81,94.44,96.51,98.67,101.51,100.0,93.0,59.02,24.41,21.32,3.95,1.29,3.95,11.03,28.01,68.99,107.86,134.15,132.71,114.54,107.87,104.56,103.64,0,0,0,1,1,0,1,0,1,1,0,0,1,1,1,1,1,1,0,0,1,0,0,1
193,253.285,137.1625,69.945,34.7475,7.1575,11.81,3.7325,9.945,24.4925,8.8375,15.2725,18.9875,15.5175,12.88,10.935,12.2825,15.5275,14.370000000000001,12.620000000000001,36.96,72.0875,89.85,83.2775,69.78999999999999,95.19,94.81,94.44,96.51,98.67,101.51,100.0,93.0,59.02,24.41,21.32,3.95,1.29,3.95,11.03,28.01,68.99,107.86,134.15,132.71,114.54,107.87,104.56,103.64,1,1,0,1,1,0,0,0,0,0,1,1,1,0,0,0,0,1,0,0,1,1,0,0
194,253.285,137.1625,69.945,34.7475,7.1575,11.81,3.7325,9.945,24.4925,8.8375,15.2725,18.9875,15.5175,12.88,10.935,12.2825,15.5275,14.370000000000001,12.620000000000001,36.96,72.0875,89.85,83.2775,69.78999999999999,95.19,94.81,94.44,96.51,98.67,101.51,100.0,93.0,59.02,24.41,21.32,3.95,1.29,3.95,11.03,28.01,68.99,107.86,134.15,132.71,114.54,107.87,104.56,103.64,0,1,0,0,0,1,0,1,1,1,0,0,0,0,0,0,1,1,1,0,0,1,1,0
195,253.285,137.1625,69.945,34.7475,7.1575,11.81,3.7325,9.945,24.4925,8.8375,15.2725,18.9875,15.5175,12.88,10.935,12.2825,15.5275,14.370000000000001,12.620000000000001,36.96,72.0875,89.85,83.2775,69.78999999999999,95.19,94.81,94.44,96.51,98.67,101.51,100.0,93.0,59.02,24.41,21.32,3.95,1.29,3.95,11.03,28.01,68.99,107.86,134.15,132.71,114.54,107.87,104.56,103.64,1,1,0,0,0,1,0,0,1,0,1,0,0,0,0,1,1,1,0,0,1,0,1,1
196,253.285,137.1625,69.945,34.7475,7.1575,11.81,3.7325,9.945,24.4925,8.8375,15.2725,18.9875,15.5175,12.88,10.935,12.2825,15.5275,14.370000000000001,12.620000000000001,36.96,72.0875,89.85,83.2775,69.78999999999999,95.84,94.92,96.7,96.86,89.98,101.13,148.63,159.87,134.08,98.92,84.44,77.92,76.06,77.36,83.96,97.54,127.59,148.1,175.06,160.4,142.28,126.68,106.87,97.93,0,0,0,1,1,0,1,0,1,1,0,0,1,1,1,1,1,1,0,0,1,0,0,1
197,253.285,137.1625,69.945,34.7475,7.1575,11.81,3.7325,9.945,24.4925,8.8375,15.2725,18.9875,15.5175,12.88,10.935,12.2825,15.5275,14.370000000000001,12.620000000000001,36.96,72.0875,89.85,83.2775,69.78999999999999,95.84,94.92,96.7,96.86,89.98,101.13,148.63,159.87,134.08,98.92,84.44,77.92,76.06,77.36,83.96,97.54,127.59,148.1,175.06,160.4,142.28,126.68,106.87,97.93,1,1,0,1,1,0,0,0,0,0,1,1,1,0,0,0,0,1,0,0,1,1,0,0
198,253.285,137.1625,69.945,34.7475,7.1575,11.81,3.7325,9.945,24.4925,8.8375,15.2725,18.9875,15.5175,12.88,10.935,12.2825,15.5275,14.370000000000001,12.620000000000001,36.96,72.0875,89.85,83.2775,69.78999999999999,95.84,94.92,96.7,96.86,89.98,101.13,148.63,159.87,134.08,98.92,84.44,77.92,76.06,77.36,83.96,97.54,127.59,148.1,175.06,160.4,142.28,126.68,106.87,97.93,0,1,0,0,0,1,0,1,1,1,0,0,0,0,0,0,1,1,1,0,0,1,1,0
199,253.285,137.1625,69.945,34.7475,7.1575,11.81,3.7325,9.945,24.4925,8.8375,15.2725,18.9875,15.5175,12.88,10.935,12.2825,15.5275,14.370000000000001,12.620000000000001,36.96,72.0875,89.85,83.2775,69.78999999999999,95.84,94.92,96.7,96.86,89.98,101.13,148.63,159.87,134.08,98.92,84.44,77.92,76.06,77.36,83.96,97.54,127.59,148.1,175.06,160.4,142.28,126.68,106.87,97.93,1,1,0,0,0,1,0,0,1,0,1,0,0,0,0,1,1,1,0,0,1,0,1,1
200,253.285,137.1625,69.945,34.7475,7.1575,11.81,3.7325,9.945,24.4925,8.8375,15.2725,18.9875,15.5175,12.88,10.935,12.2825,15.5275,14.370000000000001,12.620000000000001,36.96,72.0875,89.85,83.2775,69.78999999999999,104.39,101.79,99.72,100.48,102.51,110.88,148.14,153.09,146.54,128.53,102.0,97.48,96.45,98.39,102.35,112.84,132.9,172.03,205.15,181.06,149.49,133.05,121.27,107.36,0,0,0,1,1,0,1,0,1,1,0,0,1,1,1,1,1,1,0,0,1,0,0,1
201,253.285,137.1625,69.945,34.7475,7.1575,11.81,3.7325,9.945,24.4925,8.8375,15.2725,18.9875,15.5175,12.88,10.935,12.2825,15.5275,14.370000000000001,12.620000000000001,36.96,72.0875,89.85,83.2775,69.78999999999999,104.39,101.79,99.72,100.48,102.51,110.88,148.14,153.09,146.54,128.53,102.0,97.48,96.45,98.39,102.35,112.84,132.9,172.03,205.15,181.06,149.49,133.05,121.27,107.36,1,1,0,1,1,0,0,0,0,0,1,1,1,0,0,0,0,1,0,0,1,1,0,0
202,253.285,137.1625,69.945,34.7475,7.1575,11.81,3.7325,9.945,24.4925,8.8375,15.2725,18.9875,15.5175,12.88,10.935,12.2825,15.5275,14.370000000000001,12.620000000000001,36.96,72.0875,89.85,83.2775,69.78999999999999,104.39,101.79,99.72,100.48,102.51,110.88,148.14,153.09,146.54,128.53,102.0,97.48,96.45,98.39,102.35,112.84,132.9,172.03,205.15,181.06,149.49,133.05,121.27,107.36,0,1,0,0,0,1,0,1,1,1,0,0,0,0,0,0,1,1,1,0,0,1,1,0
203,253.285,137.1625,69.945,34.7475,7.1575,11.81,3.7325,9.945,24.4925,8.8375,15.2725,18.9875,15.5175,12.88,10.935,12.2825,15.5275,14.370000000000001,12.620000000000001,36.96,72.0875,89.85,83.2775,69.78999999999999,104.39,101.79,99.72,100.48,102.51,110.88,148.14,153.09,146.54,128.53,102.0,97.48,96.45,98.39,102.35,112.84,132.9,172.03,205.15,181.06,149.49,133.05,121.27,107.36,1,1,0,0,0,1,0,0,1,0,1,0,0,0,0,1,1,1,0,0,1,0,1,1
204,253.285,137.1625,69.945,34.7475,7.1575,11.81,3.7325,9.945,24.4925,8.8375,15.2725,18.9875,15.5175,12.88,10.935,12.2825,15.5275,14.370000000000001,12.620000000000001,36.96,72.0875,89.85,83.2775,69.78999999999999,101.74,100.11,97.82,97.43,101.85,110.37,144.57,161.75,148.49,125.02,102.64,99.73,98.11,99.95,101.69,117.81,140.35,159.04,199.9,179.58,148.09,132.26,120.02,109.91,0,0,0,1,1,0,1,0,1,1,0,0,1,1,1,1,1,1,0,0,1,0,0,1
205,253.285,137.1625,69.945,34.7475,7.1575,11.81,3.7325,9.945,24.4925,8.8375,15.2725,18.9875,15.5175,12.88,10.935,12.2825,15.5275,14.370000000000001,12.620000000000001,36.96,72.0875,89.85,83.2775,69.78999999999999,101.74,100.11,97.82,97.43,101.85,110.37,144.57,161.75,148.49,125.02,102.64,99.73,98.11,99.95,101.69,117.81,140.35,159.04,199.9,179.58,148.09,132.26,120.02,109.91,1,1,0,1,1,0,0,0,0,0,1,1,1,0,0,0,0,1,0,0,1,1,0,0
206,253.285,137.1625,69.945,34.7475,7.1575,11.81,3.7325,9.945,24.4925,8.8375,15.2725,18.9875,15.5175,12.88,10.935,12.2825,15.5275,14.370000000000001,12.620000000000001,36.96,72.0875,89.85,83.2775,69.78999999999999,101.74,100.11,97.82,97.43,101.85,110.37,144.57,161.75,148.49,125.02,102.64,99.73,98.11,99.95,101.69,117.81,140.35,159.04,199.9,179.58,148.09,132.26,120.02,109.91,0,1,0,0,0,1,0,1,1,1,0,0,0,0,0,0,1,1,1,0,0,1,1,0
207,253.285,137.1625,69.945,34.7475,7.1575,11.81,3.7325,9.945,24.4925,8.8375,15.2725,18.9875,15.5175,12.88,10.935,12.2825,15.5275,14.370000000000001,12.620000000000001,36.96,72.0875,89.85,83.2775,69.78999999999999,101.74,100.11,97.82,97.43,101.85,110.37,144.57,161.75,148.49,125.02,102.64,99.73,98.11,99.95,101.69,117.81,140.35,159.04,199.9,179.58,148.09,132.26,120.02,109.91,1,1,0,0,0,1,0,0,1,0,1,0,0,0,0,1,1,1,0,0,1,0,1,1
208,253.285,137.1625,69.945,34.7475,7.1575,11.81,3.7325,9.945,24.4925,8.8375,15.2725,18.9875,15.5175,12.88,10.935,12.2825,15.5275,14.370000000000001,12.620000000000001,36.96,72.0875,89.85,83.2775,69.78999999999999,108.49,102.22,98.96,96.69,98.33,105.87,132.7,160.74,160.99,154.8,123.84,110.75,110.08,108.28,107.6,110.02,121.56,142.95,166.09,173.42,148.99,135.69,123.41,111.53,0,0,0,1,1,0,1,0,1,1,0,0,1,1,1,1,1,1,0,0,1,0,0,1
209,253.285,137.1625,69.945,34.7475,7.1575,11.81,3.7325,9.945,24.4925,8.8375,15.2725,18.9875,15.5175,12.88,10.935,12.2825,15.5275,14.370000000000001,12.620000000000001,36.96,72.0875,89.85,83.2775,69.78999999999999,108.49,102.22,98.96,96.69,98.33,105.87,132.7,160.74,160.99,154.8,123.84,110.75,110.08,108.28,107.6,110.02,121.56,142.95,166.09,173.42,148.99,135.69,123.41,111.53,1,1,0,1,1,0,0,0,0,0,1,1,1,0,0,0,0,1,0,0,1,1,0,0
210,253.285,137.1625,69.945,34.7475,7.1575,11.81,3.7325,9.945,24.4925,8.8375,15.2725,18.9875,15.5175,12.88,10.935,12.2825,15.5275,14.370000000000001,12.620000000000001,36.96,72.0875,89.85,83.2775,69.78999999999999,108.49,102.22,98.96,96.69,98.33,105.87,132.7,160.74,160.99,154.8,123.84,110.75,110.08,108.28,107.6,110.02,121.56,142.95,166.09,173.42,148.99,135.69,123.41,111.53,0,1,0,0,0,1,0,1,1,1,0,0,0,0,0,0,1,1,1,0,0,1,1,0
211,253.285,137.1625,69.945,34.7475,7.1575,11.81,3.7325,9.945,24.4925,8.8375,15.2725,18.9875,15.5175,12.88,10.935,12.2825,15.5275,14.370000000000001,12.620000000000001,36.96,72.0875,89.85,83.2775,69.78999999999999,108.49,102.22,98.96,96.69,98.33,105.87,132.7,160.74,160.99,154.8,123.84,110.75,110.08,108.28,107.6,110.02,121.56,142.95,166.09,173.42,148.99,135.69,123.41,111.53,1,1,0,0,0,1,0,0,1,0,1,0,0,0,0,1,1,1,0,0,1,0,1,1
212,253.285,137.1625,69.945,34.7475,7.1575,11.81,3.7325,9.945,24.4925,8.8375,15.2725,18.9875,15.5175,12.88,10.935,12.2825,15.5275,14.370000000000001,12.620000000000001,36.96,72.0875,89.85,83.2775,69.78999999999999,109.19,106.08,105.97,103.89,105.37,114.08,143.05,155.29,155.08,132.11,112.01,106.37,104.49,104.58,105.38,109.42,124.93,146.56,155.47,151.02,130.1,111.46,114.0,105.15,0,0,0,1,1,0,1,0,1,1,0,0,1,1,1,1,1,1,0,0,1,0,0,1
213,253.285,137.1625,69.945,34.7475,7.1575,11.81,3.7325,9.945,24.4925,8.8375,15.2725,18.9875,15.5175,12.88,10.935,12.2825,15.5275,14.370000000000001,12.620000000000001,36.96,72.0875,89.85,83.2775,69.78999999999999,109.19,106.08,105.97,103.89,105.37,114.08,143.05,155.29,155.08,132.11,112.01,106.37,104.49,104.58,105.38,109.42,124.93,146.56,155.47,151.02,130.1,111.46,114.0,105.15,1,1,0,1,1,0,0,0,0,0,1,1,1,0,0,0,0,1,0,0,1,1,0,0
214,253.285,137.1625,69.945,34.7475,7.1575,11.81,3.7325,9.945,24.4925,8.8375,15.2725,18.9875,15.5175,12.88,10.935,12.2825,15.5275,14.370000000000001,12.620000000000001,36.96,72.0875,89.85,83.2775,69.78999999999999,109.19,106.08,105.97,103.89,105.37,114.08,143.05,155.29,155.08,132.11,112.01,106.37,104.49,104.58,105.38,109.42,124.93,146.56,155.47,151.02,130.1,111.46,114.0,105.15,0,1,0,0,0,1,0,1,1,1,0,0,0,0,0,0,1,1,1,0,0,1,1,0
215,253.285,137.1625,69.945,34.7475,7.1575,11.81,3.7325,9.945,24.4925,8.8375,15.2725,18.9875,15.5175,12.88,10.935,12.2825,15.5275,14.370000000000001,12.620000000000001,36.96,72.0875,89.85,83.2775,69.78999999999999,109.19,106.08,105.97,103.89,105.37,114.08,143.05,155.29,155.08,132.11,112.01,106.37,104.49,104.58,105.38,109.42,124.93,146.56,155.47,151.02,130.1,111.46,114.0,105.15,1,1,0,0,0,1,0,0,1,0,1,0,0,0,0,1,1,1,0,0,1,0,1,1
216,253.285,137.1625,69.945,34.7475,7.1575,11.81,3.7325,9.945,24.4925,8.8375,15.2725,18.9875,15.5175,12.88,10.935,12.2825,15.5275,14.370000000000001,12.620000000000001,36.96,72.0875,89.85,83.2775,69.78999999999999,112.16,103.15,96.0,89.89,86.89,90.55,97.0,99.38,98.73,86.36,72.35,67.12,57.28,47.96,54.46,70.76,84.2,121.87,130.26,132.91,121.41,108.46,104.98,95.21,0,0,0,1,1,0,1,0,1,1,0,0,1,1,1,1,1,1,0,0,1,0,0,1
217,253.285,137.1625,69.945,34.7475,7.1575,11.81,3.7325,9.945,24.4925,8.8375,15.2725,18.9875,15.5175,12.88,10.935,12.2825,15.5275,14.370000000000001,12.620000000000001,36.96,72.0875,89.85,83.2775,69.78999999999999,112.16,103.15,96.0,89.89,86.89,90.55,97.0,99.38,98.73,86.36,72.35,67.12,57.28,47.96,54.46,70.76,84.2,121.87,130.26,132.91,121.41,108.46,104.98,95.21,1,1,0,1,1,0,0,0,0,0,1,1,1,0,0,0,0,1,0,0,1,1,0,0
218,253.285,137.1625,69.945,34.7475,7.1575,11.81,3.7325,9.945,24.4925,8.8375,15.2725,18.9875,15.5175,12.88,10.935,12.2825,15.5275,14.370000000000001,12.620000000000001,36.96,72.0875,89.85,83.2775,69.78999999999999,112.16,103.15,96.0,89.89,86.89,90.55,97.0,99.38,98.73,86.36,72.35,67.12,57.28,47.96,54.46,70.76,84.2,121.87,130.26,132.91,121.41,108.46,104.98,95.21,0,1,0,0,0,1,0,1,1,1,0,0,0,0,0,0,1,1,1,0,0,1,1,0
219,253.285,137.1625,69.945,34.7475,7.1575,11.81,3.7325,9.945,24.4925,8.8375,15.2725,18.9875,15.5175,12.88,10.935,12.2825,15.5275,14.370000000000001,12.620000000000001,36.96,72.0875,89.85,83.2775,69.78999999999999,112.16,103.15,96.0,89.89,86.89,90.55,97.0,99.38,98.73,86.36,72.35,67.12,57.28,47.96,54.46,70.76,84.2,121.87,130.26,132.91,121.41,108.46,104.98,95.21,1,1,0,0,0,1,0,0,1,0,1,0,0,0,0,1,1,1,0,0,1,0,1,1
220,253.285,137.1625,69.945,34.7475,7.1575,11.81,3.7325,9.945,24.4925,8.8375,15.2725,18.9875,15.5175,12.88,10.935,12.2825,15.5275,14.370000000000001,12.620000000000001,36.96,72.0875,89.85,83.2775,69.78999999999999,89.97,85.75,79.57,78.15,78.55,29.41,30.14,30.7,30.5,28.73,24.06,2.9,1.01,0.19,2.67,30.81,59.97,94.68,83.61,45.54,31.49,31.1,30.69,30.44,0,0,0,1,1,0,1,0,1,1,0,0,1,1,1,1,1,1,0,0,1,0,0,1
221,253.285,137.1625,69.945,34.7475,7.1575,11.81,3.7325,9.945,24.4925,8.8375,15.2725,18.9875,15.5175,12.88,10.935,12.2825,15.5275,14.370000000000001,12.620000000000001,36.96,72.0875,89.85,83.2775,69.78999999999999,89.97,85.75,79.57,78.15,78.55,29.41,30.14,30.7,30.5,28.73,24.06,2.9,1.01,0.19,2.67,30.81,59.97,94.68,83.61,45.54,31.49,31.1,30.69,30.44,1,1,0,1,1,0,0,0,0,0,1,1,1,0,0,0,0,1,0,0,1,1,0,0
222,253.285,137.1625,69.945,34.7475,7.1575,11.81,3.7325,9.945,24.4925,8.8375,15.2725,18.9875,15.5175,12.88,10.935,12.2825,15.5275,14.370000000000001,12.620000000000001,36.96,72.0875,89.85,83.2775,69.78999999999999,89.97,85.75,79.57,78.15,78.55,29.41,30.14,30.7,30.5,28.73,24.06,2.9,1.01,0.19,2.67,30.81,59.97,94.68,83.61,45.54,31.49,31.1,30.69,30.44,0,1,0,0,0,1,0,1,1,1,0,0,0,0,0,0,1,1,1,0,0,1,1,0
223,253.285,137.1625,69.945,34.7475,7.1575,11.81,3.7325,9.945,24.4925,8.8375,15.2725,18.9875,15.5175,12.88,10.935,12.2825,15.5275,14.370000000000001,12.620000000000001,36.96,72.0875,89.85,83.2775,69.78999999999999,89.97,85.75,79.57,78.15,78.55,29.41,30.14,30.7,30.5,28.73,24.06,2.9,1.01,0.19,2.67,30.81,59.97,94.68,83.61,45.54,31.49,31.1,30.69,30.44,1,1,0,0,0,1,0,0,1,0,1,0,0,0,0,1,1,1,0,0,1,0,1,1
224,253.285,137.1625,69.945,34.7475,7.1575,11.81,3.7325,9.945,24.4925,8.8375,15.2725,18.9875,15.5175,12.88,10.935,12.2825,15.5275,14.370000000000001,12.620000000000001,36.96,72.0875,89.85,83.2775,69.78999999999999,30.66,40.11,77.6,80.9,85.84,103.33,135.26,152.96,135.32,100.77,68.2,50.53,31.14,27.92,50.12,70.02,98.59,143.14,177.42,170.09,141.58,113.55,106.46,93.49,0,0,0,1,1,0,1,0,1,1,0,0,1,1,1,1,1,1,0,0,1,0,0,1
225,253.285,137.1625,69.945,34.7475,7.1575,11.81,3.7325,9.945,24.4925,8.8375,15.2725,18.9875,15.5175,12.88,10.935,12.2825,15.5275,14.370000000000001,12.620000000000001,36.96,72.0875,89.85,83.2775,69.78999999999999,30.66,40.11,77.6,80.9,85.84,103.33,135.26,152.96,135.32,100.77,68.2,50.53,31.14,27.92,50.12,70.02,98.59,143.14,177.42,170.09,141.58,113.55,106.46,93.49,1,1,0,1,1,0,0,0,0,0,1,1,1,0,0,0,0,1,0,0,1,1,0,0
226,253.285,137.1625,69.945,34.7475,7.1575,11.81,3.7325,9.945,24.4925,8.8375,15.2725,18.9875,15.5175,12.88,10.935,12.2825,15.5275,14.370000000000001,12.620000000000001,36.96,72.0875,89.85,83.2775,69.78999999999999,30.66,40.11,77.6,80.9,85.84,103.33,135.26,152.96,135.32,100.77,68.2,50.53,31.14,27.92,50.12,70.02,98.59,143.14,177.42,170.09,141.58,113.55,106.46,93.49,0,1,0,0,0,1,0,1,1,1,0,0,0,0,0,0,1,1,1,0,0,1,1,0
227,253.285,137.1625,69.945,34.7475,7.1575,11.81,3.7325,9.945,24.4925,8.8375,15.2725,18.9875,15.5175,12.88,10.935,12.2825,15.5275,14.370000000000001,12.620000000000001,36.96,72.0875,89.85,83.2775,69.78999999999999,30.66,40.11,77.6,80.9,85.84,103.33,135.26,152.96,135.32,100.77,68.2,50.53,31.14,27.92,50.12,70.02,98.59,143.14,177.42,170.09,141.58,113.55,106.46,93.49,1,1,0,0,0,1,0,0,1,0,1,0,0,0,0,1,1,1,0,0,1,0,1,1
228,253.285,137.1625,69.945,34.7475,7.1575,11.81,3.7325,9.945,24.4925,8.8375,15.2725,18.9875,15.5175,12.88,10.935,12.2825,15.5275,14.370000000000001,12.620000000000001,36.96,72.0875,89.85,83.2775,69.78999999999999,92.18,89.96,89.71,67.1,69.44,102.28,128.02,136.73,106.56,68.46,27.24,1.79,-0.2,-0.28,17.36,38.6,96.03,141.1,171.17,167.77,142.51,117.77,107.46,100.5,0,0,0,1,1,0,1,0,1,1,0,0,1,1,1,1,1,1,0,0,1,0,0,1
229,253.285,137.1625,69.945,34.7475,7.1575,11.81,3.7325,9.945,24.4925,8.8375,15.2725,18.9875,15.5175,12.88,10.935,12.2825,15.5275,14.370000000000001,12.620000000000001,36.96,72.0875,89.85,83.2775,69.78999999999999,92.18,89.96,89.71,67.1,69.44,102.28,128.02,136.73,106.56,68.46,27.24,1.79,-0.2,-0.28,17.36,38.6,96.03,141.1,171.17,167.77,142.51,117.77,107.46,100.5,1,1,0,1,1,0,0,0,0,0,1,1,1,0,0,0,0,1,0,0,1,1,0,0
230,253.285,137.1625,69.945,34.7475,7.1575,11.81,3.7325,9.945,24.4925,8.8375,15.2725,18.9875,15.5175,12.88,10.935,12.2825,15.5275,14.370000000000001,12.620000000000001,36.96,72.0875,89.85,83.2775,69.78999999999999,92.18,89.96,89.71,67.1,69.44,102.28,128.02,136.73,106.56,68.46,27.24,1.79,-0.2,-0.28,17.36,38.6,96.03,141.1,171.17,167.77,142.51,117.77,107.46,100.5,0,1,0,0,0,1,0,1,1,1,0,0,0,0,0,0,1,1,1,0,0,1,1,0
231,253.285,137.1625,69.945,34.7475,7.1575,11.81,3.7325,9.945,24.4925,8.8375,15.2725,18.9875,15.5175,12.88,10.935,12.2825,15.5275,14.370000000000001,12.620000000000001,36.96,72.0875,89.85,83.2775,69.78999999999999,92.18,89.96,89.71,67.1,69.44,102.28,128.02,136.73,106.56,68.46,27.24,1.79,-0.2,-0.28,17.36,38.6,96.03,141.1,171.17,167.77,142.51,117.77,107.46,100.5,1,1,0,0,0,1,0,0,1,0,1,0,0,0,0,1,1,1,0,0,1,0,1,1
232,253.285,137.1625,69.945,34.7475,7.1575,11.81,3.7325,9.945,24.4925,8.8375,15.2725,18.9875,15.5175,12.88,10.935,12.2825,15.5275,14.370000000000001,12.620000000000001,36.96,72.0875,89.85,83.2775,69.78999999999999,204.12,101.46,97.67,98.58,101.74,110.71,153.27,140.98,99.91,76.08,38.9,6.7,3.13,3.41,30.98,62.63,120.26,154.93,279.34,251.99,163.48,136.61,124.83,117.5,0,0,0,1,1,0,1,0,1,1,0,0,1,1,1,1,1,1,0,0,1,0,0,1
233,253.285,137.1625,69.945,34.7475,7.1575,11.81,3.7325,9.945,24.4925,8.8375,15.2725,18.9875,15.5175,12.88,10.935,12.2825,15.5275,14.370000000000001,12.620000000000001,36.96,72.0875,89.85,83.2775,69.78999999999999,204.12,101.46,97.67,98.58,101.74,110.71,153.27,140.98,99.91,76.08,38.9,6.7,3.13,3.41,30.98,62.63,120.26,154.93,279.34,251.99,163.48,136.61,124.83,117.5,1,1,0,1,1,0,0,0,0,0,1,1,1,0,0,0,0,1,0,0,1,1,0,0
234,253.285,137.1625,69.945,34.7475,7.1575,11.81,3.7325,9.945,24.4925,8.8375,15.2725,18.9875,15.5175,12.88,10.935,12.2825,15.5275,14.370000000000001,12.620000000000001,36.96,72.0875,89.85,83.2775,69.78999999999999,204.12,101.46,97.67,98.58,101.74,110.71,153.27,140.98,99.91,76.08,38.9,6.7,3.13,3.41,30.98,62.63,120.26,154.93,279.34,251.99,163.48,136.61,124.83,117.5,0,1,0,0,0,1,0,1,1,1,0,0,0,0,0,0,1,1,1,0,0,1,1,0
235,253.285,137.1625,69.945,34.7475,7.1575,11.81,3.7325,9.945,24.4925,8.8375,15.2725,18.9875,15.5175,12.88,10.935,12.2825,15.5275,14.370000000000001,12.620000000000001,36.96,72.0875,89.85,83.2775,69.78999999999999,204.12,101.46,97.67,98.58,101.74,110.71,153.27,140.98,99.91,76.08,38.9,6.7,3.13,3.41,30.98,62.63,120.26,154.93,279.34,251.99,163.48,136.61,124.83,117.5,1,1,0,0,0,1,0,0,1,0,1,0,0,0,0,1,1,1,0,0,1,0,1,1
236,253.285,137.1625,69.945,34.7475,7.1575,11.81,3.7325,9.945,24.4925,8.8375,15.2725,18.9875,15.5175,12.88,10.935,12.2825,15.5275,14.370000000000001,12.620000000000001,36.96,72.0875,89.85,83.2775,69.78999999999999,107.45,102.55,101.34,102.15,106.74,122.73,158.29,147.93,108.19,73.39,28.86,3.96,-0.56,-0.16,27.42,40.28,109.8,147.64,248.27,220.53,176.9,138.38,124.58,111.27,0,0,0,1,1,0,1,0,1,1,0,0,1,1,1,1,1,1,0,0,1,0,0,1
237,253.285,137.1625,69.945,34.7475,7.1575,11.81,3.7325,9.945,24.4925,8.8375,15.2725,18.9875,15.5175,12.88,10.935,12.2825,15.5275,14.370000000000001,12.620000000000001,36.96,72.0875,89.85,83.2775,69.78999999999999,107.45,102.55,101.34,102.15,106.74,122.73,158.29,147.93,108.19,73.39,28.86,3.96,-0.56,-0.16,27.42,40.28,109.8,147.64,248.27,220.53,176.9,138.38,124.58,111.27,1,1,0,1,1,0,0,0,0,0,1,1,1,0,0,0,0,1,0,0,1,1,0,0
238,253.285,137.1625,69.945,34.7475,7.1575,11.81,3.7325,9.945,24.4925,8.8375,15.2725,18.9875,15.5175,12.88,10.935,12.2825,15.5275,14.370000000000001,12.620000000000001,36.96,72.0875,89.85,83.2775,69.78999999999999,107.45,102.55,101.34,102.15,106.74,122.73,158.29,147.93,108.19,73.39,28.86,3.96,-0.56,-0.16,27.42,40.28,109.8,147.64,248.27,220.53,176.9,138.38,124.58,111.27,0,1,0,0,0,1,0,1,1,1,0,0,0,0,0,0,1,1,1,0,0,1,1,0
239,253.285,137.1625,69.945,34.7475,7.1575,11.81,3.7325,9.945,24.4925,8.8375,15.2725,18.9875,15.5175,12.88,10.935,12.2825,15.5275,14.370000000000001,12.620000000000001,36.96,72.0875,89.85,83.2775,69.78999999999999,107.45,102.55,101.34,102.15,106.74,122.73,158.29,147.93,108.19,73.39,28.86,3.96,-0.56,-0.16,27.42,40.28,109.8,147.64,248.27,220.53,176.9,138.38,124.58,111.27,1,1,0,0,0,1,0,0,1,0,1,0,0,0,0,1,1,1,0,0,1,0,1,1
240,72.075,95.58250000000001,117.1075,97.9125,55.8475,46.0875,42.3475,38.7175,39.057500000000005,45.6775,30.5875,10.35,17.87,14.51,8.895,13.1875,18.1725,16.1725,23.8025,111.32,198.035,275.42,322.805,299.84,128.2,120.38,117.09,112.15,109.75,111.89,117.11,135.81,138.82,137.77,125.08,112.1,102.21,97.27,99.39,97.8,125.41,145.0,158.55,150.78,133.41,125.42,122.03,119.92,0,0,0,1,1,0,1,0,1,1,0,0,1,1,1,1,1,1,0,0,1,0,0,1
241,72.075,95.58250000000001,117.1075,97.9125,55.8475,46.0875,42.3475,38.7175,39.057500000000005,45.6775,30.5875,10.35,17.87,14.51,8.895,13.1875,18.1725,16.1725,23.8025,111.32,198.035,275.42,322.805,299.84,128.2,120.38,117.09,112.15,109.75,111.89,117.11,135.81,138.82,137.77,125.08,112.1,102.21,97.27,99.39,97.8,125.41,145.0,158.55,150.78,133.41,125.42,122.03,119.92,1,1,0,1,1,0,0,0,0,0,1,1,1,0,0,0,0,1,0,0,1,1,0,0
242,72.075,95.58250000000001,117.1075,97.9125,55.8475,46.0875,42.3475,38.7175,39.057500000000005,45.6775,30.5875,10.35,17.87,14.51,8.895,13.1875,18.1725,16.1725,23.8025,111.32,198.035,275.42,322.805,299.84,128.2,120.38,117.09,112.15,109.75,111.89,117.11,135.81,138.82,137.77,125.08,112.1,102.21,97.27,99.39,97.8,125.41,145.0,158.55,150.78,133.41,125.42,122.03,119.92,0,1,0,0,0,1,0,1,1,1,0,0,0,0,0,0,1,1,1,0,0,1,1,0
243,72.075,95.58250000000001,117.1075,97.9125,55.8475,46.0875,42.3475,38.7175,39.057500000000005,45.6775,30.5875,10.35,17.87,14.51,8.895,13.1875,18.1725,16.1725,23.8025,111.32,198.035,275.42,322.805,299.84,128.2,120.38,117.09,112.15,109.75,111.89,117.11,135.81,138.82,137.77,125.08,112.1,102.21,97.27,99.39,97.8,125.41,145.0,158.55,150.78,133.41,125.42,122.03,119.92,1,1,0,0,0,1,0,0,1,0,1,0,0,0,0,1,1,1,0,0,1,0,1,1
244,72.075,95.58250000000001,117.1075,97.9125,55.8475,46.0875,42.3475,38.7175,39.057500000000005,45.6775,30.5875,10.35,17.87,14.51,8.895,13.1875,18.1725,16.1725,23.8025,111.32,198.035,275.42,322.805,299.84,102.61,57.86,30.22,21.37,19.06,19.05,43.56,90.69,103.11,89.0,33.71,11.22,7.4,3.14,2.85,19.0,54.16,99.69,136.58,117.23,80.9,61.1,35.12,25.41,0,0,0,1,1,0,1,0,1,1,0,0,1,1,1,1,1,1,0,0,1,0,0,1
245,72.075,95.58250000000001,117.1075,97.9125,55.8475,46.0875,42.3475,38.7175,39.057500000000005,45.6775,30.5875,10.35,17.87,14.51,8.895,13.1875,18.1725,16.1725,23.8025,111.32,198.035,275.42,322.805,299.84,102.61,57.86,30.22,21.37,19.06,19.05,43.56,90.69,103.11,89.0,33.71,11.22,7.4,3.14,2.85,19.0,54.16,99.69,136.58,117.23,80.9,61.1,35.12,25.41,1,1,0,1,1,0,0,0,0,0,1,1,1,0,0,0,0,1,0,0,1,1,0,0
246,72.075,95.58250000000001,117.1075,97.9125,55.8475,46.0875,42.3475,38.7175,39.057500000000005,45.6775,30.5875,10.35,17.87,14.51,8.895,13.1875,18.1725,16.1725,23.8025,111.32,198.035,275.42,322.805,299.84,102.61,57.86,30.22,21.37,19.06,19.05,43.56,90.69,103.11,89.0,33.71,11.22,7.4,3.14,2.85,19.0,54.16,99.69,136.58,117.23,80.9,61.1,35.12,25.41,0,1,0,0,0,1,0,1,1,1,0,0,0,0,0,0,1,1,1,0,0,1,1,0
247,72.075,95.58250000000001,117.1075,97.9125,55.8475,46.0875,42.3475,38.7175,39.057500000000005,45.6775,30.5875,10.35,17.87,14.51,8.895,13.1875,18.1725,16.1725,23.8025,111.32,198.035,275.42,322.805,299.84,102.61,57.86,30.22,21.37,19.06,19.05,43.56,90.69,103.11,89.0,33.71,11.22,7.4,3.14,2.85,19.0,54.16,99.69,136.58,117.23,80.9,61.1,35.12,25.41,1,1,0,0,0,1,0,0,1,0,1,0,0,0,0,1,1,1,0,0,1,0,1,1
248,72.075,95.58250000000001,117.1075,97.9125,55.8475,46.0875,42.3475,38.7175,39.057500000000005,45.6775,30.5875,10.35,17.87,14.51,8.895,13.1875,18.1725,16.1725,23.8025,111.32,198.035,275.42,322.805,299.84,28.31,27.04,25.8,20.11,14.94,20.11,41.81,58.7,70.1,44.59,20.1,4.29,2.43,1.67,10.81,34.89,70.65,129.19,163.66,102.7,88.19,79.94,69.01,40.3,0,0,0,1,1,0,1,0,1,1,0,0,1,1,1,1,1,1,0,0,1,0,0,1
249,72.075,95.58250000000001,117.1075,97.9125,55.8475,46.0875,42.3475,38.7175,39.057500000000005,45.6775,30.5875,10.35,17.87,14.51,8.895,13.1875,18.1725,16.1725,23.8025,111.32,198.035,275.42,322.805,299.84,28.31,27.04,25.8,20.11,14.94,20.11,41.81,58.7,70.1,44.59,20.1,4.29,2.43,1.67,10.81,34.89,70.65,129.19,163.66,102.7,88.19,79.94,69.01,40.3,1,1,0,1,1,0,0,0,0,0,1,1,1,0,0,0,0,1,0,0,1,1,0,0
250,72.075,95.58250000000001,117.1075,97.9125,55.8475,46.0875,42.3475,38.7175,39.057500000000005,45.6775,30.5875,10.35,17.87,14.51,8.895,13.1875,18.1725,16.1725,23.8025,111.32,198.035,275.42,322.805,299.84,28.31,27.04,25.8,20.11,14.94,20.11,41.81,58.7,70.1,44.59,20.1,4.29,2.43,1.67,10.81,34.89,70.65,129.19,163.66,102.7,88.19,79.94,69.01,40.3,0,1,0,0,0,1,0,1,1,1,0,0,0,0,0,0,1,1,1,0,0,1,1,0
251,72.075,95.58250000000001,117.1075,97.9125,55.8475,46.0875,42.3475,38.7175,39.057500000000005,45.6775,30.5875,10.35,17.87,14.51,8.895,13.1875,18.1725,16.1725,23.8025,111.32,198.035,275.42,322.805,299.84,28.31,27.04,25.8,20.11,14.94,20.11,41.81,58.7,70.1,44.59,20.1,4.29,2.43,1.67,10.81,34.89,70.65,129.19,163.66,102.7,88.19,79.94,69.01,40.3,1,1,0,0,0,1,0,0,1,0,1,0,0,0,0,1,1,1,0,0,1,0,1,1
252,72.075,95.58250000000001,117.1075,97.9125,55.8475,46.0875,42.3475,38.7175,39.057500000000005,45.6775,30.5875,10.35,17.87,14.51,8.895,13.1875,18.1725,16.1725,23.8025,111.32,198.035,275.42,322.805,299.84,65.55,54.39,32.29,20.11,20.1,42.51,52.96,65.9,62.85,61.23,25.3,13.26,4.0,4.04,10.11,30.07,32.66,74.91,64.54,42.3,29.85,25.33,25.52,20.1,0,0,0,1,1,0,1,0,1,1,0,0,1,1,1,1,1,1,0,0,1,0,0,1
253,72.075,95.58250000000001,117.1075,97.9125,55.8475,46.0875,42.3475,38.7175,39.057500000000005,45.6775,30.5875,10.35,17.87,14.51,8.895,13.1875,18.1725,16.1725,23.8025,111.32,198.035,275.42,322.805,299.84,65.55,54.39,32.29,20.11,20.1,42.51,52.96,65.9,62.85,61.23,25.3,13.26,4.0,4.04,10.11,30.07,32.66,74.91,64.54,42.3,29.85,25.33,25.52,20.1,1,1,0,1,1,0,0,0,0,0,1,1,1,0,0,0,0,1,0,0,1,1,0,0
254,72.075,95.58250000000001,117.1075,97.9125,55.8475,46.0875,42.3475,38.7175,39.057500000000005,45.6775,30.5875,10.35,17.87,14.51,8.895,13.1875,18.1725,16.1725,23.8025,111.32,198.035,275.42,322.805,299.84,65.55,54.39,32.29,20.11,20.1,42.51,52.96,65.9,62.85,61.23,25.3,13.26,4.0,4.04,10.11,30.07,32.66,74.91,64.54,42.3,29.85,25.33,25.52,20.1,0,1,0,0,0,1,0,1,1,1,0,0,0,0,0,0,1,1,1,0,0,1,1,0
255,72.075,95.58250000000001,117.1075,97.9125,55.8475,46.0875,42.3475,38.7175,39.057500000000005,45.6775,30.5875,10.35,17.87,14.51,8.895,13.1875,18.1725,16.1725,23.8025,111.32,198.035,275.42,322.805,299.84,65.55,54.39,32.29,20.11,20.1,42.51,52.96,65.9,62.85,61.23,25.3,13.26,4.0,4.04,10.11,30.07,32.66,74.91,64.54,42.3,29.85,25.33,25.52,20.1,1,1,0,0,0,1,0,0,1,0,1,0,0,0,0,1,1,1,0,0,1,0,1,1
256,72.075,95.58250000000001,117.1075,97.9125,55.8475,46.0875,42.3475,38.7175,39.057500000000005,45.6775,30.5875,10.35,17.87,14.51,8.895,13.1875,18.1725,16.1725,23.8025,111.32,198.035,275.42,322.805,299.84,4.0,4.0,4.0,4.0,9.8,4.0,16.04,43.93,39.29,12.6,0.34,-0.67,-0.7,-0.78,0.01,3.97,13.23,60.4,60.41,43.5,34.76,33.55,31.31,31.16,0,0,0,1,1,0,1,0,1,1,0,0,1,1,1,1,1,1,0,0,1,0,0,1
257,72.075,95.58250000000001,117.1075,97.9125,55.8475,46.0875,42.3475,38.7175,39.057500000000005,45.6775,30.5875,10.35,17.87,14.51,8.895,13.1875,18.1725,16.1725,23.8025,111.32,198.035,275.42,322.805,299.84,4.0,4.0,4.0,4.0,9.8,4.0,16.04,43.93,39.29,12.6,0.34,-0.67,-0.7,-0.78,0.01,3.97,13.23,60.4,60.41,43.5,34.76,33.55,31.31,31.16,1,1,0,1,1,0,0,0,0,0,1,1,1,0,0,0,0,1,0,0,1,1,0,0
258,72.075,95.58250000000001,117.1075,97.9125,55.8475,46.0875,42.3475,38.7175,39.057500000000005,45.6775,30.5875,10.35,17.87,14.51,8.895,13.1875,18.1725,16.1725,23.8025,111.32,198.035,275.42,322.805,299.84,4.0,4.0,4.0,4.0,9.8,4.0,16.04,43.93,39.29,12.6,0.34,-0.67,-0.7,-0.78,0.01,3.97,13.23,60.4,60.41,43.5,34.76,33.55,31.31,31.16,0,1,0,0,0,1,0,1,1,1,0,0,0,0,0,0,1,1,1,0,0,1,1,0
259,72.075,95.58250000000001,117.1075,97.9125,55.8475,46.0875,42.3475,38.7175,39.057500000000005,45.6775,30.5875,10.35,17.87,14.51,8.895,13.1875,18.1725,16.1725,23.8025,111.32,198.035,275.42,322.805,299.84,4.0,4.0,4.0,4.0,9.8,4.0,16.04,43.93,39.29,12.6,0.34,-0.67,-0.7,-0.78,0.01,3.97,13.23,60.4,60.41,43.5,34.76,33.55,31.31,31.16,1,1,0,0,0,1,0,0,1,0,1,0,0,0,0,1,1,1,0,0,1,0,1,1
260,72.075,95.58250000000001,117.1075,97.9125,55.8475,46.0875,42.3475,38.7175,39.057500000000005,45.6775,30.5875,10.35,17.87,14.51,8.895,13.1875,18.1725,16.1725,23.8025,111.32,198.035,275.42,322.805,299.84,30.3,29.53,35.47,39.26,47.4,65.97,93.16,139.44,108.51,78.7,50.47,4.02,0.08,0.02,13.16,63.61,99.2,129.7,165.36,149.11,125.64,106.63,101.47,91.11,0,0,0,1,1,0,1,0,1,1,0,0,1,1,1,1,1,1,0,0,1,0,0,1
261,72.075,95.58250000000001,117.1075,97.9125,55.8475,46.0875,42.3475,38.7175,39.057500000000005,45.6775,30.5875,10.35,17.87,14.51,8.895,13.1875,18.1725,16.1725,23.8025,111.32,198.035,275.42,322.805,299.84,30.3,29.53,35.47,39.26,47.4,65.97,93.16,139.44,108.51,78.7,50.47,4.02,0.08,0.02,13.16,63.61,99.2,129.7,165.36,149.11,125.64,106.63,101.47,91.11,1,1,0,1,1,0,0,0,0,0,1,1,1,0,0,0,0,1,0,0,1,1,0,0
262,72.075,95.58250000000001,117.1075,97.9125,55.8475,46.0875,42.3475,38.7175,39.057500000000005,45.6775,30.5875,10.35,17.87,14.51,8.895,13.1875,18.1725,16.1725,23.8025,111.32,198.035,275.42,322.805,299.84,30.3,29.53,35.47,39.26,47.4,65.97,93.16,139.44,108.51,78.7,50.47,4.02,0.08,0.02,13.16,63.61,99.2,129.7,165.36,149.11,125.64,106.63,101.47,91.11,0,1,0,0,0,1,0,1,1,1,0,0,0,0,0,0,1,1,1,0,0,1,1,0
263,72.075,95.58250000000001,117.1075,97.9125,55.8475,46.0875,42.3475,38.7175,39.057500000000005,45.6775,30.5875,10.35,17.87,14.51,8.895,13.1875,18.1725,16.1725,23.8025,111.32,198.035,275.42,322.805,299.84,30.3,29.53,35.47,39.26,47.4,65.97,93.16,139.44,108.51,78.7,50.47,4.02,0.08,0.02,13.16,63.61,99.2,129.7,165.36,149.11,125.64,106.63,101.47,91.11,1,1,0,0,0,1,0,0,1,0,1,0,0,0,0,1,1,1,0,0,1,0,1,1
264,72.075,95.58250000000001,117.1075,97.9125,55.8475,46.0875,42.3475,38.7175,39.057500000000005,45.6775,30.5875,10.35,17.87,14.51,8.895,13.1875,18.1725,16.1725,23.8025,111.32,198.035,275.42,322.805,299.84,90.27,90.27,91.38,91.69,98.13,115.16,135.67,147.7,122.23,83.0,65.3,31.51,13.08,8.08,37.05,90.15,126.99,149.92,216.65,178.68,148.7,132.4,119.11,111.83,0,0,0,1,1,0,1,0,1,1,0,0,1,1,1,1,1,1,0,0,1,0,0,1
265,72.075,95.58250000000001,117.1075,97.9125,55.8475,46.0875,42.3475,38.7175,39.057500000000005,45.6775,30.5875,10.35,17.87,14.51,8.895,13.1875,18.1725,16.1725,23.8025,111.32,198.035,275.42,322.805,299.84,90.27,90.27,91.38,91.69,98.13,115.16,135.67,147.7,122.23,83.0,65.3,31.51,13.08,8.08,37.05,90.15,126.99,149.92,216.65,178.68,148.7,132.4,119.11,111.83,1,1,0,1,1,0,0,0,0,0,1,1,1,0,0,0,0,1,0,0,1,1,0,0
266,72.075,95.58250000000001,117.1075,97.9125,55.8475,46.0875,42.3475,38.7175,39.057500000000005,45.6775,30.5875,10.35,17.87,14.51,8.895,13.1875,18.1725,16.1725,23.8025,111.32,198.035,275.42,322.805,299.84,90.27,90.27,91.38,91.69,98.13,115.16,135.67,147.7,122.23,83.0,65.3,31.51,13.08,8.08,37.05,90.15,126.99,149.92,216.65,178.68,148.7,132.4,119.11,111.83,0,1,0,0,0,1,0,1,1,1,0,0,0,0,0,0,1,1,1,0,0,1,1,0
267,72.075,95.58250000000001,117.1075,97.9125,55.8475,46.0875,42.3475,38.7175,39.057500000000005,45.6775,30.5875,10.35,17.87,14.51,8.895,13.1875,18.1725,16.1725,23.8025,111.32,198.035,275.42,322.805,299.84,90.27,90.27,91.38,91.69,98.13,115.16,135.67,147.7,122.23,83.0,65.3,31.51,13.08,8.08,37.05,90.15,126.99,149.92,216.65,178.68,148.7,132.4,119.11,111.83,1,1,0,0,0,1,0,0,1,0,1,0,0,0,0,1,1,1,0,0,1,0,1,1
268,72.075,95.58250000000001,117.1075,97.9125,55.8475,46.0875,42.3475,38.7175,39.057500000000005,45.6775,30.5875,10.35,17.87,14.51,8.895,13.1875,18.1725,16.1725,23.8025,111.32,198.035,275.42,322.805,299.84,124.97,113.94,117.22,116.76,118.42,121.3,127.82,120.6,98.05,72.54,18.05,2.07,-0.33,-0.1,2.76,53.53,100.87,145.58,174.04,140.03,111.21,100.01,99.24,97.9,0,0,0,1,1,0,1,0,1,1,0,0,1,1,1,1,1,1,0,0,1,0,0,1
269,72.075,95.58250000000001,117.1075,97.9125,55.8475,46.0875,42.3475,38.7175,39.057500000000005,45.6775,30.5875,10.35,17.87,14.51,8.895,13.1875,18.1725,16.1725,23.8025,111.32,198.035,275.42,322.805,299.84,124.97,113.94,117.22,116.76,118.42,121.3,127.82,120.6,98.05,72.54,18.05,2.07,-0.33,-0.1,2.76,53.53,100.87,145.58,174.04,140.03,111.21,100.01,99.24,97.9,1,1,0,1,1,0,0,0,0,0,1,1,1,0,0,0,0,1,0,0,1,1,0,0
270,72.075,95.58250000000001,117.1075,97.9125,55.8475,46.0875,42.3475,38.7175,39.057500000000005,45.6775,30.5875,10.35,17.87,14.51,8.895,13.1875,18.1725,16.1725,23.8025,111.32,198.035,275.42,322.805,299.84,124.97,113.94,117.22,116.76,118.42,121.3,127.82,120.6,98.05,72.54,18.05,2.07,-0.33,-0.1,2.76,53.53,100.87,145.58,174.04,140.03,111.21,100.01,99.24,97.9,0,1,0,0,0,1,0,1,1,1,0,0,0,0,0,0,1,1,1,0,0,1,1,0
271,72.075,95.58250000000001,117.1075,97.9125,55.8475,46.0875,42.3475,38.7175,39.057500000000005,45.6775,30.5875,10.35,17.87,14.51,8.895,13.1875,18.1725,16.1725,23.8025,111.32,198.035,275.42,322.805,299.84,124.97,113.94,117.22,116.76,118.42,121.3,127.82,120.6,98.05,72.54,18.05,2.07,-0.33,-0.1,2.76,53.53,100.87,145.58,174.04,140.03,111.21,100.01,99.24,97.9,1,1,0,0,0,1,0,0,1,0,1,0,0,0,0,1,1,1,0,0,1,0,1,1
272,72.075,95.58250000000001,117.1075,97.9125,55.8475,46.0875,42.3475,38.7175,39.057500000000005,45.6775,30.5875,10.35,17.87,14.51,8.895,13.1875,18.1725,16.1725,23.8025,111.32,198.035,275.42,322.805,299.84,95.19,94.81,94.44,96.51,98.67,101.51,100.0,93.0,59.02,24.41,21.32,3.95,1.29,3.95,11.03,28.01,68.99,107.86,134.15,132.71,114.54,107.87,104.56,103.64,0,0,0,1,1,0,1,0,1,1,0,0,1,1,1,1,1,1,0,0,1,0,0,1
273,72.075,95.58250000000001,117.1075,97.9125,55.8475,46.0875,42.3475,38.7175,39.057500000000005,45.6775,30.5875,10.35,17.87,14.51,8.895,13.1875,18.1725,16.1725,23.8025,111.32,198.035,275.42,322.805,299.84,95.19,94.81,94.44,96.51,98.67,101.51,100.0,93.0,59.02,24.41,21.32,3.95,1.29,3.95,11.03,28.01,68.99,107.86,134.15,132.71,114.54,107.87,104.56,103.64,1,1,0,1,1,0,0,0,0,0,1,1,1,0,0,0,0,1,0,0,1,1,0,0
274,72.075,95.58250000000001,117.1075,97.9125,55.8475,46.0875,42.3475,38.7175,39.057500000000005,45.6775,30.5875,10.35,17.87,14.51,8.895,13.1875,18.1725,16.1725,23.8025,111.32,198.035,275.42,322.805,299.84,95.19,94.81,94.44,96.51,98.67,101.51,100.0,93.0,59.02,24.41,21.32,3.95,1.29,3.95,11.03,28.01,68.99,107.86,134.15,132.71,114.54,107.87,104.56,103.64,0,1,0,0,0,1,0,1,1,1,0,0,0,0,0,0,1,1,1,0,0,1,1,0
275,72.075,95.58250000000001,117.1075,97.9125,55.8475,46.0875,42.3475,38.7175,39.057500000000005,45.6775,30.5875,10.35,17.87,14.51,8.895,13.1875,18.1725,16.1725,23.8025,111.32,198.035,275.42,322.805,299.84,95.19,94.81,94.44,96.51,98.67,101.51,100.0,93.0,59.02,24.41,21.32,3.95,1.29,3.95,11.03,28.01,68.99,107.86,134.15,132.71,114.54,107.87,104.56,103.64,1,1,0,0,0,1,0,0,1,0,1,0,0,0,0,1,1,1,0,0,1,0,1,1
276,72.075,95.58250000000001,117.1075,97.9125,55.8475,46.0875,42.3475,38.7175,39.057500000000005,45.6775,30.5875,10.35,17.87,14.51,8.895,13.1875,18.1725,16.1725,23.8025,111.32,198.035,275.42,322.805,299.84,95.84,94.92,96.7,96.86,89.98,101.13,148.63,159.87,134.08,98.92,84.44,77.92,76.06,77.36,83.96,97.54,127.59,148.1,175.06,160.4,142.28,126.68,106.87,97.93,0,0,0,1,1,0,1,0,1,1,0,0,1,1,1,1,1,1,0,0,1,0,0,1
277,72.075,95.58250000000001,117.1075,97.9125,55.8475,46.0875,42.3475,38.7175,39.057500000000005,45.6775,30.5875,10.35,17.87,14.51,8.895,13.1875,18.1725,16.1725,23.8025,111.32,198.035,275.42,322.805,299.84,95.84,94.92,96.7,96.86,89.98,101.13,148.63,159.87,134.08,98.92,84.44,77.92,76.06,77.36,83.96,97.54,127.59,148.1,175.06,160.4,142.28,126.68,106.87,97.93,1,1,0,1,1,0,0,0,0,0,1,1,1,0,0,0,0,1,0,0,1,1,0,0
278,72.075,95.58250000000001,117.1075,97.9125,55.8475,46.0875,42.3475,38.7175,39.057500000000005,45.6775,30.5875,10.35,17.87,14.51,8.895,13.1875,18.1725,16.1725,23.8025,111.32,198.035,275.42,322.805,299.84,95.84,94.92,96.7,96.86,89.98,101.13,148.63,159.87,134.08,98.92,84.44,77.92,76.06,77.36,83.96,97.54,127.59,148.1,175.06,160.4,142.28,126.68,106.87,97.93,0,1,0,0,0,1,0,1,1,1,0,0,0,0,0,0,1,1,1,0,0,1,1,0
279,72.075,95.58250000000001,117.1075,97.9125,55.8475,46.0875,42.3475,38.7175,39.057500000000005,45.6775,30.5875,10.35,17.87,14.51,8.895,13.1875,18.1725,16.1725,23.8025,111.32,198.035,275.42,322.805,299.84,95.84,94.92,96.7,96.86,89.98,101.13,148.63,159.87,134.08,98.92,84.44,77.92,76.06,77.36,83.96,97.54,127.59,148.1,175.06,160.4,142.28,126.68,106.87,97.93,1,1,0,0,0,1,0,0,1,0,1,0,0,0,0,1,1,1,0,0,1,0,1,1
280,72.075,95.58250000000001,117.1075,97.9125,55.8475,46.0875,42.3475,38.7175,39.057500000000005,45.6775,30.5875,10.35,17.87,14.51,8.895,13.1875,18.1725,16.1725,23.8025,111.32,198.035,275.42,322.805,299.84,104.39,101.79,99.72,100.48,102.51,110.88,148.14,153.09,146.54,128.53,102.0,97.48,96.45,98.39,102.35,112.84,132.9,172.03,205.15,181.06,149.49,133.05,121.27,107.36,0,0,0,1,1,0,1,0,1,1,0,0,1,1,1,1,1,1,0,0,1,0,0,1
281,72.075,95.58250000000001,117.1075,97.9125,55.8475,46.0875,42.3475,38.7175,39.057500000000005,45.6775,30.5875,10.35,17.87,14.51,8.895,13.1875,18.1725,16.1725,23.8025,111.32,198.035,275.42,322.805,299.84,104.39,101.79,99.72,100.48,102.51,110.88,148.14,153.09,146.54,128.53,102.0,97.48,96.45,98.39,102.35,112.84,132.9,172.03,205.15,181.06,149.49,133.05,121.27,107.36,1,1,0,1,1,0,0,0,0,0,1,1,1,0,0,0,0,1,0,0,1,1,0,0
282,72.075,95.58250000000001,117.1075,97.9125,55.8475,46.0875,42.3475,38.7175,39.057500000000005,45.6775,30.5875,10.35,17.87,14.51,8.895,13.1875,18.1725,16.1725,23.8025,111.32,198.035,275.42,322.805,299.84,104.39,101.79,99.72,100.48,102.51,110.88,148.14,153.09,146.54,128.53,102.0,97.48,96.45,98.39,102.35,112.84,132.9,172.03,205.15,181.06,149.49,133.05,121.27,107.36,0,1,0,0,0,1,0,1,1,1,0,0,0,0,0,0,1,1,1,0,0,1,1,0
283,72.075,95.58250000000001,117.1075,97.9125,55.8475,46.0875,42.3475,38.7175,39.057500000000005,45.6775,30.5875,10.35,17.87,14.51,8.895,13.1875,18.1725,16.1725,23.8025,111.32,198.035,275.42,322.805,299.84,104.39,101.79,99.72,100.48,102.51,110.88,148.14,153.09,146.54,128.53,102.0,97.48,96.45,98.39,102.35,112.84,132.9,172.03,205.15,181.06,149.49,133.05,121.27,107.36,1,1,0,0,0,1,0,0,1,0,1,0,0,0,0,1,1,1,0,0,1,0,1,1
284,72.075,95.58250000000001,117.1075,97.9125,55.8475,46.0875,42.3475,38.7175,39.057500000000005,45.6775,30.5875,10.35,17.87,14.51,8.895,13.1875,18.1725,16.1725,23.8025,111.32,198.035,275.42,322.805,299.84,101.74,100.11,97.82,97.43,101.85,110.37,144.57,161.75,148.49,125.02,102.64,99.73,98.11,99.95,101.69,117.81,140.35,159.04,199.9,179.58,148.09,132.26,120.02,109.91,0,0,0,1,1,0,1,0,1,1,0,0,1,1,1,1,1,1,0,0,1,0,0,1
285,72.075,95.58250000000001,117.1075,97.9125,55.8475,46.0875,42.3475,38.7175,39.057500000000005,45.6775,30.5875,10.35,17.87,14.51,8.895,13.1875,18.1725,16.1725,23.8025,111.32,198.035,275.42,322.805,299.84,101.74,100.11,97.82,97.43,101.85,110.37,144.57,161.75,148.49,125.02,102.64,99.73,98.11,99.95,101.69,117.81,140.35,159.04,199.9,179.58,148.09,132.26,120.02,109.91,1,1,0,1,1,0,0,0,0,0,1,1,1,0,0,0,0,1,0,0,1,1,0,0
286,72.075,95.58250000000001,117.1075,97.9125,55.8475,46.0875,42.3475,38.7175,39.057500000000005,45.6775,30.5875,10.35,17.87,14.51,8.895,13.1875,18.1725,16.1725,23.8025,111.32,198.035,275.42,322.805,299.84,101.74,100.11,97.82,97.43,101.85,110.37,144.57,161.75,148.49,125.02,102.64,99.73,98.11,99.95,101.69,117.81,140.35,159.04,199.9,179.58,148.09,132.26,120.02,109.91,0,1,0,0,0,1,0,1,1,1,0,0,0,0,0,0,1,1,1,0,0,1,1,0
287,72.075,95.58250000000001,117.1075,97.9125,55.8475,46.0875,42.3475,38.7175,39.057500000000005,45.6775,30.5875,10.35,17.87,14.51,8.895,13.1875,18.1725,16.1725,23.8025,111.32,198.035,275.42,322.805,299.84,101.74,100.11,97.82,97.43,101.85,110.37,144.57,161.75,148.49,125.02,102.64,99.73,98.11,99.95,101.69,117.81,140.35,159.04,199.9,179.58,148.09,132.26,120.02,109.91,1,1,0,0,0,1,0,0,1,0,1,0,0,0,0,1,1,1,0,0,1,0,1,1
288,72.075,95.58250000000001,117.1075,97.9125,55.8475,46.0875,42.3475,38.7175,39.057500000000005,45.6775,30.5875,10.35,17.87,14.51,8.895,13.1875,18.1725,16.1725,23.8025,111.32,198.035,275.42,322.805,299.84,108.49,102.22,98.96,96.69,98.33,105.87,132.7,160.74,160.99,154.8,123.84,110.75,110.08,108.28,107.6,110.02,121.56,142.95,166.09,173.42,148.99,135.69,123.41,111.53,0,0,0,1,1,0,1,0,1,1,0,0,1,1,1,1,1,1,0,0,1,0,0,1
289,72.075,95.58250000000001,117.1075,97.9125,55.8475,46.0875,42.3475,38.7175,39.057500000000005,45.6775,30.5875,10.35,17.87,14.51,8.895,13.1875,18.1725,16.1725,23.8025,111.32,198.035,275.42,322.805,299.84,108.49,102.22,98.96,96.69,98.33,105.87,132.7,160.74,160.99,154.8,123.84,110.75,110.08,108.28,107.6,110.02,121.56,142.95,166.09,173.42,148.99,135.69,123.41,111.53,1,1,0,1,1,0,0,0,0,0,1,1,1,0,0,0,0,1,0,0,1,1,0,0
290,72.075,95.58250000000001,117.1075,97.9125,55.8475,46.0875,42.3475,38.7175,39.057500000000005,45.6775,30.5875,10.35,17.87,14.51,8.895,13.1875,18.1725,16.1725,23.8025,111.32,198.035,275.42,322.805,299.84,108.49,102.22,98.96,96.69,98.33,105.87,132.7,160.74,160.99,154.8,123.84,110.75,110.08,108.28,107.6,110.02,121.56,142.95,166.09,173.42,148.99,135.69,123.41,111.53,0,1,0,0,0,1,0,1,1,1,0,0,0,0,0,0,1,1,1,0,0,1,1,0
291,72.075,95.58250000000001,117.1075,97.9125,55.8475,46.0875,42.3475,38.7175,39.057500000000005,45.6775,30.5875,10.35,17.87,14.51,8.895,13.1875,18.1725,16.1725,23.8025,111.32,198.035,275.42,322.805,299.84,108.49,102.22,98.96,96.69,98.33,105.87,132.7,160.74,160.99,154.8,123.84,110.75,110.08,108.28,107.6,110.02,121.56,142.95,166.09,173.42,148.99,135.69,123.41,111.53,1,1,0,0,0,1,0,0,1,0,1,0,0,0,0,1,1,1,0,0,1,0,1,1
292,72.075,95.58250000000001,117.1075,97.9125,55.8475,46.0875,42.3475,38.7175,39.057500000000005,45.6775,30.5875,10.35,17.87,14.51,8.895,13.1875,18.1725,16.1725,23.8025,111.32,198.035,275.42,322.805,299.84,109.19,106.08,105.97,103.89,105.37,114.08,143.05,155.29,155.08,132.11,112.01,106.37,104.49,104.58,105.38,109.42,124.93,146.56,155.47,151.02,130.1,111.46,114.0,105.15,0,0,0,1,1,0,1,0,1,1,0,0,1,1,1,1,1,1,0,0,1,0,0,1
293,72.075,95.58250000000001,117.1075,97.9125,55.8475,46.0875,42.3475,38.7175,39.057500000000005,45.6775,30.5875,10.35,17.87,14.51,8.895,13.1875,18.1725,16.1725,23.8025,111.32,198.035,275.42,322.805,299.84,109.19,106.08,105.97,103.89,105.37,114.08,143.05,155.29,155.08,132.11,112.01,106.37,104.49,104.58,105.38,109.42,124.93,146.56,155.47,151.02,130.1,111.46,114.0,105.15,1,1,0,1,1,0,0,0,0,0,1,1,1,0,0,0,0,1,0,0,1,1,0,0
294,72.075,95.58250000000001,117.1075,97.9125,55.8475,46.0875,42.3475,38.7175,39.057500000000005,45.6775,30.5875,10.35,17.87,14.51,8.895,13.1875,18.1725,16.1725,23.8025,111.32,198.035,275.42,322.805,299.84,109.19,106.08,105.97,103.89,105.37,114.08,143.05,155.29,155.08,132.11,112.01,106.37,104.49,104.58,105.38,109.42,124.93,146.56,155.47,151.02,130.1,111.46,114.0,105.15,0,1,0,0,0,1,0,1,1,1,0,0,0,0,0,0,1,1,1,0,0,1,1,0
295,72.075,95.58250000000001,117.1075,97.9125,55.8475,46.0875,42.3475,38.7175,39.057500000000005,45.6775,30.5875,10.35,17.87,14.51,8.895,13.1875,18.1725,16.1725,23.8025,111.32,198.035,275.42,322.805,299.84,109.19,106.08,105.97,103.89,105.37,114.08,143.05,155.29,155.08,132.11,112.01,106.37,104.49,104.58,105.38,109.42,124.93,146.56,155.47,151.02,130.1,111.46,114.0,105.15,1,1,0,0,0,1,0,0,1,0,1,0,0,0,0,1,1,1,0,0,1,0,1,1
296,72.075,95.58250000000001,117.1075,97.9125,55.8475,46.0875,42.3475,38.7175,39.057500000000005,45.6775,30.5875,10.35,17.87,14.51,8.895,13.1875,18.1725,16.1725,23.8025,111.32,198.035,275.42,322.805,299.84,112.16,103.15,96.0,89.89,86.89,90.55,97.0,99.38,98.73,86.36,72.35,67.12,57.28,47.96,54.46,70.76,84.2,121.87,130.26,132.91,121.41,108.46,104.98,95.21,0,0,0,1,1,0,1,0,1,1,0,0,1,1,1,1,1,1,0,0,1,0,0,1
297,72.075,95.58250000000001,117.1075,97.9125,55.8475,46.0875,42.3475,38.7175,39.057500000000005,45.6775,30.5875,10.35,17.87,14.51,8.895,13.1875,18.1725,16.1725,23.8025,111.32,198.035,275.42,322.805,299.84,112.16,103.15,96.0,89.89,86.89,90.55,97.0,99.38,98.73,86.36,72.35,67.12,57.28,47.96,54.46,70.76,84.2,121.87,130.26,132.91,121.41,108.46,104.98,95.21,1,1,0,1,1,0,0,0,0,0,1,1,1,0,0,0,0,1,0,0,1,1,0,0
298,72.075,95.58250000000001,117.1075,97.9125,55.8475,46.0875,42.3475,38.7175,39.057500000000005,45.6775,30.5875,10.35,17.87,14.51,8.895,13.1875,18.1725,16.1725,23.8025,111.32,198.035,275.42,322.805,299.84,112.16,103.15,96.0,89.89,86.89,90.55,97.0,99.38,98.73,86.36,72.35,67.12,57.28,47.96,54.46,70.76,84.2,121.87,130.26,132.91,121.41,108.46,104.98,95.21,0,1,0,0,0,1,0,1,1,1,0,0,0,0,0,0,1,1,1,0,0,1,1,0
299,72.075,95.58250000000001,117.1075,97.9125,55.8475,46.0875,42.3475,38.7175,39.057500000000005,45.6775,30.5875,10.35,17.87,14.51,8.895,13.1875,18.1725,16.1725,23.8025,111.32,198.035,275.42,322.805,299.84,112.16,103.15,96.0,89.89,86.89,90.55,97.0,99.38,98.73,86.36,72.35,67.12,57.28,47.96,54.46,70.76,84.2,121.87,130.26,132.91,121.41,108.46,104.98,95.21,1,1,0,0,0,1,0,0,1,0,1,0,0,0,0,1,1,1,0,0,1,0,1,1
300,72.075,95.58250000000001,117.1075,97.9125,55.8475,46.0875,42.3475,38.7175,39.057500000000005,45.6775,30.5875,10.35,17.87,14.51,8.895,13.1875,18.1725,16.1725,23.8025,111.32,198.035,275.42,322.805,299.84,89.97,85.75,79.57,78.15,78.55,29.41,30.14,30.7,30.5,28.73,24.06,2.9,1.01,0.19,2.67,30.81,59.97,94.68,83.61,45.54,31.49,31.1,30.69,30.44,0,0,0,1,1,0,1,0,1,1,0,0,1,1,1,1,1,1,0,0,1,0,0,1
301,72.075,95.58250000000001,117.1075,97.9125,55.8475,46.0875,42.3475,38.7175,39.057500000000005,45.6775,30.5875,10.35,17.87,14.51,8.895,13.1875,18.1725,16.1725,23.8025,111.32,198.035,275.42,322.805,299.84,89.97,85.75,79.57,78.15,78.55,29.41,30.14,30.7,30.5,28.73,24.06,2.9,1.01,0.19,2.67,30.81,59.97,94.68,83.61,45.54,31.49,31.1,30.69,30.44,1,1,0,1,1,0,0,0,0,0,1,1,1,0,0,0,0,1,0,0,1,1,0,0
302,72.075,95.58250000000001,117.1075,97.9125,55.8475,46.0875,42.3475,38.7175,39.057500000000005,45.6775,30.5875,10.35,17.87,14.51,8.895,13.1875,18.1725,16.1725,23.8025,111.32,198.035,275.42,322.805,299.84,89.97,85.75,79.57,78.15,78.55,29.41,30.14,30.7,30.5,28.73,24.06,2.9,1.01,0.19,2.67,30.81,59.97,94.68,83.61,45.54,31.49,31.1,30.69,30.44,0,1,0,0,0,1,0,1,1,1,0,0,0,0,0,0,1,1,1,0,0,1,1,0
303,72.075,95.58250000000001,117.1075,97.9125,55.8475,46.0875,42.3475,38.7175,39.057500000000005,45.6775,30.5875,10.35,17.87,14.51,8.895,13.1875,18.1725,16.1725,23.8025,111.32,198.035,275.42,322.805,299.84,89.97,85.75,79.57,78.15,78.55,29.41,30.14,30.7,30.5,28.73,24.06,2.9,1.01,0.19,2.67,30.81,59.97,94.68,83.61,45.54,31.49,31.1,30.69,30.44,1,1,0,0,0,1,0,0,1,0,1,0,0,0,0,1,1,1,0,0,1,0,1,1
304,72.075,95.58250000000001,117.1075,97.9125,55.8475,46.0875,42.3475,38.7175,39.057500000000005,45.6775,30.5875,10.35,17.87,14.51,8.895,13.1875,18.1725,16.1725,23.8025,111.32,198.035,275.42,322.805,299.84,30.66,40.11,77.6,80.9,85.84,103.33,135.26,152.96,135.32,100.77,68.2,50.53,31.14,27.92,50.12,70.02,98.59,143.14,177.42,170.09,141.58,113.55,106.46,93.49,0,0,0,1,1,0,1,0,1,1,0,0,1,1,1,1,1,1,0,0,1,0,0,1
305,72.075,95.58250000000001,117.1075,97.9125,55.8475,46.0875,42.3475,38.7175,39.057500000000005,45.6775,30.5875,10.35,17.87,14.51,8.895,13.1875,18.1725,16.1725,23.8025,111.32,198.035,275.42,322.805,299.84,30.66,40.11,77.6,80.9,85.84,103.33,135.26,152.96,135.32,100.77,68.2,50.53,31.14,27.92,50.12,70.02,98.59,143.14,177.42,170.09,141.58,113.55,106.46,93.49,1,1,0,1,1,0,0,0,0,0,1,1,1,0,0,0,0,1,0,0,1,1,0,0
306,72.075,95.58250000000001,117.1075,97.9125,55.8475,46.0875,42.3475,38.7175,39.057500000000005,45.6775,30.5875,10.35,17.87,14.51,8.895,13.1875,18.1725,16.1725,23.8025,111.32,198.035,275.42,322.805,299.84,30.66,40.11,77.6,80.9,85.84,103.33,135.26,152.96,135.32,100.77,68.2,50.53,31.14,27.92,50.12,70.02,98.59,143.14,177.42,170.09,141.58,113.55,106.46,93.49,0,1,0,0,0,1,0,1,1,1,0,0,0,0,0,0,1,1,1,0,0,1,1,0
307,72.075,95.58250000000001,117.1075,97.9125,55.8475,46.0875,42.3475,38.7175,39.057500000000005,45.6775,30.5875,10.35,17.87,14.51,8.895,13.1875,18.1725,16.1725,23.8025,111.32,198.035,275.42,322.805,299.84,30.66,40.11,77.6,80.9,85.84,103.33,135.26,152.96,135.32,100.77,68.2,50.53,31.14,27.92,50.12,70.02,98.59,143.14,177.42,170.09,141.58,113.55,106.46,93.49,1,1,0,0,0,1,0,0,1,0,1,0,0,0,0,1,1,1,0,0,1,0,1,1
308,72.075,95.58250000000001,117.1075,97.9125,55.8475,46.0875,42.3475,38.7175,39.057500000000005,45.6775,30.5875,10.35,17.87,14.51,8.895,13.1875,18.1725,16.1725,23.8025,111.32,198.035,275.42,322.805,299.84,92.18,89.96,89.71,67.1,69.44,102.28,128.02,136.73,106.56,68.46,27.24,1.79,-0.2,-0.28,17.36,38.6,96.03,141.1,171.17,167.77,142.51,117.77,107.46,100.5,0,0,0,1,1,0,1,0,1,1,0,0,1,1,1,1,1,1,0,0,1,0,0,1
309,72.075,95.58250000000001,117.1075,97.9125,55.8475,46.0875,42.3475,38.7175,39.057500000000005,45.6775,30.5875,10.35,17.87,14.51,8.895,13.1875,18.1725,16.1725,23.8025,111.32,198.035,275.42,322.805,299.84,92.18,89.96,89.71,67.1,69.44,102.28,128.02,136.73,106.56,68.46,27.24,1.79,-0.2,-0.28,17.36,38.6,96.03,141.1,171.17,167.77,142.51,117.77,107.46,100.5,1,1,0,1,1,0,0,0,0,0,1,1,1,0,0,0,0,1,0,0,1,1,0,0
310,72.075,95.58250000000001,117.1075,97.9125,55.8475,46.0875,42.3475,38.7175,39.057500000000005,45.6775,30.5875,10.35,17.87,14.51,8.895,13.1875,18.1725,16.1725,23.8025,111.32,198.035,275.42,322.805,299.84,92.18,89.96,89.71,67.1,69.44,102.28,128.02,136.73,106.56,68.46,27.24,1.79,-0.2,-0.28,17.36,38.6,96.03,141.1,171.17,167.77,142.51,117.77,107.46,100.5,0,1,0,0,0,1,0,1,1,1,0,0,0,0,0,0,1,1,1,0,0,1,1,0
311,72.075,95.58250000000001,117.1075,97.9125,55.8475,46.0875,42.3475,38.7175,39.057500000000005,45.6775,30.5875,10.35,17.87,14.51,8.895,13.1875,18.1725,16.1725,23.8025,111.32,198.035,275.42,322.805,299.84,92.18,89.96,89.71,67.1,69.44,102.28,128.02,136.73,106.56,68.46,27.24,1.79,-0.2,-0.28,17.36,38.6,96.03,141.1,171.17,167.77,142.51,117.77,107.46,100.5,1,1,0,0,0,1,0,0,1,0,1,0,0,0,0,1,1,1,0,0,1,0,1,1
312,72.075,95.58250000000001,117.1075,97.9125,55.8475,46.0875,42.3475,38.7175,39.057500000000005,45.6775,30.5875,10.35,17.87,14.51,8.895,13.1875,18.1725,16.1725,23.8025,111.32,198.035,275.42,322.805,299.84,204.12,101.46,97.67,98.58,101.74,110.71,153.27,140.98,99.91,76.08,38.9,6.7,3.13,3.41,30.98,62.63,120.26,154.93,279.34,251.99,163.48,136.61,124.83,117.5,0,0,0,1,1,0,1,0,1,1,0,0,1,1,1,1,1,1,0,0,1,0,0,1
313,72.075,95.58250000000001,117.1075,97.9125,55.8475,46.0875,42.3475,38.7175,39.057500000000005,45.6775,30.5875,10.35,17.87,14.51,8.895,13.1875,18.1725,16.1725,23.8025,111.32,198.035,275.42,322.805,299.84,204.12,101.46,97.67,98.58,101.74,110.71,153.27,140.98,99.91,76.08,38.9,6.7,3.13,3.41,30.98,62.63,120.26,154.93,279.34,251.99,163.48,136.61,124.83,117.5,1,1,0,1,1,0,0,0,0,0,1,1,1,0,0,0,0,1,0,0,1,1,0,0
314,72.075,95.58250000000001,117.1075,97.9125,55.8475,46.0875,42.3475,38.7175,39.057500000000005,45.6775,30.5875,10.35,17.87,14.51,8.895,13.1875,18.1725,16.1725,23.8025,111.32,198.035,275.42,322.805,299.84,204.12,101.46,97.67,98.58,101.74,110.71,153.27,140.98,99.91,76.08,38.9,6.7,3.13,3.41,30.98,62.63,120.26,154.93,279.34,251.99,163.48,136.61,124.83,117.5,0,1,0,0,0,1,0,1,1,1,0,0,0,0,0,0,1,1,1,0,0,1,1,0
315,72.075,95.58250000000001,117.1075,97.9125,55.8475,46.0875,42.3475,38.7175,39.057500000000005,45.6775,30.5875,10.35,17.87,14.51,8.895,13.1875,18.1725,16.1725,23.8025,111.32,198.035,275.42,322.805,299.84,204.12,101.46,97.67,98.58,101.74,110.71,153.27,140.98,99.91,76.08,38.9,6.7,3.13,3.41,30.98,62.63,120.26,154.93,279.34,251.99,163.48,136.61,124.83,117.5,1,1,0,0,0,1,0,0,1,0,1,0,0,0,0,1,1,1,0,0,1,0,1,1
316,72.075,95.58250000000001,117.1075,97.9125,55.8475,46.0875,42.3475,38.7175,39.057500000000005,45.6775,30.5875,10.35,17.87,14.51,8.895,13.1875,18.1725,16.1725,23.8025,111.32,198.035,275.42,322.805,299.84,107.45,102.55,101.34,102.15,106.74,122.73,158.29,147.93,108.19,73.39,28.86,3.96,-0.56,-0.16,27.42,40.28,109.8,147.64,248.27,220.53,176.9,138.38,124.58,111.27,0,0,0,1,1,0,1,0,1,1,0,0,1,1,1,1,1,1,0,0,1,0,0,1
317,72.075,95.58250000000001,117.1075,97.9125,55.8475,46.0875,42.3475,38.7175,39.057500000000005,45.6775,30.5875,10.35,17.87,14.51,8.895,13.1875,18.1725,16.1725,23.8025,111.32,198.035,275.42,322.805,299.84,107.45,102.55,101.34,102.15,106.74,122.73,158.29,147.93,108.19,73.39,28.86,3.96,-0.56,-0.16,27.42,40.28,109.8,147.64,248.27,220.53,176.9,138.38,124.58,111.27,1,1,0,1,1,0,0,0,0,0,1,1,1,0,0,0,0,1,0,0,1,1,0,0
318,72.075,95.58250000000001,117.1075,97.9125,55.8475,46.0875,42.3475,38.7175,39.057500000000005,45.6775,30.5875,10.35,17.87,14.51,8.895,13.1875,18.1725,16.1725,23.8025,111.32,198.035,275.42,322.805,299.84,107.45,102.55,101.34,102.15,106.74,122.73,158.29,147.93,108.19,73.39,28.86,3.96,-0.56,-0.16,27.42,40.28,109.8,147.64,248.27,220.53,176.9,138.38,124.58,111.27,0,1,0,0,0,1,0,1,1,1,0,0,0,0,0,0,1,1,1,0,0,1,1,0
319,72.075,95.58250000000001,117.1075,97.9125,55.8475,46.0875,42.3475,38.7175,39.057500000000005,45.6775,30.5875,10.35,17.87,14.51,8.895,13.1875,18.1725,16.1725,23.8025,111.32,198.035,275.42,322.805,299.84,107.45,102.55,101.34,102.15,106.74,122.73,158.29,147.93,108.19,73.39,28.86,3.96,-0.56,-0.16,27.42,40.28,109.8,147.64,248.27,220.53,176.9,138.38,124.58,111.27,1,1,0,0,0,1,0,0,1,0,1,0,0,0,0,1,1,1,0,0,1,0,1,1
320,153.81,65.175,44.7025,53.2475,193.7775,399.2,627.265,575.28,696.1975,795.4475,627.95,449.6975,303.5775,230.2475,202.23,166.9625,113.81,106.3875,89.1275,124.21000000000001,228.6775,317.48,364.125,440.50750000000005,128.2,120.38,117.09,112.15,109.75,111.89,117.11,135.81,138.82,137.77,125.08,112.1,102.21,97.27,99.39,97.8,125.41,145.0,158.55,150.78,133.41,125.42,122.03,119.92,0,0,0,1,1,0,1,0,1,1,0,0,1,1,1,1,1,1,0,0,1,0,0,1
321,153.81,65.175,44.7025,53.2475,193.7775,399.2,627.265,575.28,696.1975,795.4475,627.95,449.6975,303.5775,230.2475,202.23,166.9625,113.81,106.3875,89.1275,124.21000000000001,228.6775,317.48,364.125,440.50750000000005,128.2,120.38,117.09,112.15,109.75,111.89,117.11,135.81,138.82,137.77,125.08,112.1,102.21,97.27,99.39,97.8,125.41,145.0,158.55,150.78,133.41,125.42,122.03,119.92,1,1,0,1,1,0,0,0,0,0,1,1,1,0,0,0,0,1,0,0,1,1,0,0
322,153.81,65.175,44.7025,53.2475,193.7775,399.2,627.265,575.28,696.1975,795.4475,627.95,449.6975,303.5775,230.2475,202.23,166.9625,113.81,106.3875,89.1275,124.21000000000001,228.6775,317.48,364.125,440.50750000000005,128.2,120.38,117.09,112.15,109.75,111.89,117.11,135.81,138.82,137.77,125.08,112.1,102.21,97.27,99.39,97.8,125.41,145.0,158.55,150.78,133.41,125.42,122.03,119.92,0,1,0,0,0,1,0,1,1,1,0,0,0,0,0,0,1,1,1,0,0,1,1,0
323,153.81,65.175,44.7025,53.2475,193.7775,399.2,627.265,575.28,696.1975,795.4475,627.95,449.6975,303.5775,230.2475,202.23,166.9625,113.81,106.3875,89.1275,124.21000000000001,228.6775,317.48,364.125,440.50750000000005,128.2,120.38,117.09,112.15,109.75,111.89,117.11,135.81,138.82,137.77,125.08,112.1,102.21,97.27,99.39,97.8,125.41,145.0,158.55,150.78,133.41,125.42,122.03,119.92,1,1,0,0,0,1,0,0,1,0,1,0,0,0,0,1,1,1,0,0,1,0,1,1
324,153.81,65.175,44.7025,53.2475,193.7775,399.2,627.265,575.28,696.1975,795.4475,627.95,449.6975,303.5775,230.2475,202.23,166.9625,113.81,106.3875,89.1275,124.21000000000001,228.6775,317.48,364.125,440.50750000000005,102.61,57.86,30.22,21.37,19.06,19.05,43.56,90.69,103.11,89.0,33.71,11.22,7.4,3.14,2.85,19.0,54.16,99.69,136.58,117.23,80.9,61.1,35.12,25.41,0,0,0,1,1,0,1,0,1,1,0,0,1,1,1,1,1,1,0,0,1,0,0,1
325,153.81,65.175,44.7025,53.2475,193.7775,399.2,627.265,575.28,696.1975,795.4475,627.95,449.6975,303.5775,230.2475,202.23,166.9625,113.81,106.3875,89.1275,124.21000000000001,228.6775,317.48,364.125,440.50750000000005,102.61,57.86,30.22,21.37,19.06,19.05,43.56,90.69,103.11,89.0,33.71,11.22,7.4,3.14,2.85,19.0,54.16,99.69,136.58,117.23,80.9,61.1,35.12,25.41,1,1,0,1,1,0,0,0,0,0,1,1,1,0,0,0,0,1,0,0,1,1,0,0
326,153.81,65.175,44.7025,53.2475,193.7775,399.2,627.265,575.28,696.1975,795.4475,627.95,449.6975,303.5775,230.2475,202.23,166.9625,113.81,106.3875,89.1275,124.21000000000001,228.6775,317.48,364.125,440.50750000000005,102.61,57.86,30.22,21.37,19.06,19.05,43.56,90.69,103.11,89.0,33.71,11.22,7.4,3.14,2.85,19.0,54.16,99.69,136.58,117.23,80.9,61.1,35.12,25.41,0,1,0,0,0,1,0,1,1,1,0,0,0,0,0,0,1,1,1,0,0,1,1,0
327,153.81,65.175,44.7025,53.2475,193.7775,399.2,627.265,575.28,696.1975,795.4475,627.95,449.6975,303.5775,230.2475,202.23,166.9625,113.81,106.3875,89.1275,124.21000000000001,228.6775,317.48,364.125,440.50750000000005,102.61,57.86,30.22,21.37,19.06,19.05,43.56,90.69,103.11,89.0,33.71,11.22,7.4,3.14,2.85,19.0,54.16,99.69,136.58,117.23,80.9,61.1,35.12,25.41,1,1,0,0,0,1,0,0,1,0,1,0,0,0,0,1,1,1,0,0,1,0,1,1
328,153.81,65.175,44.7025,53.2475,193.7775,399.2,627.265,575.28,696.1975,795.4475,627.95,449.6975,303.5775,230.2475,202.23,166.9625,113.81,106.3875,89.1275,124.21000000000001,228.6775,317.48,364.125,440.50750000000005,28.31,27.04,25.8,20.11,14.94,20.11,41.81,58.7,70.1,44.59,20.1,4.29,2.43,1.67,10.81,34.89,70.65,129.19,163.66,102.7,88.19,79.94,69.01,40.3,0,0,0,1,1,0,1,0,1,1,0,0,1,1,1,1,1,1,0,0,1,0,0,1
329,153.81,65.175,44.7025,53.2475,193.7775,399.2,627.265,575.28,696.1975,795.4475,627.95,449.6975,303.5775,230.2475,202.23,166.9625,113.81,106.3875,89.1275,124.21000000000001,228.6775,317.48,364.125,440.50750000000005,28.31,27.04,25.8,20.11,14.94,20.11,41.81,58.7,70.1,44.59,20.1,4.29,2.43,1.67,10.81,34.89,70.65,129.19,163.66,102.7,88.19,79.94,69.01,40.3,1,1,0,1,1,0,0,0,0,0,1,1,1,0,0,0,0,1,0,0,1,1,0,0
330,153.81,65.175,44.7025,53.2475,193.7775,399.2,627.265,575.28,696.1975,795.4475,627.95,449.6975,303.5775,230.2475,202.23,166.9625,113.81,106.3875,89.1275,124.21000000000001,228.6775,317.48,364.125,440.50750000000005,28.31,27.04,25.8,20.11,14.94,20.11,41.81,58.7,70.1,44.59,20.1,4.29,2.43,1.67,10.81,34.89,70.65,129.19,163.66,102.7,88.19,79.94,69.01,40.3,0,1,0,0,0,1,0,1,1,1,0,0,0,0,0,0,1,1,1,0,0,1,1,0
331,153.81,65.175,44.7025,53.2475,193.7775,399.2,627.265,575.28,696.1975,795.4475,627.95,449.6975,303.5775,230.2475,202.23,166.9625,113.81,106.3875,89.1275,124.21000000000001,228.6775,317.48,364.125,440.50750000000005,28.31,27.04,25.8,20.11,14.94,20.11,41.81,58.7,70.1,44.59,20.1,4.29,2.43,1.67,10.81,34.89,70.65,129.19,163.66,102.7,88.19,79.94,69.01,40.3,1,1,0,0,0,1,0,0,1,0,1,0,0,0,0,1,1,1,0,0,1,0,1,1
332,153.81,65.175,44.7025,53.2475,193.7775,399.2,627.265,575.28,696.1975,795.4475,627.95,449.6975,303.5775,230.2475,202.23,166.9625,113.81,106.3875,89.1275,124.21000000000001,228.6775,317.48,364.125,440.50750000000005,65.55,54.39,32.29,20.11,20.1,42.51,52.96,65.9,62.85,61.23,25.3,13.26,4.0,4.04,10.11,30.07,32.66,74.91,64.54,42.3,29.85,25.33,25.52,20.1,0,0,0,1,1,0,1,0,1,1,0,0,1,1,1,1,1,1,0,0,1,0,0,1
333,153.81,65.175,44.7025,53.2475,193.7775,399.2,627.265,575.28,696.1975,795.4475,627.95,449.6975,303.5775,230.2475,202.23,166.9625,113.81,106.3875,89.1275,124.21000000000001,228.6775,317.48,364.125,440.50750000000005,65.55,54.39,32.29,20.11,20.1,42.51,52.96,65.9,62.85,61.23,25.3,13.26,4.0,4.04,10.11,30.07,32.66,74.91,64.54,42.3,29.85,25.33,25.52,20.1,1,1,0,1,1,0,0,0,0,0,1,1,1,0,0,0,0,1,0,0,1,1,0,0
334,153.81,65.175,44.7025,53.2475,193.7775,399.2,627.265,575.28,696.1975,795.4475,627.95,449.6975,303.5775,230.2475,202.23,166.9625,113.81,106.3875,89.1275,124.21000000000001,228.6775,317.48,364.125,440.50750000000005,65.55,54.39,32.29,20.11,20.1,42.51,52.96,65.9,62.85,61.23,25.3,13.26,4.0,4.04,10.11,30.07,32.66,74.91,64.54,42.3,29.85,25.33,25.52,20.1,0,1,0,0,0,1,0,1,1,1,0,0,0,0,0,0,1,1,1,0,0,1,1,0
335,153.81,65.175,44.7025,53.2475,193.7775,399.2,627.265,575.28,696.1975,795.4475,627.95,449.6975,303.5775,230.2475,202.23,166.9625,113.81,106.3875,89.1275,124.21000000000001,228.6775,317.48,364.125,440.50750000000005,65.55,54.39,32.29,20.11,20.1,42.51,52.96,65.9,62.85,61.23,25.3,13.26,4.0,4.04,10.11,30.07,32.66,74.91,64.54,42.3,29.85,25.33,25.52,20.1,1,1,0,0,0,1,0,0,1,0,1,0,0,0,0,1,1,1,0,0,1,0,1,1
336,153.81,65.175,44.7025,53.2475,193.7775,399.2,627.265,575.28,696.1975,795.4475,627.95,449.6975,303.5775,230.2475,202.23,166.9625,113.81,106.3875,89.1275,124.21000000000001,228.6775,317.48,364.125,440.50750000000005,4.0,4.0,4.0,4.0,9.8,4.0,16.04,43.93,39.29,12.6,0.34,-0.67,-0.7,-0.78,0.01,3.97,13.23,60.4,60.41,43.5,34.76,33.55,31.31,31.16,0,0,0,1,1,0,1,0,1,1,0,0,1,1,1,1,1,1,0,0,1,0,0,1
337,153.81,65.175,44.7025,53.2475,193.7775,399.2,627.265,575.28,696.1975,795.4475,627.95,449.6975,303.5775,230.2475,202.23,166.9625,113.81,106.3875,89.1275,124.21000000000001,228.6775,317.48,364.125,440.50750000000005,4.0,4.0,4.0,4.0,9.8,4.0,16.04,43.93,39.29,12.6,0.34,-0.67,-0.7,-0.78,0.01,3.97,13.23,60.4,60.41,43.5,34.76,33.55,31.31,31.16,1,1,0,1,1,0,0,0,0,0,1,1,1,0,0,0,0,1,0,0,1,1,0,0
338,153.81,65.175,44.7025,53.2475,193.7775,399.2,627.265,575.28,696.1975,795.4475,627.95,449.6975,303.5775,230.2475,202.23,166.9625,113.81,106.3875,89.1275,124.21000000000001,228.6775,317.48,364.125,440.50750000000005,4.0,4.0,4.0,4.0,9.8,4.0,16.04,43.93,39.29,12.6,0.34,-0.67,-0.7,-0.78,0.01,3.97,13.23,60.4,60.41,43.5,34.76,33.55,31.31,31.16,0,1,0,0,0,1,0,1,1,1,0,0,0,0,0,0,1,1,1,0,0,1,1,0
339,153.81,65.175,44.7025,53.2475,193.7775,399.2,627.265,575.28,696.1975,795.4475,627.95,449.6975,303.5775,230.2475,202.23,166.9625,113.81,106.3875,89.1275,124.21000000000001,228.6775,317.48,364.125,440.50750000000005,4.0,4.0,4.0,4.0,9.8,4.0,16.04,43.93,39.29,12.6,0.34,-0.67,-0.7,-0.78,0.01,3.97,13.23,60.4,60.41,43.5,34.76,33.55,31.31,31.16,1,1,0,0,0,1,0,0,1,0,1,0,0,0,0,1,1,1,0,0,1,0,1,1
340,153.81,65.175,44.7025,53.2475,193.7775,399.2,627.265,575.28,696.1975,795.4475,627.95,449.6975,303.5775,230.2475,202.23,166.9625,113.81,106.3875,89.1275,124.21000000000001,228.6775,317.48,364.125,440.50750000000005,30.3,29.53,35.47,39.26,47.4,65.97,93.16,139.44,108.51,78.7,50.47,4.02,0.08,0.02,13.16,63.61,99.2,129.7,165.36,149.11,125.64,106.63,101.47,91.11,0,0,0,1,1,0,1,0,1,1,0,0,1,1,1,1,1,1,0,0,1,0,0,1
341,153.81,65.175,44.7025,53.2475,193.7775,399.2,627.265,575.28,696.1975,795.4475,627.95,449.6975,303.5775,230.2475,202.23,166.9625,113.81,106.3875,89.1275,124.21000000000001,228.6775,317.48,364.125,440.50750000000005,30.3,29.53,35.47,39.26,47.4,65.97,93.16,139.44,108.51,78.7,50.47,4.02,0.08,0.02,13.16,63.61,99.2,129.7,165.36,149.11,125.64,106.63,101.47,91.11,1,1,0,1,1,0,0,0,0,0,1,1,1,0,0,0,0,1,0,0,1,1,0,0
342,153.81,65.175,44.7025,53.2475,193.7775,399.2,627.265,575.28,696.1975,795.4475,627.95,449.6975,303.5775,230.2475,202.23,166.9625,113.81,106.3875,89.1275,124.21000000000001,228.6775,317.48,364.125,440.50750000000005,30.3,29.53,35.47,39.26,47.4,65.97,93.16,139.44,108.51,78.7,50.47,4.02,0.08,0.02,13.16,63.61,99.2,129.7,165.36,149.11,125.64,106.63,101.47,91.11,0,1,0,0,0,1,0,1,1,1,0,0,0,0,0,0,1,1,1,0,0,1,1,0
343,153.81,65.175,44.7025,53.2475,193.7775,399.2,627.265,575.28,696.1975,795.4475,627.95,449.6975,303.5775,230.2475,202.23,166.9625,113.81,106.3875,89.1275,124.21000000000001,228.6775,317.48,364.125,440.50750000000005,30.3,29.53,35.47,39.26,47.4,65.97,93.16,139.44,108.51,78.7,50.47,4.02,0.08,0.02,13.16,63.61,99.2,129.7,165.36,149.11,125.64,106.63,101.47,91.11,1,1,0,0,0,1,0,0,1,0,1,0,0,0,0,1,1,1,0,0,1,0,1,1
344,153.81,65.175,44.7025,53.2475,193.7775,399.2,627.265,575.28,696.1975,795.4475,627.95,449.6975,303.5775,230.2475,202.23,166.9625,113.81,106.3875,89.1275,124.21000000000001,228.6775,317.48,364.125,440.50750000000005,90.27,90.27,91.38,91.69,98.13,115.16,135.67,147.7,122.23,83.0,65.3,31.51,13.08,8.08,37.05,90.15,126.99,149.92,216.65,178.68,148.7,132.4,119.11,111.83,0,0,0,1,1,0,1,0,1,1,0,0,1,1,1,1,1,1,0,0,1,0,0,1
345,153.81,65.175,44.7025,53.2475,193.7775,399.2,627.265,575.28,696.1975,795.4475,627.95,449.6975,303.5775,230.2475,202.23,166.9625,113.81,106.3875,89.1275,124.21000000000001,228.6775,317.48,364.125,440.50750000000005,90.27,90.27,91.38,91.69,98.13,115.16,135.67,147.7,122.23,83.0,65.3,31.51,13.08,8.08,37.05,90.15,126.99,149.92,216.65,178.68,148.7,132.4,119.11,111.83,1,1,0,1,1,0,0,0,0,0,1,1,1,0,0,0,0,1,0,0,1,1,0,0
346,153.81,65.175,44.7025,53.2475,193.7775,399.2,627.265,575.28,696.1975,795.4475,627.95,449.6975,303.5775,230.2475,202.23,166.9625,113.81,106.3875,89.1275,124.21000000000001,228.6775,317.48,364.125,440.50750000000005,90.27,90.27,91.38,91.69,98.13,115.16,135.67,147.7,122.23,83.0,65.3,31.51,13.08,8.08,37.05,90.15,126.99,149.92,216.65,178.68,148.7,132.4,119.11,111.83,0,1,0,0,0,1,0,1,1,1,0,0,0,0,0,0,1,1,1,0,0,1,1,0
347,153.81,65.175,44.7025,53.2475,193.7775,399.2,627.265,575.28,696.1975,795.4475,627.95,449.6975,303.5775,230.2475,202.23,166.9625,113.81,106.3875,89.1275,124.21000000000001,228.6775,317.48,364.125,440.50750000000005,90.27,90.27,91.38,91.69,98.13,115.16,135.67,147.7,122.23,83.0,65.3,31.51,13.08,8.08,37.05,90.15,126.99,149.92,216.65,178.68,148.7,132.4,119.11,111.83,1,1,0,0,0,1,0,0,1,0,1,0,0,0,0,1,1,1,0,0,1,0,1,1
348,153.81,65.175,44.7025,53.2475,193.7775,399.2,627.265,575.28,696.1975,795.4475,627.95,449.6975,303.5775,230.2475,202.23,166.9625,113.81,106.3875,89.1275,124.21000000000001,228.6775,317.48,364.125,440.50750000000005,124.97,113.94,117.22,116.76,118.42,121.3,127.82,120.6,98.05,72.54,18.05,2.07,-0.33,-0.1,2.76,53.53,100.87,145.58,174.04,140.03,111.21,100.01,99.24,97.9,0,0,0,1,1,0,1,0,1,1,0,0,1,1,1,1,1,1,0,0,1,0,0,1
349,153.81,65.175,44.7025,53.2475,193.7775,399.2,627.265,575.28,696.1975,795.4475,627.95,449.6975,303.5775,230.2475,202.23,166.9625,113.81,106.3875,89.1275,124.21000000000001,228.6775,317.48,364.125,440.50750000000005,124.97,113.94,117.22,116.76,118.42,121.3,127.82,120.6,98.05,72.54,18.05,2.07,-0.33,-0.1,2.76,53.53,100.87,145.58,174.04,140.03,111.21,100.01,99.24,97.9,1,1,0,1,1,0,0,0,0,0,1,1,1,0,0,0,0,1,0,0,1,1,0,0
350,153.81,65.175,44.7025,53.2475,193.7775,399.2,627.265,575.28,696.1975,795.4475,627.95,449.6975,303.5775,230.2475,202.23,166.9625,113.81,106.3875,89.1275,124.21000000000001,228.6775,317.48,364.125,440.50750000000005,124.97,113.94,117.22,116.76,118.42,121.3,127.82,120.6,98.05,72.54,18.05,2.07,-0.33,-0.1,2.76,53.53,100.87,145.58,174.04,140.03,111.21,100.01,99.24,97.9,0,1,0,0,0,1,0,1,1,1,0,0,0,0,0,0,1,1,1,0,0,1,1,0
351,153.81,65.175,44.7025,53.2475,193.7775,399.2,627.265,575.28,696.1975,795.4475,627.95,449.6975,303.5775,230.2475,202.23,166.9625,113.81,106.3875,89.1275,124.21000000000001,228.6775,317.48,364.125,440.50750000000005,124.97,113.94,117.22,116.76,118.42,121.3,127.82,120.6,98.05,72.54,18.05,2.07,-0.33,-0.1,2.76,53.53,100.87,145.58,174.04,140.03,111.21,100.01,99.24,97.9,1,1,0,0,0,1,0,0,1,0,1,0,0,0,0,1,1,1,0,0,1,0,1,1
352,153.81,65.175,44.7025,53.2475,193.7775,399.2,627.265,575.28,696.1975,795.4475,627.95,449.6975,303.5775,230.2475,202.23,166.9625,113.81,106.3875,89.1275,124.21000000000001,228.6775,317.48,364.125,440.50750000000005,95.19,94.81,94.44,96.51,98.67,101.51,100.0,93.0,59.02,24.41,21.32,3.95,1.29,3.95,11.03,28.01,68.99,107.86,134.15,132.71,114.54,107.87,104.56,103.64,0,0,0,1,1,0,1,0,1,1,0,0,1,1,1,1,1,1,0,0,1,0,0,1
353,153.81,65.175,44.7025,53.2475,193.7775,399.2,627.265,575.28,696.1975,795.4475,627.95,449.6975,303.5775,230.2475,202.23,166.9625,113.81,106.3875,89.1275,124.21000000000001,228.6775,317.48,364.125,440.50750000000005,95.19,94.81,94.44,96.51,98.67,101.51,100.0,93.0,59.02,24.41,21.32,3.95,1.29,3.95,11.03,28.01,68.99,107.86,134.15,132.71,114.54,107.87,104.56,103.64,1,1,0,1,1,0,0,0,0,0,1,1,1,0,0,0,0,1,0,0,1,1,0,0
354,153.81,65.175,44.7025,53.2475,193.7775,399.2,627.265,575.28,696.1975,795.4475,627.95,449.6975,303.5775,230.2475,202.23,166.9625,113.81,106.3875,89.1275,124.21000000000001,228.6775,317.48,364.125,440.50750000000005,95.19,94.81,94.44,96.51,98.67,101.51,100.0,93.0,59.02,24.41,21.32,3.95,1.29,3.95,11.03,28.01,68.99,107.86,134.15,132.71,114.54,107.87,104.56,103.64,0,1,0,0,0,1,0,1,1,1,0,0,0,0,0,0,1,1,1,0,0,1,1,0
355,153.81,65.175,44.7025,53.2475,193.7775,399.2,627.265,575.28,696.1975,795.4475,627.95,449.6975,303.5775,230.2475,202.23,166.9625,113.81,106.3875,89.1275,124.21000000000001,228.6775,317.48,364.125,440.50750000000005,95.19,94.81,94.44,96.51,98.67,101.51,100.0,93.0,59.02,24.41,21.32,3.95,1.29,3.95,11.03,28.01,68.99,107.86,134.15,132.71,114.54,107.87,104.56,103.64,1,1,0,0,0,1,0,0,1,0,1,0,0,0,0,1,1,1,0,0,1,0,1,1
356,153.81,65.175,44.7025,53.2475,193.7775,399.2,627.265,575.28,696.1975,795.4475,627.95,449.6975,303.5775,230.2475,202.23,166.9625,113.81,106.3875,89.1275,124.21000000000001,228.6775,317.48,364.125,440.50750000000005,95.84,94.92,96.7,96.86,89.98,101.13,148.63,159.87,134.08,98.92,84.44,77.92,76.06,77.36,83.96,97.54,127.59,148.1,175.06,160.4,142.28,126.68,106.87,97.93,0,0,0,1,1,0,1,0,1,1,0,0,1,1,1,1,1,1,0,0,1,0,0,1
357,153.81,65.175,44.7025,53.2475,193.7775,399.2,627.265,575.28,696.1975,795.4475,627.95,449.6975,303.5775,230.2475,202.23,166.9625,113.81,106.3875,89.1275,124.21000000000001,228.6775,317.48,364.125,440.50750000000005,95.84,94.92,96.7,96.86,89.98,101.13,148.63,159.87,134.08,98.92,84.44,77.92,76.06,77.36,83.96,97.54,127.59,148.1,175.06,160.4,142.28,126.68,106.87,97.93,1,1,0,1,1,0,0,0,0,0,1,1,1,0,0,0,0,1,0,0,1,1,0,0
358,153.81,65.175,44.7025,53.2475,193.7775,399.2,627.265,575.28,696.1975,795.4475,627.95,449.6975,303.5775,230.2475,202.23,166.9625,113.81,106.3875,89.1275,124.21000000000001,228.6775,317.48,364.125,440.50750000000005,95.84,94.92,96.7,96.86,89.98,101.13,148.63,159.87,134.08,98.92,84.44,77.92,76.06,77.36,83.96,97.54,127.59,148.1,175.06,160.4,142.28,126.68,106.87,97.93,0,1,0,0,0,1,0,1,1,1,0,0,0,0,0,0,1,1,1,0,0,1,1,0
359,153.81,65.175,44.7025,53.2475,193.7775,399.2,627.265,575.28,696.1975,795.4475,627.95,449.6975,303.5775,230.2475,202.23,166.9625,113.81,106.3875,89.1275,124.21000000000001,228.6775,317.48,364.125,440.50750000000005,95.84,94.92,96.7,96.86,89.98,101.13,148.63,159.87,134.08,98.92,84.44,77.92,76.06,77.36,83.96,97.54,127.59,148.1,175.06,160.4,142.28,126.68,106.87,97.93,1,1,0,0,0,1,0,0,1,0,1,0,0,0,0,1,1,1,0,0,1,0,1,1
360,153.81,65.175,44.7025,53.2475,193.7775,399.2,627.265,575.28,696.1975,795.4475,627.95,449.6975,303.5775,230.2475,202.23,166.9625,113.81,106.3875,89.1275,124.21000000000001,228.6775,317.48,364.125,440.50750000000005,104.39,101.79,99.72,100.48,102.51,110.88,148.14,153.09,146.54,128.53,102.0,97.48,96.45,98.39,102.35,112.84,132.9,172.03,205.15,181.06,149.49,133.05,121.27,107.36,0,0,0,1,1,0,1,0,1,1,0,0,1,1,1,1,1,1,0,0,1,0,0,1
361,153.81,65.175,44.7025,53.2475,193.7775,399.2,627.265,575.28,696.1975,795.4475,627.95,449.6975,303.5775,230.2475,202.23,166.9625,113.81,106.3875,89.1275,124.21000000000001,228.6775,317.48,364.125,440.50750000000005,104.39,101.79,99.72,100.48,102.51,110.88,148.14,153.09,146.54,128.53,102.0,97.48,96.45,98.39,102.35,112.84,132.9,172.03,205.15,181.06,149.49,133.05,121.27,107.36,1,1,0,1,1,0,0,0,0,0,1,1,1,0,0,0,0,1,0,0,1,1,0,0
362,153.81,65.175,44.7025,53.2475,193.7775,399.2,627.265,575.28,696.1975,795.4475,627.95,449.6975,303.5775,230.2475,202.23,166.9625,113.81,106.3875,89.1275,124.21000000000001,228.6775,317.48,364.125,440.50750000000005,104.39,101.79,99.72,100.48,102.51,110.88,148.14,153.09,146.54,128.53,102.0,97.48,96.45,98.39,102.35,112.84,132.9,172.03,205.15,181.06,149.49,133.05,121.27,107.36,0,1,0,0,0,1,0,1,1,1,0,0,0,0,0,0,1,1,1,0,0,1,1,0
363,153.81,65.175,44.7025,53.2475,193.7775,399.2,627.265,575.28,696.1975,795.4475,627.95,449.6975,303.5775,230.2475,202.23,166.9625,113.81,106.3875,89.1275,124.21000000000001,228.6775,317.48,364.125,440.50750000000005,104.39,101.79,99.72,100.48,102.51,110.88,148.14,153.09,146.54,128.53,102.0,97.48,96.45,98.39,102.35,112.84,132.9,172.03,205.15,181.06,149.49,133.05,121.27,107.36,1,1,0,0,0,1,0,0,1,0,1,0,0,0,0,1,1,1,0,0,1,0,1,1
364,153.81,65.175,44.7025,53.2475,193.7775,399.2,627.265,575.28,696.1975,795.4475,627.95,449.6975,303.5775,230.2475,202.23,166.9625,113.81,106.3875,89.1275,124.21000000000001,228.6775,317.48,364.125,440.50750000000005,101.74,100.11,97.82,97.43,101.85,110.37,144.57,161.75,148.49,125.02,102.64,99.73,98.11,99.95,101.69,117.81,140.35,159.04,199.9,179.58,148.09,132.26,120.02,109.91,0,0,0,1,1,0,1,0,1,1,0,0,1,1,1,1,1,1,0,0,1,0,0,1
365,153.81,65.175,44.7025,53.2475,193.7775,399.2,627.265,575.28,696.1975,795.4475,627.95,449.6975,303.5775,230.2475,202.23,166.9625,113.81,106.3875,89.1275,124.21000000000001,228.6775,317.48,364.125,440.50750000000005,101.74,100.11,97.82,97.43,101.85,110.37,144.57,161.75,148.49,125.02,102.64,99.73,98.11,99.95,101.69,117.81,140.35,159.04,199.9,179.58,148.09,132.26,120.02,109.91,1,1,0,1,1,0,0,0,0,0,1,1,1,0,0,0,0,1,0,0,1,1,0,0
366,153.81,65.175,44.7025,53.2475,193.7775,399.2,627.265,575.28,696.1975,795.4475,627.95,449.6975,303.5775,230.2475,202.23,166.9625,113.81,106.3875,89.1275,124.21000000000001,228.6775,317.48,364.125,440.50750000000005,101.74,100.11,97.82,97.43,101.85,110.37,144.57,161.75,148.49,125.02,102.64,99.73,98.11,99.95,101.69,117.81,140.35,159.04,199.9,179.58,148.09,132.26,120.02,109.91,0,1,0,0,0,1,0,1,1,1,0,0,0,0,0,0,1,1,1,0,0,1,1,0
367,153.81,65.175,44.7025,53.2475,193.7775,399.2,627.265,575.28,696.1975,795.4475,627.95,449.6975,303.5775,230.2475,202.23,166.9625,113.81,106.3875,89.1275,124.21000000000001,228.6775,317.48,364.125,440.50750000000005,101.74,100.11,97.82,97.43,101.85,110.37,144.57,161.75,148.49,125.02,102.64,99.73,98.11,99.95,101.69,117.81,140.35,159.04,199.9,179.58,148.09,132.26,120.02,109.91,1,1,0,0,0,1,0,0,1,0,1,0,0,0,0,1,1,1,0,0,1,0,1,1
368,153.81,65.175,44.7025,53.2475,193.7775,399.2,627.265,575.28,696.1975,795.4475,627.95,449.6975,303.5775,230.2475,202.23,166.9625,113.81,106.3875,89.1275,124.21000000000001,228.6775,317.48,364.125,440.50750000000005,108.49,102.22,98.96,96.69,98.33,105.87,132.7,160.74,160.99,154.8,123.84,110.75,110.08,108.28,107.6,110.02,121.56,142.95,166.09,173.42,148.99,135.69,123.41,111.53,0,0,0,1,1,0,1,0,1,1,0,0,1,1,1,1,1,1,0,0,1,0,0,1
369,153.81,65.175,44.7025,53.2475,193.7775,399.2,627.265,575.28,696.1975,795.4475,627.95,449.6975,303.5775,230.2475,202.23,166.9625,113.81,106.3875,89.1275,124.21000000000001,228.6775,317.48,364.125,440.50750000000005,108.49,102.22,98.96,96.69,98.33,105.87,132.7,160.74,160.99,154.8,123.84,110.75,110.08,108.28,107.6,110.02,121.56,142.95,166.09,173.42,148.99,135.69,123.41,111.53,1,1,0,1,1,0,0,0,0,0,1,1,1,0,0,0,0,1,0,0,1,1,0,0
370,153.81,65.175,44.7025,53.2475,193.7775,399.2,627.265,575.28,696.1975,795.4475,627.95,449.6975,303.5775,230.2475,202.23,166.9625,113.81,106.3875,89.1275,124.21000000000001,228.6775,317.48,364.125,440.50750000000005,108.49,102.22,98.96,96.69,98.33,105.87,132.7,160.74,160.99,154.8,123.84,110.75,110.08,108.28,107.6,110.02,121.56,142.95,166.09,173.42,148.99,135.69,123.41,111.53,0,1,0,0,0,1,0,1,1,1,0,0,0,0,0,0,1,1,1,0,0,1,1,0
371,153.81,65.175,44.7025,53.2475,193.7775,399.2,627.265,575.28,696.1975,795.4475,627.95,449.6975,303.5775,230.2475,202.23,166.9625,113.81,106.3875,89.1275,124.21000000000001,228.6775,317.48,364.125,440.50750000000005,108.49,102.22,98.96,96.69,98.33,105.87,132.7,160.74,160.99,154.8,123.84,110.75,110.08,108.28,107.6,110.02,121.56,142.95,166.09,173.42,148.99,135.69,123.41,111.53,1,1,0,0,0,1,0,0,1,0,1,0,0,0,0,1,1,1,0,0,1,0,1,1
372,153.81,65.175,44.7025,53.2475,193.7775,399.2,627.265,575.28,696.1975,795.4475,627.95,449.6975,303.5775,230.2475,202.23,166.9625,113.81,106.3875,89.1275,124.21000000000001,228.6775,317.48,364.125,440.50750000000005,109.19,106.08,105.97,103.89,105.37,114.08,143.05,155.29,155.08,132.11,112.01,106.37,104.49,104.58,105.38,109.42,124.93,146.56,155.47,151.02,130.1,111.46,114.0,105.15,0,0,0,1,1,0,1,0,1,1,0,0,1,1,1,1,1,1,0,0,1,0,0,1
373,153.81,65.175,44.7025,53.2475,193.7775,399.2,627.265,575.28,696.1975,795.4475,627.95,449.6975,303.5775,230.2475,202.23,166.9625,113.81,106.3875,89.1275,124.21000000000001,228.6775,317.48,364.125,440.50750000000005,109.19,106.08,105.97,103.89,105.37,114.08,143.05,155.29,155.08,132.11,112.01,106.37,104.49,104.58,105.38,109.42,124.93,146.56,155.47,151.02,130.1,111.46,114.0,105.15,1,1,0,1,1,0,0,0,0,0,1,1,1,0,0,0,0,1,0,0,1,1,0,0
374,153.81,65.175,44.7025,53.2475,193.7775,399.2,627.265,575.28,696.1975,795.4475,627.95,449.6975,303.5775,230.2475,202.23,166.9625,113.81,106.3875,89.1275,124.21000000000001,228.6775,317.48,364.125,440.50750000000005,109.19,106.08,105.97,103.89,105.37,114.08,143.05,155.29,155.08,132.11,112.01,106.37,104.49,104.58,105.38,109.42,124.93,146.56,155.47,151.02,130.1,111.46,114.0,105.15,0,1,0,0,0,1,0,1,1,1,0,0,0,0,0,0,1,1,1,0,0,1,1,0
375,153.81,65.175,44.7025,53.2475,193.7775,399.2,627.265,575.28,696.1975,795.4475,627.95,449.6975,303.5775,230.2475,202.23,166.9625,113.81,106.3875,89.1275,124.21000000000001,228.6775,317.48,364.125,440.50750000000005,109.19,106.08,105.97,103.89,105.37,114.08,143.05,155.29,155.08,132.11,112.01,106.37,104.49,104.58,105.38,109.42,124.93,146.56,155.47,151.02,130.1,111.46,114.0,105.15,1,1,0,0,0,1,0,0,1,0,1,0,0,0,0,1,1,1,0,0,1,0,1,1
376,153.81,65.175,44.7025,53.2475,193.7775,399.2,627.265,575.28,696.1975,795.4475,627.95,449.6975,303.5775,230.2475,202.23,166.9625,113.81,106.3875,89.1275,124.21000000000001,228.6775,317.48,364.125,440.50750000000005,112.16,103.15,96.0,89.89,86.89,90.55,97.0,99.38,98.73,86.36,72.35,67.12,57.28,47.96,54.46,70.76,84.2,121.87,130.26,132.91,121.41,108.46,104.98,95.21,0,0,0,1,1,0,1,0,1,1,0,0,1,1,1,1,1,1,0,0,1,0,0,1
377,153.81,65.175,44.7025,53.2475,193.7775,399.2,627.265,575.28,696.1975,795.4475,627.95,449.6975,303.5775,230.2475,202.23,166.9625,113.81,106.3875,89.1275,124.21000000000001,228.6775,317.48,364.125,440.50750000000005,112.16,103.15,96.0,89.89,86.89,90.55,97.0,99.38,98.73,86.36,72.35,67.12,57.28,47.96,54.46,70.76,84.2,121.87,130.26,132.91,121.41,108.46,104.98,95.21,1,1,0,1,1,0,0,0,0,0,1,1,1,0,0,0,0,1,0,0,1,1,0,0
378,153.81,65.175,44.7025,53.2475,193.7775,399.2,627.265,575.28,696.1975,795.4475,627.95,449.6975,303.5775,230.2475,202.23,166.9625,113.81,106.3875,89.1275,124.21000000000001,228.6775,317.48,364.125,440.50750000000005,112.16,103.15,96.0,89.89,86.89,90.55,97.0,99.38,98.73,86.36,72.35,67.12,57.28,47.96,54.46,70.76,84.2,121.87,130.26,132.91,121.41,108.46,104.98,95.21,0,1,0,0,0,1,0,1,1,1,0,0,0,0,0,0,1,1,1,0,0,1,1,0
379,153.81,65.175,44.7025,53.2475,193.7775,399.2,627.265,575.28,696.1975,795.4475,627.95,449.6975,303.5775,230.2475,202.23,166.9625,113.81,106.3875,89.1275,124.21000000000001,228.6775,317.48,364.125,440.50750000000005,112.16,103.15,96.0,89.89,86.89,90.55,97.0,99.38,98.73,86.36,72.35,67.12,57.28,47.96,54.46,70.76,84.2,121.87,130.26,132.91,121.41,108.46,104.98,95.21,1,1,0,0,0,1,0,0,1,0,1,0,0,0,0,1,1,1,0,0,1,0,1,1
380,153.81,65.175,44.7025,53.2475,193.7775,399.2,627.265,575.28,696.1975,795.4475,627.95,449.6975,303.5775,230.2475,202.23,166.9625,113.81,106.3875,89.1275,124.21000000000001,228.6775,317.48,364.125,440.50750000000005,89.97,85.75,79.57,78.15,78.55,29.41,30.14,30.7,30.5,28.73,24.06,2.9,1.01,0.19,2.67,30.81,59.97,94.68,83.61,45.54,31.49,31.1,30.69,30.44,0,0,0,1,1,0,1,0,1,1,0,0,1,1,1,1,1,1,0,0,1,0,0,1
381,153.81,65.175,44.7025,53.2475,193.7775,399.2,627.265,575.28,696.1975,795.4475,627.95,449.6975,303.5775,230.2475,202.23,166.9625,113.81,106.3875,89.1275,124.21000000000001,228.6775,317.48,364.125,440.50750000000005,89.97,85.75,79.57,78.15,78.55,29.41,30.14,30.7,30.5,28.73,24.06,2.9,1.01,0.19,2.67,30.81,59.97,94.68,83.61,45.54,31.49,31.1,30.69,30.44,1,1,0,1,1,0,0,0,0,0,1,1,1,0,0,0,0,1,0,0,1,1,0,0
382,153.81,65.175,44.7025,53.2475,193.7775,399.2,627.265,575.28,696.1975,795.4475,627.95,449.6975,303.5775,230.2475,202.23,166.9625,113.81,106.3875,89.1275,124.21000000000001,228.6775,317.48,364.125,440.50750000000005,89.97,85.75,79.57,78.15,78.55,29.41,30.14,30.7,30.5,28.73,24.06,2.9,1.01,0.19,2.67,30.81,59.97,94.68,83.61,45.54,31.49,31.1,30.69,30.44,0,1,0,0,0,1,0,1,1,1,0,0,0,0,0,0,1,1,1,0,0,1,1,0
383,153.81,65.175,44.7025,53.2475,193.7775,399.2,627.265,575.28,696.1975,795.4475,627.95,449.6975,303.5775,230.2475,202.23,166.9625,113.81,106.3875,89.1275,124.21000000000001,228.6775,317.48,364.125,440.50750000000005,89.97,85.75,79.57,78.15,78.55,29.41,30.14,30.7,30.5,28.73,24.06,2.9,1.01,0.19,2.67,30.81,59.97,94.68,83.61,45.54,31.49,31.1,30.69,30.44,1,1,0,0,0,1,0,0,1,0,1,0,0,0,0,1,1,1,0,0,1,0,1,1
384,153.81,65.175,44.7025,53.2475,193.7775,399.2,627.265,575.28,696.1975,795.4475,627.95,449.6975,303.5775,230.2475,202.23,166.9625,113.81,106.3875,89.1275,124.21000000000001,228.6775,317.48,364.125,440.50750000000005,30.66,40.11,77.6,80.9,85.84,103.33,135.26,152.96,135.32,100.77,68.2,50.53,31.14,27.92,50.12,70.02,98.59,143.14,177.42,170.09,141.58,113.55,106.46,93.49,0,0,0,1,1,0,1,0,1,1,0,0,1,1,1,1,1,1,0,0,1,0,0,1
385,153.81,65.175,44.7025,53.2475,193.7775,399.2,627.265,575.28,696.1975,795.4475,627.95,449.6975,303.5775,230.2475,202.23,166.9625,113.81,106.3875,89.1275,124.21000000000001,228.6775,317.48,364.125,440.50750000000005,30.66,40.11,77.6,80.9,85.84,103.33,135.26,152.96,135.32,100.77,68.2,50.53,31.14,27.92,50.12,70.02,98.59,143.14,177.42,170.09,141.58,113.55,106.46,93.49,1,1,0,1,1,0,0,0,0,0,1,1,1,0,0,0,0,1,0,0,1,1,0,0
386,153.81,65.175,44.7025,53.2475,193.7775,399.2,627.265,575.28,696.1975,795.4475,627.95,449.6975,303.5775,230.2475,202.23,166.9625,113.81,106.3875,89.1275,124.21000000000001,228.6775,317.48,364.125,440.50750000000005,30.66,40.11,77.6,80.9,85.84,103.33,135.26,152.96,135.32,100.77,68.2,50.53,31.14,27.92,50.12,70.02,98.59,143.14,177.42,170.09,141.58,113.55,106.46,93.49,0,1,0,0,0,1,0,1,1,1,0,0,0,0,0,0,1,1,1,0,0,1,1,0
387,153.81,65.175,44.7025,53.2475,193.7775,399.2,627.265,575.28,696.1975,795.4475,627.95,449.6975,303.5775,230.2475,202.23,166.9625,113.81,106.3875,89.1275,124.21000000000001,228.6775,317.48,364.125,440.50750000000005,30.66,40.11,77.6,80.9,85.84,103.33,135.26,152.96,135.32,100.77,68.2,50.53,31.14,27.92,50.12,70.02,98.59,143.14,177.42,170.09,141.58,113.55,106.46,93.49,1,1,0,0,0,1,0,0,1,0,1,0,0,0,0,1,1,1,0,0,1,0,1,1
388,153.81,65.175,44.7025,53.2475,193.7775,399.2,627.265,575.28,696.1975,795.4475,627.95,449.6975,303.5775,230.2475,202.23,166.9625,113.81,106.3875,89.1275,124.21000000000001,228.6775,317.48,364.125,440.50750000000005,92.18,89.96,89.71,67.1,69.44,102.28,128.02,136.73,106.56,68.46,27.24,1.79,-0.2,-0.28,17.36,38.6,96.03,141.1,171.17,167.77,142.51,117.77,107.46,100.5,0,0,0,1,1,0,1,0,1,1,0,0,1,1,1,1,1,1,0,0,1,0,0,1
389,153.81,65.175,44.7025,53.2475,193.7775,399.2,627.265,575.28,696.1975,795.4475,627.95,449.6975,303.5775,230.2475,202.23,166.9625,113.81,106.3875,89.1275,124.21000000000001,228.6775,317.48,364.125,440.50750000000005,92.18,89.96,89.71,67.1,69.44,102.28,128.02,136.73,106.56,68.46,27.24,1.79,-0.2,-0.28,17.36,38.6,96.03,141.1,171.17,167.77,142.51,117.77,107.46,100.5,1,1,0,1,1,0,0,0,0,0,1,1,1,0,0,0,0,1,0,0,1,1,0,0
390,153.81,65.175,44.7025,53.2475,193.7775,399.2,627.265,575.28,696.1975,795.4475,627.95,449.6975,303.5775,230.2475,202.23,166.9625,113.81,106.3875,89.1275,124.21000000000001,228.6775,317.48,364.125,440.50750000000005,92.18,89.96,89.71,67.1,69.44,102.28,128.02,136.73,106.56,68.46,27.24,1.79,-0.2,-0.28,17.36,38.6,96.03,141.1,171.17,167.77,142.51,117.77,107.46,100.5,0,1,0,0,0,1,0,1,1,1,0,0,0,0,0,0,1,1,1,0,0,1,1,0
391,153.81,65.175,44.7025,53.2475,193.7775,399.2,627.265,575.28,696.1975,795.4475,627.95,449.6975,303.5775,230.2475,202.23,166.9625,113.81,106.3875,89.1275,124.21000000000001,228.6775,317.48,364.125,440.50750000000005,92.18,89.96,89.71,67.1,69.44,102.28,128.02,136.73,106.56,68.46,27.24,1.79,-0.2,-0.28,17.36,38.6,96.03,141.1,171.17,167.77,142.51,117.77,107.46,100.5,1,1,0,0,0,1,0,0,1,0,1,0,0,0,0,1,1,1,0,0,1,0,1,1
392,153.81,65.175,44.7025,53.2475,193.7775,399.2,627.265,575.28,696.1975,795.4475,627.95,449.6975,303.5775,230.2475,202.23,166.9625,113.81,106.3875,89.1275,124.21000000000001,228.6775,317.48,364.125,440.50750000000005,204.12,101.46,97.67,98.58,101.74,110.71,153.27,140.98,99.91,76.08,38.9,6.7,3.13,3.41,30.98,62.63,120.26,154.93,279.34,251.99,163.48,136.61,124.83,117.5,0,0,0,1,1,0,1,0,1,1,0,0,1,1,1,1,1,1,0,0,1,0,0,1
393,153.81,65.175,44.7025,53.2475,193.7775,399.2,627.265,575.28,696.1975,795.4475,627.95,449.6975,303.5775,230.2475,202.23,166.9625,113.81,106.3875,89.1275,124.21000000000001,228.6775,317.48,364.125,440.50750000000005,204.12,101.46,97.67,98.58,101.74,110.71,153.27,140.98,99.91,76.08,38.9,6.7,3.13,3.41,30.98,62.63,120.26,154.93,279.34,251.99,163.48,136.61,124.83,117.5,1,1,0,1,1,0,0,0,0,0,1,1,1,0,0,0,0,1,0,0,1,1,0,0
394,153.81,65.175,44.7025,53.2475,193.7775,399.2,627.265,575.28,696.1975,795.4475,627.95,449.6975,303.5775,230.2475,202.23,166.9625,113.81,106.3875,89.1275,124.21000000000001,228.6775,317.48,364.125,440.50750000000005,204.12,101.46,97.67,98.58,101.74,110.71,153.27,140.98,99.91,76.08,38.9,6.7,3.13,3.41,30.98,62.63,120.26,154.93,279.34,251.99,163.48,136.61,124.83,117.5,0,1,0,0,0,1,0,1,1,1,0,0,0,0,0,0,1,1,1,0,0,1,1,0
395,153.81,65.175,44.7025,53.2475,193.7775,399.2,627.265,575.28,696.1975,795.4475,627.95,449.6975,303.5775,230.2475,202.23,166.9625,113.81,106.3875,89.1275,124.21000000000001,228.6775,317.48,364.125,440.50750000000005,204.12,101.46,97.67,98.58,101.74,110.71,153.27,140.98,99.91,76.08,38.9,6.7,3.13,3.41,30.98,62.63,120.26,154.93,279.34,251.99,163.48,136.61,124.83,117.5,1,1,0,0,0,1,0,0,1,0,1,0,0,0,0,1,1,1,0,0,1,0,1,1
396,153.81,65.175,44.7025,53.2475,193.7775,399.2,627.265,575.28,696.1975,795.4475,627.95,449.6975,303.5775,230.2475,202.23,166.9625,113.81,106.3875,89.1275,124.21000000000001,228.6775,317.48,364.125,440.50750000000005,107.45,102.55,101.34,102.15,106.74,122.73,158.29,147.93,108.19,73.39,28.86,3.96,-0.56,-0.16,27.42,40.28,109.8,147.64,248.27,220.53,176.9,138.38,124.58,111.27,0,0,0,1,1,0,1,0,1,1,0,0,1,1,1,1,1,1,0,0,1,0,0,1
397,153.81,65.175,44.7025,53.2475,193.7775,399.2,627.265,575.28,696.1975,795.4475,627.95,449.6975,303.5775,230.2475,202.23,166.9625,113.81,106.3875,89.1275,124.21000000000001,228.6775,317.48,364.125,440.50750000000005,107.45,102.55,101.34,102.15,106.74,122.73,158.29,147.93,108.19,73.39,28.86,3.96,-0.56,-0.16,27.42,40.28,109.8,147.64,248.27,220.53,176.9,138.38,124.58,111.27,1,1,0,1,1,0,0,0,0,0,1,1,1,0,0,0,0,1,0,0,1,1,0,0
398,153.81,65.175,44.7025,53.2475,193.7775,399.2,627.265,575.28,696.1975,795.4475,627.95,449.6975,303.5775,230.2475,202.23,166.9625,113.81,106.3875,89.1275,124.21000000000001,228.6775,317.48,364.125,440.50750000000005,107.45,102.55,101.34,102.15,106.74,122.73,158.29,147.93,108.19,73.39,28.86,3.96,-0.56,-0.16,27.42,40.28,109.8,147.64,248.27,220.53,176.9,138.38,124.58,111.27,0,1,0,0,0,1,0,1,1,1,0,0,0,0,0,0,1,1,1,0,0,1,1,0
399,153.81,65.175,44.7025,53.2475,193.7775,399.2,627.265,575.28,696.1975,795.4475,627.95,449.6975,303.5775,230.2475,202.23,166.9625,113.81,106.3875,89.1275,124.21000000000001,228.6775,317.48,364.125,440.50750000000005,107.45,102.55,101.34,102.15,106.74,122.73,158.29,147.93,108.19,73.39,28.86,3.96,-0.56,-0.16,27.42,40.28,109.8,147.64,248.27,220.53,176.9,138.38,124.58,111.27,1,1,0,0,0,1,0,0,1,0,1,0,0,0,0,1,1,1,0,0,1,0,1,1
400,575.3475,735.6975,911.8925,1022.735,1110.905,1134.6100000000001,1184.815,1362.6200000000001,1431.365,1179.8425,866.8775,842.66,968.09,1109.19,1077.2175,1219.6675,1350.4925,1214.655,1023.39,1091.8225,1822.8899999999999,2372.8675,2332.0225,2492.315,128.2,120.38,117.09,112.15,109.75,111.89,117.11,135.81,138.82,137.77,125.08,112.1,102.21,97.27,99.39,97.8,125.41,145.0,158.55,150.78,133.41,125.42,122.03,119.92,0,0,0,1,1,0,1,0,1,1,0,0,1,1,1,1,1,1,0,0,1,0,0,1
401,575.3475,735.6975,911.8925,1022.735,1110.905,1134.6100000000001,1184.815,1362.6200000000001,1431.365,1179.8425,866.8775,842.66,968.09,1109.19,1077.2175,1219.6675,1350.4925,1214.655,1023.39,1091.8225,1822.8899999999999,2372.8675,2332.0225,2492.315,128.2,120.38,117.09,112.15,109.75,111.89,117.11,135.81,138.82,137.77,125.08,112.1,102.21,97.27,99.39,97.8,125.41,145.0,158.55,150.78,133.41,125.42,122.03,119.92,1,1,0,1,1,0,0,0,0,0,1,1,1,0,0,0,0,1,0,0,1,1,0,0
402,575.3475,735.6975,911.8925,1022.735,1110.905,1134.6100000000001,1184.815,1362.6200000000001,1431.365,1179.8425,866.8775,842.66,968.09,1109.19,1077.2175,1219.6675,1350.4925,1214.655,1023.39,1091.8225,1822.8899999999999,2372.8675,2332.0225,2492.315,128.2,120.38,117.09,112.15,109.75,111.89,117.11,135.81,138.82,137.77,125.08,112.1,102.21,97.27,99.39,97.8,125.41,145.0,158.55,150.78,133.41,125.42,122.03,119.92,0,1,0,0,0,1,0,1,1,1,0,0,0,0,0,0,1,1,1,0,0,1,1,0
403,575.3475,735.6975,911.8925,1022.735,1110.905,1134.6100000000001,1184.815,1362.6200000000001,1431.365,1179.8425,866.8775,842.66,968.09,1109.19,1077.2175,1219.6675,1350.4925,1214.655,1023.39,1091.8225,1822.8899999999999,2372.8675,2332.0225,2492.315,128.2,120.38,117.09,112.15,109.75,111.89,117.11,135.81,138.82,137.77,125.08,112.1,102.21,97.27,99.39,97.8,125.41,145.0,158.55,150.78,133.41,125.42,122.03,119.92,1,1,0,0,0,1,0,0,1,0,1,0,0,0,0,1,1,1,0,0,1,0,1,1
404,575.3475,735.6975,911.8925,1022.735,1110.905,1134.6100000000001,1184.815,1362.6200000000001,1431.365,1179.8425,866.8775,842.66,968.09,1109.19,1077.2175,1219.6675,1350.4925,1214.655,1023.39,1091.8225,1822.8899999999999,2372.8675,2332.0225,2492.315,102.61,57.86,30.22,21.37,19.06,19.05,43.56,90.69,103.11,89.0,33.71,11.22,7.4,3.14,2.85,19.0,54.16,99.69,136.58,117.23,80.9,61.1,35.12,25.41,0,0,0,1,1,0,1,0,1,1,0,0,1,1,1,1,1,1,0,0,1,0,0,1
405,575.3475,735.6975,911.8925,1022.735,1110.905,1134.6100000000001,1184.815,1362.6200000000001,1431.365,1179.8425,866.8775,842.66,968.09,1109.19,1077.2175,1219.6675,1350.4925,1214.655,1023.39,1091.8225,1822.8899999999999,2372.8675,2332.0225,2492.315,102.61,57.86,30.22,21.37,19.06,19.05,43.56,90.69,103.11,89.0,33.71,11.22,7.4,3.14,2.85,19.0,54.16,99.69,136.58,117.23,80.9,61.1,35.12,25.41,1,1,0,1,1,0,0,0,0,0,1,1,1,0,0,0,0,1,0,0,1,1,0,0
406,575.3475,735.6975,911.8925,1022.735,1110.905,1134.6100000000001,1184.815,1362.6200000000001,1431.365,1179.8425,866.8775,842.66,968.09,1109.19,1077.2175,1219.6675,1350.4925,1214.655,1023.39,1091.8225,1822.8899999999999,2372.8675,2332.0225,2492.315,102.61,57.86,30.22,21.37,19.06,19.05,43.56,90.69,103.11,89.0,33.71,11.22,7.4,3.14,2.85,19.0,54.16,99.69,136.58,117.23,80.9,61.1,35.12,25.41,0,1,0,0,0,1,0,1,1,1,0,0,0,0,0,0,1,1,1,0,0,1,1,0
407,575.3475,735.6975,911.8925,1022.735,1110.905,1134.6100000000001,1184.815,1362.6200000000001,1431.365,1179.8425,866.8775,842.66,968.09,1109.19,1077.2175,1219.6675,1350.4925,1214.655,1023.39,1091.8225,1822.8899999999999,2372.8675,2332.0225,2492.315,102.61,57.86,30.22,21.37,19.06,19.05,43.56,90.69,103.11,89.0,33.71,11.22,7.4,3.14,2.85,19.0,54.16,99.69,136.58,117.23,80.9,61.1,35.12,25.41,1,1,0,0,0,1,0,0,1,0,1,0,0,0,0,1,1,1,0,0,1,0,1,1
408,575.3475,735.6975,911.8925,1022.735,1110.905,1134.6100000000001,1184.815,1362.6200000000001,1431.365,1179.8425,866.8775,842.66,968.09,1109.19,1077.2175,1219.6675,1350.4925,1214.655,1023.39,1091.8225,1822.8899999999999,2372.8675,2332.0225,2492.315,28.31,27.04,25.8,20.11,14.94,20.11,41.81,58.7,70.1,44.59,20.1,4.29,2.43,1.67,10.81,34.89,70.65,129.19,163.66,102.7,88.19,79.94,69.01,40.3,0,0,0,1,1,0,1,0,1,1,0,0,1,1,1,1,1,1,0,0,1,0,0,1
409,575.3475,735.6975,911.8925,1022.735,1110.905,1134.6100000000001,1184.815,1362.6200000000001,1431.365,1179.8425,866.8775,842.66,968.09,1109.19,1077.2175,1219.6675,1350.4925,1214.655,1023.39,1091.8225,1822.8899999999999,2372.8675,2332.0225,2492.315,28.31,27.04,25.8,20.11,14.94,20.11,41.81,58.7,70.1,44.59,20.1,4.29,2.43,1.67,10.81,34.89,70.65,129.19,163.66,102.7,88.19,79.94,69.01,40.3,1,1,0,1,1,0,0,0,0,0,1,1,1,0,0,0,0,1,0,0,1,1,0,0
410,575.3475,735.6975,911.8925,1022.735,1110.905,1134.6100000000001,1184.815,1362.6200000000001,1431.365,1179.8425,866.8775,842.66,968.09,1109.19,1077.2175,1219.6675,1350.4925,1214.655,1023.39,1091.8225,1822.8899999999999,2372.8675,2332.0225,2492.315,28.31,27.04,25.8,20.11,14.94,20.11,41.81,58.7,70.1,44.59,20.1,4.29,2.43,1.67,10.81,34.89,70.65,129.19,163.66,102.7,88.19,79.94,69.01,40.3,0,1,0,0,0,1,0,1,1,1,0,0,0,0,0,0,1,1,1,0,0,1,1,0
411,575.3475,735.6975,911.8925,1022.735,1110.905,1134.6100000000001,1184.815,1362.6200000000001,1431.365,1179.8425,866.8775,842.66,968.09,1109.19,1077.2175,1219.6675,1350.4925,1214.655,1023.39,1091.8225,1822.8899999999999,2372.8675,2332.0225,2492.315,28.31,27.04,25.8,20.11,14.94,20.11,41.81,58.7,70.1,44.59,20.1,4.29,2.43,1.67,10.81,34.89,70.65,129.19,163.66,102.7,88.19,79.94,69.01,40.3,1,1,0,0,0,1,0,0,1,0,1,0,0,0,0,1,1,1,0,0,1,0,1,1
412,575.3475,735.6975,911.8925,1022.735,1110.905,1134.6100000000001,1184.815,1362.6200000000001,1431.365,1179.8425,866.8775,842.66,968.09,1109.19,1077.2175,1219.6675,1350.4925,1214.655,1023.39,1091.8225,1822.8899999999999,2372.8675,2332.0225,2492.315,65.55,54.39,32.29,20.11,20.1,42.51,52.96,65.9,62.85,61.23,25.3,13.26,4.0,4.04,10.11,30.07,32.66,74.91,64.54,42.3,29.85,25.33,25.52,20.1,0,0,0,1,1,0,1,0,1,1,0,0,1,1,1,1,1,1,0,0,1,0,0,1
413,575.3475,735.6975,911.8925,1022.735,1110.905,1134.6100000000001,1184.815,1362.6200000000001,1431.365,1179.8425,866.8775,842.66,968.09,1109.19,1077.2175,1219.6675,1350.4925,1214.655,1023.39,1091.8225,1822.8899999999999,2372.8675,2332.0225,2492.315,65.55,54.39,32.29,20.11,20.1,42.51,52.96,65.9,62.85,61.23,25.3,13.26,4.0,4.04,10.11,30.07,32.66,74.91,64.54,42.3,29.85,25.33,25.52,20.1,1,1,0,1,1,0,0,0,0,0,1,1,1,0,0,0,0,1,0,0,1,1,0,0
414,575.3475,735.6975,911.8925,1022.735,1110.905,1134.6100000000001,1184.815,1362.6200000000001,1431.365,1179.8425,866.8775,842.66,968.09,1109.19,1077.2175,1219.6675,1350.4925,1214.655,1023.39,1091.8225,1822.8899999999999,2372.8675,2332.0225,2492.315,65.55,54.39,32.29,20.11,20.1,42.51,52.96,65.9,62.85,61.23,25.3,13.26,4.0,4.04,10.11,30.07,32.66,74.91,64.54,42.3,29.85,25.33,25.52,20.1,0,1,0,0,0,1,0,1,1,1,0,0,0,0,0,0,1,1,1,0,0,1,1,0
415,575.3475,735.6975,911.8925,1022.735,1110.905,1134.6100000000001,1184.815,1362.6200000000001,1431.365,1179.8425,866.8775,842.66,968.09,1109.19,1077.2175,1219.6675,1350.4925,1214.655,1023.39,1091.8225,1822.8899999999999,2372.8675,2332.0225,2492.315,65.55,54.39,32.29,20.11,20.1,42.51,52.96,65.9,62.85,61.23,25.3,13.26,4.0,4.04,10.11,30.07,32.66,74.91,64.54,42.3,29.85,25.33,25.52,20.1,1,1,0,0,0,1,0,0,1,0,1,0,0,0,0,1,1,1,0,0,1,0,1,1
416,575.3475,735.6975,911.8925,1022.735,1110.905,1134.6100000000001,1184.815,1362.6200000000001,1431.365,1179.8425,866.8775,842.66,968.09,1109.19,1077.2175,1219.6675,1350.4925,1214.655,1023.39,1091.8225,1822.8899999999999,2372.8675,2332.0225,2492.315,4.0,4.0,4.0,4.0,9.8,4.0,16.04,43.93,39.29,12.6,0.34,-0.67,-0.7,-0.78,0.01,3.97,13.23,60.4,60.41,43.5,34.76,33.55,31.31,31.16,0,0,0,1,1,0,1,0,1,1,0,0,1,1,1,1,1,1,0,0,1,0,0,1
417,575.3475,735.6975,911.8925,1022.735,1110.905,1134.6100000000001,1184.815,1362.6200000000001,1431.365,1179.8425,866.8775,842.66,968.09,1109.19,1077.2175,1219.6675,1350.4925,1214.655,1023.39,1091.8225,1822.8899999999999,2372.8675,2332.0225,2492.315,4.0,4.0,4.0,4.0,9.8,4.0,16.04,43.93,39.29,12.6,0.34,-0.67,-0.7,-0.78,0.01,3.97,13.23,60.4,60.41,43.5,34.76,33.55,31.31,31.16,1,1,0,1,1,0,0,0,0,0,1,1,1,0,0,0,0,1,0,0,1,1,0,0
418,575.3475,735.6975,911.8925,1022.735,1110.905,1134.6100000000001,1184.815,1362.6200000000001,1431.365,1179.8425,866.8775,842.66,968.09,1109.19,1077.2175,1219.6675,1350.4925,1214.655,1023.39,1091.8225,1822.8899999999999,2372.8675,2332.0225,2492.315,4.0,4.0,4.0,4.0,9.8,4.0,16.04,43.93,39.29,12.6,0.34,-0.67,-0.7,-0.78,0.01,3.97,13.23,60.4,60.41,43.5,34.76,33.55,31.31,31.16,0,1,0,0,0,1,0,1,1,1,0,0,0,0,0,0,1,1,1,0,0,1,1,0
419,575.3475,735.6975,911.8925,1022.735,1110.905,1134.6100000000001,1184.815,1362.6200000000001,1431.365,1179.8425,866.8775,842.66,968.09,1109.19,1077.2175,1219.6675,1350.4925,1214.655,1023.39,1091.8225,1822.8899999999999,2372.8675,2332.0225,2492.315,4.0,4.0,4.0,4.0,9.8,4.0,16.04,43.93,39.29,12.6,0.34,-0.67,-0.7,-0.78,0.01,3.97,13.23,60.4,60.41,43.5,34.76,33.55,31.31,31.16,1,1,0,0,0,1,0,0,1,0,1,0,0,0,0,1,1,1,0,0,1,0,1,1
420,575.3475,735.6975,911.8925,1022.735,1110.905,1134.6100000000001,1184.815,1362.6200000000001,1431.365,1179.8425,866.8775,842.66,968.09,1109.19,1077.2175,1219.6675,1350.4925,1214.655,1023.39,1091.8225,1822.8899999999999,2372.8675,2332.0225,2492.315,30.3,29.53,35.47,39.26,47.4,65.97,93.16,139.44,108.51,78.7,50.47,4.02,0.08,0.02,13.16,63.61,99.2,129.7,165.36,149.11,125.64,106.63,101.47,91.11,0,0,0,1,1,0,1,0,1,1,0,0,1,1,1,1,1,1,0,0,1,0,0,1
421,575.3475,735.6975,911.8925,1022.735,1110.905,1134.6100000000001,1184.815,1362.6200000000001,1431.365,1179.8425,866.8775,842.66,968.09,1109.19,1077.2175,1219.6675,1350.4925,1214.655,1023.39,1091.8225,1822.8899999999999,2372.8675,2332.0225,2492.315,30.3,29.53,35.47,39.26,47.4,65.97,93.16,139.44,108.51,78.7,50.47,4.02,0.08,0.02,13.16,63.61,99.2,129.7,165.36,149.11,125.64,106.63,101.47,91.11,1,1,0,1,1,0,0,0,0,0,1,1,1,0,0,0,0,1,0,0,1,1,0,0
422,575.3475,735.6975,911.8925,1022.735,1110.905,1134.6100000000001,1184.815,1362.6200000000001,1431.365,1179.8425,866.8775,842.66,968.09,1109.19,1077.2175,1219.6675,1350.4925,1214.655,1023.39,1091.8225,1822.8899999999999,2372.8675,2332.0225,2492.315,30.3,29.53,35.47,39.26,47.4,65.97,93.16,139.44,108.51,78.7,50.47,4.02,0.08,0.02,13.16,63.61,99.2,129.7,165.36,149.11,125.64,106.63,101.47,91.11,0,1,0,0,0,1,0,1,1,1,0,0,0,0,0,0,1,1,1,0,0,1,1,0
423,575.3475,735.6975,911.8925,1022.735,1110.905,1134.6100000000001,1184.815,1362.6200000000001,1431.365,1179.8425,866.8775,842.66,968.09,1109.19,1077.2175,1219.6675,1350.4925,1214.655,1023.39,1091.8225,1822.8899999999999,2372.8675,2332.0225,2492.315,30.3,29.53,35.47,39.26,47.4,65.97,93.16,139.44,108.51,78.7,50.47,4.02,0.08,0.02,13.16,63.61,99.2,129.7,165.36,149.11,125.64,106.63,101.47,91.11,1,1,0,0,0,1,0,0,1,0,1,0,0,0,0,1,1,1,0,0,1,0,1,1
424,575.3475,735.6975,911.8925,1022.735,1110.905,1134.6100000000001,1184.815,1362.6200000000001,1431.365,1179.8425,866.8775,842.66,968.09,1109.19,1077.2175,1219.6675,1350.4925,1214.655,1023.39,1091.8225,1822.8899999999999,2372.8675,2332.0225,2492.315,90.27,90.27,91.38,91.69,98.13,115.16,135.67,147.7,122.23,83.0,65.3,31.51,13.08,8.08,37.05,90.15,126.99,149.92,216.65,178.68,148.7,132.4,119.11,111.83,0,0,0,1,1,0,1,0,1,1,0,0,1,1,1,1,1,1,0,0,1,0,0,1
425,575.3475,735.6975,911.8925,1022.735,1110.905,1134.6100000000001,1184.815,1362.6200000000001,1431.365,1179.8425,866.8775,842.66,968.09,1109.19,1077.2175,1219.6675,1350.4925,1214.655,1023.39,1091.8225,1822.8899999999999,2372.8675,2332.0225,2492.315,90.27,90.27,91.38,91.69,98.13,115.16,135.67,147.7,122.23,83.0,65.3,31.51,13.08,8.08,37.05,90.15,126.99,149.92,216.65,178.68,148.7,132.4,119.11,111.83,1,1,0,1,1,0,0,0,0,0,1,1,1,0,0,0,0,1,0,0,1,1,0,0
426,575.3475,735.6975,911.8925,1022.735,1110.905,1134.6100000000001,1184.815,1362.6200000000001,1431.365,1179.8425,866.8775,842.66,968.09,1109.19,1077.2175,1219.6675,1350.4925,1214.655,1023.39,1091.8225,1822.8899999999999,2372.8675,2332.0225,2492.315,90.27,90.27,91.38,91.69,98.13,115.16,135.67,147.7,122.23,83.0,65.3,31.51,13.08,8.08,37.05,90.15,126.99,149.92,216.65,178.68,148.7,132.4,119.11,111.83,0,1,0,0,0,1,0,1,1,1,0,0,0,0,0,0,1,1,1,0,0,1,1,0
427,575.3475,735.6975,911.8925,1022.735,1110.905,1134.6100000000001,1184.815,1362.6200000000001,1431.365,1179.8425,866.8775,842.66,968.09,1109.19,1077.2175,1219.6675,1350.4925,1214.655,1023.39,1091.8225,1822.8899999999999,2372.8675,2332.0225,2492.315,90.27,90.27,91.38,91.69,98.13,115.16,135.67,147.7,122.23,83.0,65.3,31.51,13.08,8.08,37.05,90.15,126.99,149.92,216.65,178.68,148.7,132.4,119.11,111.83,1,1,0,0,0,1,0,0,1,0,1,0,0,0,0,1,1,1,0,0,1,0,1,1
428,575.3475,735.6975,911.8925,1022.735,1110.905,1134.6100000000001,1184.815,1362.6200000000001,1431.365,1179.8425,866.8775,842.66,968.09,1109.19,1077.2175,1219.6675,1350.4925,1214.655,1023.39,1091.8225,1822.8899999999999,2372.8675,2332.0225,2492.315,124.97,113.94,117.22,116.76,118.42,121.3,127.82,120.6,98.05,72.54,18.05,2.07,-0.33,-0.1,2.76,53.53,100.87,145.58,174.04,140.03,111.21,100.01,99.24,97.9,0,0,0,1,1,0,1,0,1,1,0,0,1,1,1,1,1,1,0,0,1,0,0,1
429,575.3475,735.6975,911.8925,1022.735,1110.905,1134.6100000000001,1184.815,1362.6200000000001,1431.365,1179.8425,866.8775,842.66,968.09,1109.19,1077.2175,1219.6675,1350.4925,1214.655,1023.39,1091.8225,1822.8899999999999,2372.8675,2332.0225,2492.315,124.97,113.94,117.22,116.76,118.42,121.3,127.82,120.6,98.05,72.54,18.05,2.07,-0.33,-0.1,2.76,53.53,100.87,145.58,174.04,140.03,111.21,100.01,99.24,97.9,1,1,0,1,1,0,0,0,0,0,1,1,1,0,0,0,0,1,0,0,1,1,0,0
430,575.3475,735.6975,911.8925,1022.735,1110.905,1134.6100000000001,1184.815,1362.6200000000001,1431.365,1179.8425,866.8775,842.66,968.09,1109.19,1077.2175,1219.6675,1350.4925,1214.655,1023.39,1091.8225,1822.8899999999999,2372.8675,2332.0225,2492.315,124.97,113.94,117.22,116.76,118.42,121.3,127.82,120.6,98.05,72.54,18.05,2.07,-0.33,-0.1,2.76,53.53,100.87,145.58,174.04,140.03,111.21,100.01,99.24,97.9,0,1,0,0,0,1,0,1,1,1,0,0,0,0,0,0,1,1,1,0,0,1,1,0
431,575.3475,735.6975,911.8925,1022.735,1110.905,1134.6100000000001,1184.815,1362.6200000000001,1431.365,1179.8425,866.8775,842.66,968.09,1109.19,1077.2175,1219.6675,1350.4925,1214.655,1023.39,1091.8225,1822.8899999999999,2372.8675,2332.0225,2492.315,124.97,113.94,117.22,116.76,118.42,121.3,127.82,120.6,98.05,72.54,18.05,2.07,-0.33,-0.1,2.76,53.53,100.87,145.58,174.04,140.03,111.21,100.01,99.24,97.9,1,1,0,0,0,1,0,0,1,0,1,0,0,0,0,1,1,1,0,0,1,0,1,1
432,575.3475,735.6975,911.8925,1022.735,1110.905,1134.6100000000001,1184.815,1362.6200000000001,1431.365,1179.8425,866.8775,842.66,968.09,1109.19,1077.2175,1219.6675,1350.4925,1214.655,1023.39,1091.8225,1822.8899999999999,2372.8675,2332.0225,2492.315,95.19,94.81,94.44,96.51,98.67,101.51,100.0,93.0,59.02,24.41,21.32,3.95,1.29,3.95,11.03,28.01,68.99,107.86,134.15,132.71,114.54,107.87,104.56,103.64,0,0,0,1,1,0,1,0,1,1,0,0,1,1,1,1,1,1,0,0,1,0,0,1
433,575.3475,735.6975,911.8925,1022.735,1110.905,1134.6100000000001,1184.815,1362.6200000000001,1431.365,1179.8425,866.8775,842.66,968.09,1109.19,1077.2175,1219.6675,1350.4925,1214.655,1023.39,1091.8225,1822.8899999999999,2372.8675,2332.0225,2492.315,95.19,94.81,94.44,96.51,98.67,101.51,100.0,93.0,59.02,24.41,21.32,3.95,1.29,3.95,11.03,28.01,68.99,107.86,134.15,132.71,114.54,107.87,104.56,103.64,1,1,0,1,1,0,0,0,0,0,1,1,1,0,0,0,0,1,0,0,1,1,0,0
434,575.3475,735.6975,911.8925,1022.735,1110.905,1134.6100000000001,1184.815,1362.6200000000001,1431.365,1179.8425,866.8775,842.66,968.09,1109.19,1077.2175,1219.6675,1350.4925,1214.655,1023.39,1091.8225,1822.8899999999999,2372.8675,2332.0225,2492.315,95.19,94.81,94.44,96.51,98.67,101.51,100.0,93.0,59.02,24.41,21.32,3.95,1.29,3.95,11.03,28.01,68.99,107.86,134.15,132.71,114.54,107.87,104.56,103.64,0,1,0,0,0,1,0,1,1,1,0,0,0,0,0,0,1,1,1,0,0,1,1,0
435,575.3475,735.6975,911.8925,1022.735,1110.905,1134.6100000000001,1184.815,1362.6200000000001,1431.365,1179.8425,866.8775,842.66,968.09,1109.19,1077.2175,1219.6675,1350.4925,1214.655,1023.39,1091.8225,1822.8899999999999,2372.8675,2332.0225,2492.315,95.19,94.81,94.44,96.51,98.67,101.51,100.0,93.0,59.02,24.41,21.32,3.95,1.29,3.95,11.03,28.01,68.99,107.86,134.15,132.71,114.54,107.87,104.56,103.64,1,1,0,0,0,1,0,0,1,0,1,0,0,0,0,1,1,1,0,0,1,0,1,1
436,575.3475,735.6975,911.8925,1022.735,1110.905,1134.6100000000001,1184.815,1362.6200000000001,1431.365,1179.8425,866.8775,842.66,968.09,1109.19,1077.2175,1219.6675,1350.4925,1214.655,1023.39,1091.8225,1822.8899999999999,2372.8675,2332.0225,2492.315,95.84,94.92,96.7,96.86,89.98,101.13,148.63,159.87,134.08,98.92,84.44,77.92,76.06,77.36,83.96,97.54,127.59,148.1,175.06,160.4,142.28,126.68,106.87,97.93,0,0,0,1,1,0,1,0,1,1,0,0,1,1,1,1,1,1,0,0,1,0,0,1
437,575.3475,735.6975,911.8925,1022.735,1110.905,1134.6100000000001,1184.815,1362.6200000000001,1431.365,1179.8425,866.8775,842.66,968.09,1109.19,1077.2175,1219.6675,1350.4925,1214.655,1023.39,1091.8225,1822.8899999999999,2372.8675,2332.0225,2492.315,95.84,94.92,96.7,96.86,89.98,101.13,148.63,159.87,134.08,98.92,84.44,77.92,76.06,77.36,83.96,97.54,127.59,148.1,175.06,160.4,142.28,126.68,106.87,97.93,1,1,0,1,1,0,0,0,0,0,1,1,1,0,0,0,0,1,0,0,1,1,0,0
438,575.3475,735.6975,911.8925,1022.735,1110.905,1134.6100000000001,1184.815,1362.6200000000001,1431.365,1179.8425,866.8775,842.66,968.09,1109.19,1077.2175,1219.6675,1350.4925,1214.655,1023.39,1091.8225,1822.8899999999999,2372.8675,2332.0225,2492.315,95.84,94.92,96.7,96.86,89.98,101.13,148.63,159.87,134.08,98.92,84.44,77.92,76.06,77.36,83.96,97.54,127.59,148.1,175.06,160.4,142.28,126.68,106.87,97.93,0,1,0,0,0,1,0,1,1,1,0,0,0,0,0,0,1,1,1,0,0,1,1,0
439,575.3475,735.6975,911.8925,1022.735,1110.905,1134.6100000000001,1184.815,1362.6200000000001,1431.365,1179.8425,866.8775,842.66,968.09,1109.19,1077.2175,1219.6675,1350.4925,1214.655,1023.39,1091.8225,1822.8899999999999,2372.8675,2332.0225,2492.315,95.84,94.92,96.7,96.86,89.98,101.13,148.63,159.87,134.08,98.92,84.44,77.92,76.06,77.36,83.96,97.54,127.59,148.1,175.06,160.4,142.28,126.68,106.87,97.93,1,1,0,0,0,1,0,0,1,0,1,0,0,0,0,1,1,1,0,0,1,0,1,1
440,575.3475,735.6975,911.8925,1022.735,1110.905,1134.6100000000001,1184.815,1362.6200000000001,1431.365,1179.8425,866.8775,842.66,968.09,1109.19,1077.2175,1219.6675,1350.4925,1214.655,1023.39,1091.8225,1822.8899999999999,2372.8675,2332.0225,2492.315,104.39,101.79,99.72,100.48,102.51,110.88,148.14,153.09,146.54,128.53,102.0,97.48,96.45,98.39,102.35,112.84,132.9,172.03,205.15,181.06,149.49,133.05,121.27,107.36,0,0,0,1,1,0,1,0,1,1,0,0,1,1,1,1,1,1,0,0,1,0,0,1
441,575.3475,735.6975,911.8925,1022.735,1110.905,1134.6100000000001,1184.815,1362.6200000000001,1431.365,1179.8425,866.8775,842.66,968.09,1109.19,1077.2175,1219.6675,1350.4925,1214.655,1023.39,1091.8225,1822.8899999999999,2372.8675,2332.0225,2492.315,104.39,101.79,99.72,100.48,102.51,110.88,148.14,153.09,146.54,128.53,102.0,97.48,96.45,98.39,102.35,112.84,132.9,172.03,205.15,181.06,149.49,133.05,121.27,107.36,1,1,0,1,1,0,0,0,0,0,1,1,1,0,0,0,0,1,0,0,1,1,0,0
442,575.3475,735.6975,911.8925,1022.735,1110.905,1134.6100000000001,1184.815,1362.6200000000001,1431.365,1179.8425,866.8775,842.66,968.09,1109.19,1077.2175,1219.6675,1350.4925,1214.655,1023.39,1091.8225,1822.8899999999999,2372.8675,2332.0225,2492.315,104.39,101.79,99.72,100.48,102.51,110.88,148.14,153.09,146.54,128.53,102.0,97.48,96.45,98.39,102.35,112.84,132.9,172.03,205.15,181.06,149.49,133.05,121.27,107.36,0,1,0,0,0,1,0,1,1,1,0,0,0,0,0,0,1,1,1,0,0,1,1,0
443,575.3475,735.6975,911.8925,1022.735,1110.905,1134.6100000000001,1184.815,1362.6200000000001,1431.365,1179.8425,866.8775,842.66,968.09,1109.19,1077.2175,1219.6675,1350.4925,1214.655,1023.39,1091.8225,1822.8899999999999,2372.8675,2332.0225,2492.315,104.39,101.79,99.72,100.48,102.51,110.88,148.14,153.09,146.54,128.53,102.0,97.48,96.45,98.39,102.35,112.84,132.9,172.03,205.15,181.06,149.49,133.05,121.27,107.36,1,1,0,0,0,1,0,0,1,0,1,0,0,0,0,1,1,1,0,0,1,0,1,1
444,575.3475,735.6975,911.8925,1022.735,1110.905,1134.6100000000001,1184.815,1362.6200000000001,1431.365,1179.8425,866.8775,842.66,968.09,1109.19,1077.2175,1219.6675,1350.4925,1214.655,1023.39,1091.8225,1822.8899999999999,2372.8675,2332.0225,2492.315,101.74,100.11,97.82,97.43,101.85,110.37,144.57,161.75,148.49,125.02,102.64,99.73,98.11,99.95,101.69,117.81,140.35,159.04,199.9,179.58,148.09,132.26,120.02,109.91,0,0,0,1,1,0,1,0,1,1,0,0,1,1,1,1,1,1,0,0,1,0,0,1
445,575.3475,735.6975,911.8925,1022.735,1110.905,1134.6100000000001,1184.815,1362.6200000000001,1431.365,1179.8425,866.8775,842.66,968.09,1109.19,1077.2175,1219.6675,1350.4925,1214.655,1023.39,1091.8225,1822.8899999999999,2372.8675,2332.0225,2492.315,101.74,100.11,97.82,97.43,101.85,110.37,144.57,161.75,148.49,125.02,102.64,99.73,98.11,99.95,101.69,117.81,140.35,159.04,199.9,179.58,148.09,132.26,120.02,109.91,1,1,0,1,1,0,0,0,0,0,1,1,1,0,0,0,0,1,0,0,1,1,0,0
446,575.3475,735.6975,911.8925,1022.735,1110.905,1134.6100000000001,1184.815,1362.6200000000001,1431.365,1179.8425,866.8775,842.66,968.09,1109.19,1077.2175,1219.6675,1350.4925,1214.655,1023.39,1091.8225,1822.8899999999999,2372.8675,2332.0225,2492.315,101.74,100.11,97.82,97.43,101.85,110.37,144.57,161.75,148.49,125.02,102.64,99.73,98.11,99.95,101.69,117.81,140.35,159.04,199.9,179.58,148.09,132.26,120.02,109.91,0,1,0,0,0,1,0,1,1,1,0,0,0,0,0,0,1,1,1,0,0,1,1,0
447,575.3475,735.6975,911.8925,1022.735,1110.905,1134.6100000000001,1184.815,1362.6200000000001,1431.365,1179.8425,866.8775,842.66,968.09,1109.19,1077.2175,1219.6675,1350.4925,1214.655,1023.39,1091.8225,1822.8899999999999,2372.8675,2332.0225,2492.315,101.74,100.11,97.82,97.43,101.85,110.37,144.57,161.75,148.49,125.02,102.64,99.73,98.11,99.95,101.69,117.81,140.35,159.04,199.9,179.58,148.09,132.26,120.02,109.91,1,1,0,0,0,1,0,0,1,0,1,0,0,0,0,1,1,1,0,0,1,0,1,1
448,575.3475,735.6975,911.8925,1022.735,1110.905,1134.6100000000001,1184.815,1362.6200000000001,1431.365,1179.8425,866.8775,842.66,968.09,1109.19,1077.2175,1219.6675,1350.4925,1214.655,1023.39,1091.8225,1822.8899999999999,2372.8675,2332.0225,2492.315,108.49,102.22,98.96,96.69,98.33,105.87,132.7,160.74,160.99,154.8,123.84,110.75,110.08,108.28,107.6,110.02,121.56,142.95,166.09,173.42,148.99,135.69,123.41,111.53,0,0,0,1,1,0,1,0,1,1,0,0,1,1,1,1,1,1,0,0,1,0,0,1
449,575.3475,735.6975,911.8925,1022.735,1110.905,1134.6100000000001,1184.815,1362.6200000000001,1431.365,1179.8425,866.8775,842.66,968.09,1109.19,1077.2175,1219.6675,1350.4925,1214.655,1023.39,1091.8225,1822.8899999999999,2372.8675,2332.0225,2492.315,108.49,102.22,98.96,96.69,98.33,105.87,132.7,160.74,160.99,154.8,123.84,110.75,110.08,108.28,107.6,110.02,121.56,142.95,166.09,173.42,148.99,135.69,123.41,111.53,1,1,0,1,1,0,0,0,0,0,1,1,1,0,0,0,0,1,0,0,1,1,0,0
450,575.3475,735.6975,911.8925,1022.735,1110.905,1134.6100000000001,1184.815,1362.6200000000001,1431.365,1179.8425,866.8775,842.66,968.09,1109.19,1077.2175,1219.6675,1350.4925,1214.655,1023.39,1091.8225,1822.8899999999999,2372.8675,2332.0225,2492.315,108.49,102.22,98.96,96.69,98.33,105.87,132.7,160.74,160.99,154.8,123.84,110.75,110.08,108.28,107.6,110.02,121.56,142.95,166.09,173.42,148.99,135.69,123.41,111.53,0,1,0,0,0,1,0,1,1,1,0,0,0,0,0,0,1,1,1,0,0,1,1,0
451,575.3475,735.6975,911.8925,1022.735,1110.905,1134.6100000000001,1184.815,1362.6200000000001,1431.365,1179.8425,866.8775,842.66,968.09,1109.19,1077.2175,1219.6675,1350.4925,1214.655,1023.39,1091.8225,1822.8899999999999,2372.8675,2332.0225,2492.315,108.49,102.22,98.96,96.69,98.33,105.87,132.7,160.74,160.99,154.8,123.84,110.75,110.08,108.28,107.6,110.02,121.56,142.95,166.09,173.42,148.99,135.69,123.41,111.53,1,1,0,0,0,1,0,0,1,0,1,0,0,0,0,1,1,1,0,0,1,0,1,1
452,575.3475,735.6975,911.8925,1022.735,1110.905,1134.6100000000001,1184.815,1362.6200000000001,1431.365,1179.8425,866.8775,842.66,968.09,1109.19,1077.2175,1219.6675,1350.4925,1214.655,1023.39,1091.8225,1822.8899999999999,2372.8675,2332.0225,2492.315,109.19,106.08,105.97,103.89,105.37,114.08,143.05,155.29,155.08,132.11,112.01,106.37,104.49,104.58,105.38,109.42,124.93,146.56,155.47,151.02,130.1,111.46,114.0,105.15,0,0,0,1,1,0,1,0,1,1,0,0,1,1,1,1,1,1,0,0,1,0,0,1
453,575.3475,735.6975,911.8925,1022.735,1110.905,1134.6100000000001,1184.815,1362.6200000000001,1431.365,1179.8425,866.8775,842.66,968.09,1109.19,1077.2175,1219.6675,1350.4925,1214.655,1023.39,1091.8225,1822.8899999999999,2372.8675,2332.0225,2492.315,109.19,106.08,105.97,103.89,105.37,114.08,143.05,155.29,155.08,132.11,112.01,106.37,104.49,104.58,105.38,109.42,124.93,146.56,155.47,151.02,130.1,111.46,114.0,105.15,1,1,0,1,1,0,0,0,0,0,1,1,1,0,0,0,0,1,0,0,1,1,0,0
454,575.3475,735.6975,911.8925,1022.735,1110.905,1134.6100000000001,1184.815,1362.6200000000001,1431.365,1179.8425,866.8775,842.66,968.09,1109.19,1077.2175,1219.6675,1350.4925,1214.655,1023.39,1091.8225,1822.8899999999999,2372.8675,2332.0225,2492.315,109.19,106.08,105.97,103.89,105.37,114.08,143.05,155.29,155.08,132.11,112.01,106.37,104.49,104.58,105.38,109.42,124.93,146.56,155.47,151.02,130.1,111.46,114.0,105.15,0,1,0,0,0,1,0,1,1,1,0,0,0,0,0,0,1,1,1,0,0,1,1,0
455,575.3475,735.6975,911.8925,1022.735,1110.905,1134.6100000000001,1184.815,1362.6200000000001,1431.365,1179.8425,866.8775,842.66,968.09,1109.19,1077.2175,1219.6675,1350.4925,1214.655,1023.39,1091.8225,1822.8899999999999,2372.8675,2332.0225,2492.315,109.19,106.08,105.97,103.89,105.37,114.08,143.05,155.29,155.08,132.11,112.01,106.37,104.49,104.58,105.38,109.42,124.93,146.56,155.47,151.02,130.1,111.46,114.0,105.15,1,1,0,0,0,1,0,0,1,0,1,0,0,0,0,1,1,1,0,0,1,0,1,1
456,575.3475,735.6975,911.8925,1022.735,1110.905,1134.6100000000001,1184.815,1362.6200000000001,1431.365,1179.8425,866.8775,842.66,968.09,1109.19,1077.2175,1219.6675,1350.4925,1214.655,1023.39,1091.8225,1822.8899999999999,2372.8675,2332.0225,2492.315,112.16,103.15,96.0,89.89,86.89,90.55,97.0,99.38,98.73,86.36,72.35,67.12,57.28,47.96,54.46,70.76,84.2,121.87,130.26,132.91,121.41,108.46,104.98,95.21,0,0,0,1,1,0,1,0,1,1,0,0,1,1,1,1,1,1,0,0,1,0,0,1
457,575.3475,735.6975,911.8925,1022.735,1110.905,1134.6100000000001,1184.815,1362.6200000000001,1431.365,1179.8425,866.8775,842.66,968.09,1109.19,1077.2175,1219.6675,1350.4925,1214.655,1023.39,1091.8225,1822.8899999999999,2372.8675,2332.0225,2492.315,112.16,103.15,96.0,89.89,86.89,90.55,97.0,99.38,98.73,86.36,72.35,67.12,57.28,47.96,54.46,70.76,84.2,121.87,130.26,132.91,121.41,108.46,104.98,95.21,1,1,0,1,1,0,0,0,0,0,1,1,1,0,0,0,0,1,0,0,1,1,0,0
458,575.3475,735.6975,911.8925,1022.735,1110.905,1134.6100000000001,1184.815,1362.6200000000001,1431.365,1179.8425,866.8775,842.66,968.09,1109.19,1077.2175,1219.6675,1350.4925,1214.655,1023.39,1091.8225,1822.8899999999999,2372.8675,2332.0225,2492.315,112.16,103.15,96.0,89.89,86.89,90.55,97.0,99.38,98.73,86.36,72.35,67.12,57.28,47.96,54.46,70.76,84.2,121.87,130.26,132.91,121.41,108.46,104.98,95.21,0,1,0,0,0,1,0,1,1,1,0,0,0,0,0,0,1,1,1,0,0,1,1,0
459,575.3475,735.6975,911.8925,1022.735,1110.905,1134.6100000000001,1184.815,1362.6200000000001,1431.365,1179.8425,866.8775,842.66,968.09,1109.19,1077.2175,1219.6675,1350.4925,1214.655,1023.39,1091.8225,1822.8899999999999,2372.8675,2332.0225,2492.315,112.16,103.15,96.0,89.89,86.89,90.55,97.0,99.38,98.73,86.36,72.35,67.12,57.28,47.96,54.46,70.76,84.2,121.87,130.26,132.91,121.41,108.46,104.98,95.21,1,1,0,0,0,1,0,0,1,0,1,0,0,0,0,1,1,1,0,0,1,0,1,1
460,575.3475,735.6975,911.8925,1022.735,1110.905,1134.6100000000001,1184.815,1362.6200000000001,1431.365,1179.8425,866.8775,842.66,968.09,1109.19,1077.2175,1219.6675,1350.4925,1214.655,1023.39,1091.8225,1822.8899999999999,2372.8675,2332.0225,2492.315,89.97,85.75,79.57,78.15,78.55,29.41,30.14,30.7,30.5,28.73,24.06,2.9,1.01,0.19,2.67,30.81,59.97,94.68,83.61,45.54,31.49,31.1,30.69,30.44,0,0,0,1,1,0,1,0,1,1,0,0,1,1,1,1,1,1,0,0,1,0,0,1
461,575.3475,735.6975,911.8925,1022.735,1110.905,1134.6100000000001,1184.815,1362.6200000000001,1431.365,1179.8425,866.8775,842.66,968.09,1109.19,1077.2175,1219.6675,1350.4925,1214.655,1023.39,1091.8225,1822.8899999999999,2372.8675,2332.0225,2492.315,89.97,85.75,79.57,78.15,78.55,29.41,30.14,30.7,30.5,28.73,24.06,2.9,1.01,0.19,2.67,30.81,59.97,94.68,83.61,45.54,31.49,31.1,30.69,30.44,1,1,0,1,1,0,0,0,0,0,1,1,1,0,0,0,0,1,0,0,1,1,0,0
462,575.3475,735.6975,911.8925,1022.735,1110.905,1134.6100000000001,1184.815,1362.6200000000001,1431.365,1179.8425,866.8775,842.66,968.09,1109.19,1077.2175,1219.6675,1350.4925,1214.655,1023.39,1091.8225,1822.8899999999999,2372.8675,2332.0225,2492.315,89.97,85.75,79.57,78.15,78.55,29.41,30.14,30.7,30.5,28.73,24.06,2.9,1.01,0.19,2.67,30.81,59.97,94.68,83.61,45.54,31.49,31.1,30.69,30.44,0,1,0,0,0,1,0,1,1,1,0,0,0,0,0,0,1,1,1,0,0,1,1,0
463,575.3475,735.6975,911.8925,1022.735,1110.905,1134.6100000000001,1184.815,1362.6200000000001,1431.365,1179.8425,866.8775,842.66,968.09,1109.19,1077.2175,1219.6675,1350.4925,1214.655,1023.39,1091.8225,1822.8899999999999,2372.8675,2332.0225,2492.315,89.97,85.75,79.57,78.15,78.55,29.41,30.14,30.7,30.5,28.73,24.06,2.9,1.01,0.19,2.67,30.81,59.97,94.68,83.61,45.54,31.49,31.1,30.69,30.44,1,1,0,0,0,1,0,0,1,0,1,0,0,0,0,1,1,1,0,0,1,0,1,1
464,575.3475,735.6975,911.8925,1022.735,1110.905,1134.6100000000001,1184.815,1362.6200000000001,1431.365,1179.8425,866.8775,842.66,968.09,1109.19,1077.2175,1219.6675,1350.4925,1214.655,1023.39,1091.8225,1822.8899999999999,2372.8675,2332.0225,2492.315,30.66,40.11,77.6,80.9,85.84,103.33,135.26,152.96,135.32,100.77,68.2,50.53,31.14,27.92,50.12,70.02,98.59,143.14,177.42,170.09,141.58,113.55,106.46,93.49,0,0,0,1,1,0,1,0,1,1,0,0,1,1,1,1,1,1,0,0,1,0,0,1
465,575.3475,735.6975,911.8925,1022.735,1110.905,1134.6100000000001,1184.815,1362.6200000000001,1431.365,1179.8425,866.8775,842.66,968.09,1109.19,1077.2175,1219.6675,1350.4925,1214.655,1023.39,1091.8225,1822.8899999999999,2372.8675,2332.0225,2492.315,30.66,40.11,77.6,80.9,85.84,103.33,135.26,152.96,135.32,100.77,68.2,50.53,31.14,27.92,50.12,70.02,98.59,143.14,177.42,170.09,141.58,113.55,106.46,93.49,1,1,0,1,1,0,0,0,0,0,1,1,1,0,0,0,0,1,0,0,1,1,0,0
466,575.3475,735.6975,911.8925,1022.735,1110.905,1134.6100000000001,1184.815,1362.6200000000001,1431.365,1179.8425,866.8775,842.66,968.09,1109.19,1077.2175,1219.6675,1350.4925,1214.655,1023.39,1091.8225,1822.8899999999999,2372.8675,2332.0225,2492.315,30.66,40.11,77.6,80.9,85.84,103.33,135.26,152.96,135.32,100.77,68.2,50.53,31.14,27.92,50.12,70.02,98.59,143.14,177.42,170.09,141.58,113.55,106.46,93.49,0,1,0,0,0,1,0,1,1,1,0,0,0,0,0,0,1,1,1,0,0,1,1,0
467,575.3475,735.6975,911.8925,1022.735,1110.905,1134.6100000000001,1184.815,1362.6200000000001,1431.365,1179.8425,866.8775,842.66,968.09,1109.19,1077.2175,1219.6675,1350.4925,1214.655,1023.39,1091.8225,1822.8899999999999,2372.8675,2332.0225,2492.315,30.66,40.11,77.6,80.9,85.84,103.33,135.26,152.96,135.32,100.77,68.2,50.53,31.14,27.92,50.12,70.02,98.59,143.14,177.42,170.09,141.58,113.55,106.46,93.49,1,1,0,0,0,1,0,0,1,0,1,0,0,0,0,1,1,1,0,0,1,0,1,1
468,575.3475,735.6975,911.8925,1022.735,1110.905,1134.6100000000001,1184.815,1362.6200000000001,1431.365,1179.8425,866.8775,842.66,968.09,1109.19,1077.2175,1219.6675,1350.4925,1214.655,1023.39,1091.8225,1822.8899999999999,2372.8675,2332.0225,2492.315,92.18,89.96,89.71,67.1,69.44,102.28,128.02,136.73,106.56,68.46,27.24,1.79,-0.2,-0.28,17.36,38.6,96.03,141.1,171.17,167.77,142.51,117.77,107.46,100.5,0,0,0,1,1,0,1,0,1,1,0,0,1,1,1,1,1,1,0,0,1,0,0,1
469,575.3475,735.6975,911.8925,1022.735,1110.905,1134.6100000000001,1184.815,1362.6200000000001,1431.365,1179.8425,866.8775,842.66,968.09,1109.19,1077.2175,1219.6675,1350.4925,1214.655,1023.39,1091.8225,1822.8899999999999,2372.8675,2332.0225,2492.315,92.18,89.96,89.71,67.1,69.44,102.28,128.02,136.73,106.56,68.46,27.24,1.79,-0.2,-0.28,17.36,38.6,96.03,141.1,171.17,167.77,142.51,117.77,107.46,100.5,1,1,0,1,1,0,0,0,0,0,1,1,1,0,0,0,0,1,0,0,1,1,0,0
470,575.3475,735.6975,911.8925,1022.735,1110.905,1134.6100000000001,1184.815,1362.6200000000001,1431.365,1179.8425,866.8775,842.66,968.09,1109.19,1077.2175,1219.6675,1350.4925,1214.655,1023.39,1091.8225,1822.8899999999999,2372.8675,2332.0225,2492.315,92.18,89.96,89.71,67.1,69.44,102.28,128.02,136.73,106.56,68.46,27.24,1.79,-0.2,-0.28,17.36,38.6,96.03,141.1,171.17,167.77,142.51,117.77,107.46,100.5,0,1,0,0,0,1,0,1,1,1,0,0,0,0,0,0,1,1,1,0,0,1,1,0
471,575.3475,735.6975,911.8925,1022.735,1110.905,1134.6100000000001,1184.815,1362.6200000000001,1431.365,1179.8425,866.8775,842.66,968.09,1109.19,1077.2175,1219.6675,1350.4925,1214.655,1023.39,1091.8225,1822.8899999999999,2372.8675,2332.0225,2492.315,92.18,89.96,89.71,67.1,69.44,102.28,128.02,136.73,106.56,68.46,27.24,1.79,-0.2,-0.28,17.36,38.6,96.03,141.1,171.17,167.77,142.51,117.77,107.46,100.5,1,1,0,0,0,1,0,0,1,0,1,0,0,0,0,1,1,1,0,0,1,0,1,1
472,575.3475,735.6975,911.8925,1022.735,1110.905,1134.6100000000001,1184.815,1362.6200000000001,1431.365,1179.8425,866.8775,842.66,968.09,1109.19,1077.2175,1219.6675,1350.4925,1214.655,1023.39,1091.8225,1822.8899999999999,2372.8675,2332.0225,2492.315,204.12,101.46,97.67,98.58,101.74,110.71,153.27,140.98,99.91,76.08,38.9,6.7,3.13,3.41,30.98,62.63,120.26,154.93,279.34,251.99,163.48,136.61,124.83,117.5,0,0,0,1,1,0,1,0,1,1,0,0,1,1,1,1,1,1,0,0,1,0,0,1
473,575.3475,735.6975,911.8925,1022.735,1110.905,1134.6100000000001,1184.815,1362.6200000000001,1431.365,1179.8425,866.8775,842.66,968.09,1109.19,1077.2175,1219.6675,1350.4925,1214.655,1023.39,1091.8225,1822.8899999999999,2372.8675,2332.0225,2492.315,204.12,101.46,97.67,98.58,101.74,110.71,153.27,140.98,99.91,76.08,38.9,6.7,3.13,3.41,30.98,62.63,120.26,154.93,279.34,251.99,163.48,136.61,124.83,117.5,1,1,0,1,1,0,0,0,0,0,1,1,1,0,0,0,0,1,0,0,1,1,0,0
474,575.3475,735.6975,911.8925,1022.735,1110.905,1134.6100000000001,1184.815,1362.6200000000001,1431.365,1179.8425,866.8775,842.66,968.09,1109.19,1077.2175,1219.6675,1350.4925,1214.655,1023.39,1091.8225,1822.8899999999999,2372.8675,2332.0225,2492.315,204.12,101.46,97.67,98.58,101.74,110.71,153.27,140.98,99.91,76.08,38.9,6.7,3.13,3.41,30.98,62.63,120.26,154.93,279.34,251.99,163.48,136.61,124.83,117.5,0,1,0,0,0,1,0,1,1,1,0,0,0,0,0,0,1,1,1,0,0,1,1,0
475,575.3475,735.6975,911.8925,1022.735,1110.905,1134.6100000000001,1184.815,1362.6200000000001,1431.365,1179.8425,866.8775,842.66,968.09,1109.19,1077.2175,1219.6675,1350.4925,1214.655,1023.39,1091.8225,1822.8899999999999,2372.8675,2332.0225,2492.315,204.12,101.46,97.67,98.58,101.74,110.71,153.27,140.98,99.91,76.08,38.9,6.7,3.13,3.41,30.98,62.63,120.26,154.93,279.34,251.99,163.48,136.61,124.83,117.5,1,1,0,0,0,1,0,0,1,0,1,0,0,0,0,1,1,1,0,0,1,0,1,1
476,575.3475,735.6975,911.8925,1022.735,1110.905,1134.6100000000001,1184.815,1362.6200000000001,1431.365,1179.8425,866.8775,842.66,968.09,1109.19,1077.2175,1219.6675,1350.4925,1214.655,1023.39,1091.8225,1822.8899999999999,2372.8675,2332.0225,2492.315,107.45,102.55,101.34,102.15,106.74,122.73,158.29,147.93,108.19,73.39,28.86,3.96,-0.56,-0.16,27.42,40.28,109.8,147.64,248.27,220.53,176.9,138.38,124.58,111.27,0,0,0,1,1,0,1,0,1,1,0,0,1,1,1,1,1,1,0,0,1,0,0,1
477,575.3475,735.6975,911.8925,1022.735,1110.905,1134.6100000000001,1184.815,1362.6200000000001,1431.365,1179.8425,866.8775,842.66,968.09,1109.19,1077.2175,1219.6675,1350.4925,1214.655,1023.39,1091.8225,1822.8899999999999,2372.8675,2332.0225,2492.315,107.45,102.55,101.34,102.15,106.74,122.73,158.29,147.93,108.19,73.39,28.86,3.96,-0.56,-0.16,27.42,40.28,109.8,147.64,248.27,220.53,176.9,138.38,124.58,111.27,1,1,0,1,1,0,0,0,0,0,1,1,1,0,0,0,0,1,0,0,1,1,0,0
478,575.3475,735.6975,911.8925,1022.735,1110.905,1134.6100000000001,1184.815,1362.6200000000001,1431.365,1179.8425,866.8775,842.66,968.09,1109.19,1077.2175,1219.6675,1350.4925,1214.655,1023.39,1091.8225,1822.8899999999999,2372.8675,2332.0225,2492.315,107.45,102.55,101.34,102.15,106.74,122.73,158.29,147.93,108.19,73.39,28.86,3.96,-0.56,-0.16,27.42,40.28,109.8,147.64,248.27,220.53,176.9,138.38,124.58,111.27,0,1,0,0,0,1,0,1,1,1,0,0,0,0,0,0,1,1,1,0,0,1,1,0
479,575.3475,735.6975,911.8925,1022.735,1110.905,1134.6100000000001,1184.815,1362.6200000000001,1431.365,1179.8425,866.8775,842.66,968.09,1109.19,1077.2175,1219.6675,1350.4925,1214.655,1023.39,1091.8225,1822.8899999999999,2372.8675,2332.0225,2492.315,107.45,102.55,101.34,102.15,106.74,122.73,158.29,147.93,108.19,73.39,28.86,3.96,-0.56,-0.16,27.42,40.28,109.8,147.64,248.27,220.53,176.9,138.38,124.58,111.27,1,1,0,0,0,1,0,0,1,0,1,0,0,0,0,1,1,1,0,0,1,0,1,1
480,2594.705,2367.2,2180.8050000000003,2058.7325,1985.1775,1879.5475,1672.5025,1586.545,1426.7575,1153.6675,969.4024999999999,917.495,999.1,963.1175000000001,934.405,790.9525,579.3175,440.4025,329.4525,495.04999999999995,659.16,813.0175,1004.28,1258.6725000000001,128.2,120.38,117.09,112.15,109.75,111.89,117.11,135.81,138.82,137.77,125.08,112.1,102.21,97.27,99.39,97.8,125.41,145.0,158.55,150.78,133.41,125.42,122.03,119.92,0,0,0,1,1,0,1,0,1,1,0,0,1,1,1,1,1,1,0,0,1,0,0,1
481,2594.705,2367.2,2180.8050000000003,2058.7325,1985.1775,1879.5475,1672.5025,1586.545,1426.7575,1153.6675,969.4024999999999,917.495,999.1,963.1175000000001,934.405,790.9525,579.3175,440.4025,329.4525,495.04999999999995,659.16,813.0175,1004.28,1258.6725000000001,128.2,120.38,117.09,112.15,109.75,111.89,117.11,135.81,138.82,137.77,125.08,112.1,102.21,97.27,99.39,97.8,125.41,145.0,158.55,150.78,133.41,125.42,122.03,119.92,1,1,0,1,1,0,0,0,0,0,1,1,1,0,0,0,0,1,0,0,1,1,0,0
482,2594.705,2367.2,2180.8050000000003,2058.7325,1985.1775,1879.5475,1672.5025,1586.545,1426.7575,1153.6675,969.4024999999999,917.495,999.1,963.1175000000001,934.405,790.9525,579.3175,440.4025,329.4525,495.04999999999995,659.16,813.0175,1004.28,1258.6725000000001,128.2,120.38,117.09,112.15,109.75,111.89,117.11,135.81,138.82,137.77,125.08,112.1,102.21,97.27,99.39,97.8,125.41,145.0,158.55,150.78,133.41,125.42,122.03,119.92,0,1,0,0,0,1,0,1,1,1,0,0,0,0,0,0,1,1,1,0,0,1,1,0
483,2594.705,2367.2,2180.8050000000003,2058.7325,1985.1775,1879.5475,1672.5025,1586.545,1426.7575,1153.6675,969.4024999999999,917.495,999.1,963.1175000000001,934.405,790.9525,579.3175,440.4025,329.4525,495.04999999999995,659.16,813.0175,1004.28,1258.6725000000001,128.2,120.38,117.09,112.15,109.75,111.89,117.11,135.81,138.82,137.77,125.08,112.1,102.21,97.27,99.39,97.8,125.41,145.0,158.55,150.78,133.41,125.42,122.03,119.92,1,1,0,0,0,1,0,0,1,0,1,0,0,0,0,1,1,1,0,0,1,0,1,1
484,2594.705,2367.2,2180.8050000000003,2058.7325,1985.1775,1879.5475,1672.5025,1586.545,1426.7575,1153.6675,969.4024999999999,917.495,999.1,963.1175000000001,934.405,790.9525,579.3175,440.4025,329.4525,495.04999999999995,659.16,813.0175,1004.28,1258.6725000000001,102.61,57.86,30.22,21.37,19.06,19.05,43.56,90.69,103.11,89.0,33.71,11.22,7.4,3.14,2.85,19.0,54.16,99.69,136.58,117.23,80.9,61.1,35.12,25.41,0,0,0,1,1,0,1,0,1,1,0,0,1,1,1,1,1,1,0,0,1,0,0,1
485,2594.705,2367.2,2180.8050000000003,2058.7325,1985.1775,1879.5475,1672.5025,1586.545,1426.7575,1153.6675,969.4024999999999,917.495,999.1,963.1175000000001,934.405,790.9525,579.3175,440.4025,329.4525,495.04999999999995,659.16,813.0175,1004.28,1258.6725000000001,102.61,57.86,30.22,21.37,19.06,19.05,43.56,90.69,103.11,89.0,33.71,11.22,7.4,3.14,2.85,19.0,54.16,99.69,136.58,117.23,80.9,61.1,35.12,25.41,1,1,0,1,1,0,0,0,0,0,1,1,1,0,0,0,0,1,0,0,1,1,0,0
486,2594.705,2367.2,2180.8050000000003,2058.7325,1985.1775,1879.5475,1672.5025,1586.545,1426.7575,1153.6675,969.4024999999999,917.495,999.1,963.1175000000001,934.405,790.9525,579.3175,440.4025,329.4525,495.04999999999995,659.16,813.0175,1004.28,1258.6725000000001,102.61,57.86,30.22,21.37,19.06,19.05,43.56,90.69,103.11,89.0,33.71,11.22,7.4,3.14,2.85,19.0,54.16,99.69,136.58,117.23,80.9,61.1,35.12,25.41,0,1,0,0,0,1,0,1,1,1,0,0,0,0,0,0,1,1,1,0,0,1,1,0
487,2594.705,2367.2,2180.8050000000003,2058.7325,1985.1775,1879.5475,1672.5025,1586.545,1426.7575,1153.6675,969.4024999999999,917.495,999.1,963.1175000000001,934.405,790.9525,579.3175,440.4025,329.4525,495.04999999999995,659.16,813.0175,1004.28,1258.6725000000001,102.61,57.86,30.22,21.37,19.06,19.05,43.56,90.69,103.11,89.0,33.71,11.22,7.4,3.14,2.85,19.0,54.16,99.69,136.58,117.23,80.9,61.1,35.12,25.41,1,1,0,0,0,1,0,0,1,0,1,0,0,0,0,1,1,1,0,0,1,0,1,1
488,2594.705,2367.2,2180.8050000000003,2058.7325,1985.1775,1879.5475,1672.5025,1586.545,1426.7575,1153.6675,969.4024999999999,917.495,999.1,963.1175000000001,934.405,790.9525,579.3175,440.4025,329.4525,495.04999999999995,659.16,813.0175,1004.28,1258.6725000000001,28.31,27.04,25.8,20.11,14.94,20.11,41.81,58.7,70.1,44.59,20.1,4.29,2.43,1.67,10.81,34.89,70.65,129.19,163.66,102.7,88.19,79.94,69.01,40.3,0,0,0,1,1,0,1,0,1,1,0,0,1,1,1,1,1,1,0,0,1,0,0,1
489,2594.705,2367.2,2180.8050000000003,2058.7325,1985.1775,1879.5475,1672.5025,1586.545,1426.7575,1153.6675,969.4024999999999,917.495,999.1,963.1175000000001,934.405,790.9525,579.3175,440.4025,329.4525,495.04999999999995,659.16,813.0175,1004.28,1258.6725000000001,28.31,27.04,25.8,20.11,14.94,20.11,41.81,58.7,70.1,44.59,20.1,4.29,2.43,1.67,10.81,34.89,70.65,129.19,163.66,102.7,88.19,79.94,69.01,40.3,1,1,0,1,1,0,0,0,0,0,1,1,1,0,0,0,0,1,0,0,1,1,0,0
490,2594.705,2367.2,2180.8050000000003,2058.7325,1985.1775,1879.5475,1672.5025,1586.545,1426.7575,1153.6675,969.4024999999999,917.495,999.1,963.1175000000001,934.405,790.9525,579.3175,440.4025,329.4525,495.04999999999995,659.16,813.0175,1004.28,1258.6725000000001,28.31,27.04,25.8,20.11,14.94,20.11,41.81,58.7,70.1,44.59,20.1,4.29,2.43,1.67,10.81,34.89,70.65,129.19,163.66,102.7,88.19,79.94,69.01,40.3,0,1,0,0,0,1,0,1,1,1,0,0,0,0,0,0,1,1,1,0,0,1,1,0
491,2594.705,2367.2,2180.8050000000003,2058.7325,1985.1775,1879.5475,1672.5025,1586.545,1426.7575,1153.6675,969.4024999999999,917.495,999.1,963.1175000000001,934.405,790.9525,579.3175,440.4025,329.4525,495.04999999999995,659.16,813.0175,1004.28,1258.6725000000001,28.31,27.04,25.8,20.11,14.94,20.11,41.81,58.7,70.1,44.59,20.1,4.29,2.43,1.67,10.81,34.89,70.65,129.19,163.66,102.7,88.19,79.94,69.01,40.3,1,1,0,0,0,1,0,0,1,0,1,0,0,0,0,1,1,1,0,0,1,0,1,1
492,2594.705,2367.2,2180.8050000000003,2058.7325,1985.1775,1879.5475,1672.5025,1586.545,1426.7575,1153.6675,969.4024999999999,917.495,999.1,963.1175000000001,934.405,790.9525,579.3175,440.4025,329.4525,495.04999999999995,659.16,813.0175,1004.28,1258.6725000000001,65.55,54.39,32.29,20.11,20.1,42.51,52.96,65.9,62.85,61.23,25.3,13.26,4.0,4.04,10.11,30.07,32.66,74.91,64.54,42.3,29.85,25.33,25.52,20.1,0,0,0,1,1,0,1,0,1,1,0,0,1,1,1,1,1,1,0,0,1,0,0,1
493,2594.705,2367.2,2180.8050000000003,2058.7325,1985.1775,1879.5475,1672.5025,1586.545,1426.7575,1153.6675,969.4024999999999,917.495,999.1,963.1175000000001,934.405,790.9525,579.3175,440.4025,329.4525,495.04999999999995,659.16,813.0175,1004.28,1258.6725000000001,65.55,54.39,32.29,20.11,20.1,42.51,52.96,65.9,62.85,61.23,25.3,13.26,4.0,4.04,10.11,30.07,32.66,74.91,64.54,42.3,29.85,25.33,25.52,20.1,1,1,0,1,1,0,0,0,0,0,1,1,1,0,0,0,0,1,0,0,1,1,0,0
494,2594.705,2367.2,2180.8050000000003,2058.7325,1985.1775,1879.5475,1672.5025,1586.545,1426.7575,1153.6675,969.4024999999999,917.495,999.1,963.1175000000001,934.405,790.9525,579.3175,440.4025,329.4525,495.04999999999995,659.16,813.0175,1004.28,1258.6725000000001,65.55,54.39,32.29,20.11,20.1,42.51,52.96,65.9,62.85,61.23,25.3,13.26,4.0,4.04,10.11,30.07,32.66,74.91,64.54,42.3,29.85,25.33,25.52,20.1,0,1,0,0,0,1,0,1,1,1,0,0,0,0,0,0,1,1,1,0,0,1,1,0
495,2594.705,2367.2,2180.8050000000003,2058.7325,1985.1775,1879.5475,1672.5025,1586.545,1426.7575,1153.6675,969.4024999999999,917.495,999.1,963.1175000000001,934.405,790.9525,579.3175,440.4025,329.4525,495.04999999999995,659.16,813.0175,1004.28,1258.6725000000001,65.55,54.39,32.29,20.11,20.1,42.51,52.96,65.9,62.85,61.23,25.3,13.26,4.0,4.04,10.11,30.07,32.66,74.91,64.54,42.3,29.85,25.33,25.52,20.1,1,1,0,0,0,1,0,0,1,0,1,0,0,0,0,1,1,1,0,0,1,0,1,1
496,2594.705,2367.2,2180.8050000000003,2058.7325,1985.1775,1879.5475,1672.5025,1586.545,1426.7575,1153.6675,969.4024999999999,917.495,999.1,963.1175000000001,934.405,790.9525,579.3175,440.4025,329.4525,495.04999999999995,659.16,813.0175,1004.28,1258.6725000000001,4.0,4.0,4.0,4.0,9.8,4.0,16.04,43.93,39.29,12.6,0.34,-0.67,-0.7,-0.78,0.01,3.97,13.23,60.4,60.41,43.5,34.76,33.55,31.31,31.16,0,0,0,1,1,0,1,0,1,1,0,0,1,1,1,1,1,1,0,0,1,0,0,1
497,2594.705,2367.2,2180.8050000000003,2058.7325,1985.1775,1879.5475,1672.5025,1586.545,1426.7575,1153.6675,969.4024999999999,917.495,999.1,963.1175000000001,934.405,790.9525,579.3175,440.4025,329.4525,495.04999999999995,659.16,813.0175,1004.28,1258.6725000000001,4.0,4.0,4.0,4.0,9.8,4.0,16.04,43.93,39.29,12.6,0.34,-0.67,-0.7,-0.78,0.01,3.97,13.23,60.4,60.41,43.5,34.76,33.55,31.31,31.16,1,1,0,1,1,0,0,0,0,0,1,1,1,0,0,0,0,1,0,0,1,1,0,0
498,2594.705,2367.2,2180.8050000000003,2058.7325,1985.1775,1879.5475,1672.5025,1586.545,1426.7575,1153.6675,969.4024999999999,917.495,999.1,963.1175000000001,934.405,790.9525,579.3175,440.4025,329.4525,495.04999999999995,659.16,813.0175,1004.28,1258.6725000000001,4.0,4.0,4.0,4.0,9.8,4.0,16.04,43.93,39.29,12.6,0.34,-0.67,-0.7,-0.78,0.01,3.97,13.23,60.4,60.41,43.5,34.76,33.55,31.31,31.16,0,1,0,0,0,1,0,1,1,1,0,0,0,0,0,0,1,1,1,0,0,1,1,0
499,2594.705,2367.2,2180.8050000000003,2058.7325,1985.1775,1879.5475,1672.5025,1586.545,1426.7575,1153.6675,969.4024999999999,917.495,999.1,963.1175000000001,934.405,790.9525,579.3175,440.4025,329.4525,495.04999999999995,659.16,813.0175,1004.28,1258.6725000000001,4.0,4.0,4.0,4.0,9.8,4.0,16.04,43.93,39.29,12.6,0.34,-0.67,-0.7,-0.78,0.01,3.97,13.23,60.4,60.41,43.5,34.76,33.55,31.31,31.16,1,1,0,0,0,1,0,0,1,0,1,0,0,0,0,1,1,1,0,0,1,0,1,1
500,2594.705,2367.2,2180.8050000000003,2058.7325,1985.1775,1879.5475,1672.5025,1586.545,1426.7575,1153.6675,969.4024999999999,917.495,999.1,963.1175000000001,934.405,790.9525,579.3175,440.4025,329.4525,495.04999999999995,659.16,813.0175,1004.28,1258.6725000000001,30.3,29.53,35.47,39.26,47.4,65.97,93.16,139.44,108.51,78.7,50.47,4.02,0.08,0.02,13.16,63.61,99.2,129.7,165.36,149.11,125.64,106.63,101.47,91.11,0,0,0,1,1,0,1,0,1,1,0,0,1,1,1,1,1,1,0,0,1,0,0,1
501,2594.705,2367.2,2180.8050000000003,2058.7325,1985.1775,1879.5475,1672.5025,1586.545,1426.7575,1153.6675,969.4024999999999,917.495,999.1,963.1175000000001,934.405,790.9525,579.3175,440.4025,329.4525,495.04999999999995,659.16,813.0175,1004.28,1258.6725000000001,30.3,29.53,35.47,39.26,47.4,65.97,93.16,139.44,108.51,78.7,50.47,4.02,0.08,0.02,13.16,63.61,99.2,129.7,165.36,149.11,125.64,106.63,101.47,91.11,1,1,0,1,1,0,0,0,0,0,1,1,1,0,0,0,0,1,0,0,1,1,0,0
502,2594.705,2367.2,2180.8050000000003,2058.7325,1985.1775,1879.5475,1672.5025,1586.545,1426.7575,1153.6675,969.4024999999999,917.495,999.1,963.1175000000001,934.405,790.9525,579.3175,440.4025,329.4525,495.04999999999995,659.16,813.0175,1004.28,1258.6725000000001,30.3,29.53,35.47,39.26,47.4,65.97,93.16,139.44,108.51,78.7,50.47,4.02,0.08,0.02,13.16,63.61,99.2,129.7,165.36,149.11,125.64,106.63,101.47,91.11,0,1,0,0,0,1,0,1,1,1,0,0,0,0,0,0,1,1,1,0,0,1,1,0
503,2594.705,2367.2,2180.8050000000003,2058.7325,1985.1775,1879.5475,1672.5025,1586.545,1426.7575,1153.6675,969.4024999999999,917.495,999.1,963.1175000000001,934.405,790.9525,579.3175,440.4025,329.4525,495.04999999999995,659.16,813.0175,1004.28,1258.6725000000001,30.3,29.53,35.47,39.26,47.4,65.97,93.16,139.44,108.51,78.7,50.47,4.02,0.08,0.02,13.16,63.61,99.2,129.7,165.36,149.11,125.64,106.63,101.47,91.11,1,1,0,0,0,1,0,0,1,0,1,0,0,0,0,1,1,1,0,0,1,0,1,1
504,2594.705,2367.2,2180.8050000000003,2058.7325,1985.1775,1879.5475,1672.5025,1586.545,1426.7575,1153.6675,969.4024999999999,917.495,999.1,963.1175000000001,934.405,790.9525,579.3175,440.4025,329.4525,495.04999999999995,659.16,813.0175,1004.28,1258.6725000000001,90.27,90.27,91.38,91.69,98.13,115.16,135.67,147.7,122.23,83.0,65.3,31.51,13.08,8.08,37.05,90.15,126.99,149.92,216.65,178.68,148.7,132.4,119.11,111.83,0,0,0,1,1,0,1,0,1,1,0,0,1,1,1,1,1,1,0,0,1,0,0,1
505,2594.705,2367.2,2180.8050000000003,2058.7325,1985.1775,1879.5475,1672.5025,1586.545,1426.7575,1153.6675,969.4024999999999,917.495,999.1,963.1175000000001,934.405,790.9525,579.3175,440.4025,329.4525,495.04999999999995,659.16,813.0175,1004.28,1258.6725000000001,90.27,90.27,91.38,91.69,98.13,115.16,135.67,147.7,122.23,83.0,65.3,31.51,13.08,8.08,37.05,90.15,126.99,149.92,216.65,178.68,148.7,132.4,119.11,111.83,1,1,0,1,1,0,0,0,0,0,1,1,1,0,0,0,0,1,0,0,1,1,0,0
506,2594.705,2367.2,2180.8050000000003,2058.7325,1985.1775,1879.5475,1672.5025,1586.545,1426.7575,1153.6675,969.4024999999999,917.495,999.1,963.1175000000001,934.405,790.9525,579.3175,440.4025,329.4525,495.04999999999995,659.16,813.0175,1004.28,1258.6725000000001,90.27,90.27,91.38,91.69,98.13,115.16,135.67,147.7,122.23,83.0,65.3,31.51,13.08,8.08,37.05,90.15,126.99,149.92,216.65,178.68,148.7,132.4,119.11,111.83,0,1,0,0,0,1,0,1,1,1,0,0,0,0,0,0,1,1,1,0,0,1,1,0
507,2594.705,2367.2,2180.8050000000003,2058.7325,1985.1775,1879.5475,1672.5025,1586.545,1426.7575,1153.6675,969.4024999999999,917.495,999.1,963.1175000000001,934.405,790.9525,579.3175,440.4025,329.4525,495.04999999999995,659.16,813.0175,1004.28,1258.6725000000001,90.27,90.27,91.38,91.69,98.13,115.16,135.67,147.7,122.23,83.0,65.3,31.51,13.08,8.08,37.05,90.15,126.99,149.92,216.65,178.68,148.7,132.4,119.11,111.83,1,1,0,0,0,1,0,0,1,0,1,0,0,0,0,1,1,1,0,0,1,0,1,1
508,2594.705,2367.2,2180.8050000000003,2058.7325,1985.1775,1879.5475,1672.5025,1586.545,1426.7575,1153.6675,969.4024999999999,917.495,999.1,963.1175000000001,934.405,790.9525,579.3175,440.4025,329.4525,495.04999999999995,659.16,813.0175,1004.28,1258.6725000000001,124.97,113.94,117.22,116.76,118.42,121.3,127.82,120.6,98.05,72.54,18.05,2.07,-0.33,-0.1,2.76,53.53,100.87,145.58,174.04,140.03,111.21,100.01,99.24,97.9,0,0,0,1,1,0,1,0,1,1,0,0,1,1,1,1,1,1,0,0,1,0,0,1
509,2594.705,2367.2,2180.8050000000003,2058.7325,1985.1775,1879.5475,1672.5025,1586.545,1426.7575,1153.6675,969.4024999999999,917.495,999.1,963.1175000000001,934.405,790.9525,579.3175,440.4025,329.4525,495.04999999999995,659.16,813.0175,1004.28,1258.6725000000001,124.97,113.94,117.22,116.76,118.42,121.3,127.82,120.6,98.05,72.54,18.05,2.07,-0.33,-0.1,2.76,53.53,100.87,145.58,174.04,140.03,111.21,100.01,99.24,97.9,1,1,0,1,1,0,0,0,0,0,1,1,1,0,0,0,0,1,0,0,1,1,0,0
510,2594.705,2367.2,2180.8050000000003,2058.7325,1985.1775,1879.5475,1672.5025,1586.545,1426.7575,1153.6675,969.4024999999999,917.495,999.1,963.1175000000001,934.405,790.9525,579.3175,440.4025,329.4525,495.04999999999995,659.16,813.0175,1004.28,1258.6725000000001,124.97,113.94,117.22,116.76,118.42,121.3,127.82,120.6,98.05,72.54,18.05,2.07,-0.33,-0.1,2.76,53.53,100.87,145.58,174.04,140.03,111.21,100.01,99.24,97.9,0,1,0,0,0,1,0,1,1,1,0,0,0,0,0,0,1,1,1,0,0,1,1,0
511,2594.705,2367.2,2180.8050000000003,2058.7325,1985.1775,1879.5475,1672.5025,1586.545,1426.7575,1153.6675,969.4024999999999,917.495,999.1,963.1175000000001,934.405,790.9525,579.3175,440.4025,329.4525,495.04999999999995,659.16,813.0175,1004.28,1258.6725000000001,124.97,113.94,117.22,116.76,118.42,121.3,127.82,120.6,98.05,72.54,18.05,2.07,-0.33,-0.1,2.76,53.53,100.87,145.58,174.04,140.03,111.21,100.01,99.24,97.9,1,1,0,0,0,1,0,0,1,0,1,0,0,0,0,1,1,1,0,0,1,0,1,1
512,2594.705,2367.2,2180.8050000000003,2058.7325,1985.1775,1879.5475,1672.5025,1586.545,1426.7575,1153.6675,969.4024999999999,917.495,999.1,963.1175000000001,934.405,790.9525,579.3175,440.4025,329.4525,495.04999999999995,659.16,813.0175,1004.28,1258.6725000000001,95.19,94.81,94.44,96.51,98.67,101.51,100.0,93.0,59.02,24.41,21.32,3.95,1.29,3.95,11.03,28.01,68.99,107.86,134.15,132.71,114.54,107.87,104.56,103.64,0,0,0,1,1,0,1,0,1,1,0,0,1,1,1,1,1,1,0,0,1,0,0,1
513,2594.705,2367.2,2180.8050000000003,2058.7325,1985.1775,1879.5475,1672.5025,1586.545,1426.7575,1153.6675,969.4024999999999,917.495,999.1,963.1175000000001,934.405,790.9525,579.3175,440.4025,329.4525,495.04999999999995,659.16,813.0175,1004.28,1258.6725000000001,95.19,94.81,94.44,96.51,98.67,101.51,100.0,93.0,59.02,24.41,21.32,3.95,1.29,3.95,11.03,28.01,68.99,107.86,134.15,132.71,114.54,107.87,104.56,103.64,1,1,0,1,1,0,0,0,0,0,1,1,1,0,0,0,0,1,0,0,1,1,0,0
514,2594.705,2367.2,2180.8050000000003,2058.7325,1985.1775,1879.5475,1672.5025,1586.545,1426.7575,1153.6675,969.4024999999999,917.495,999.1,963.1175000000001,934.405,790.9525,579.3175,440.4025,329.4525,495.04999999999995,659.16,813.0175,1004.28,1258.6725000000001,95.19,94.81,94.44,96.51,98.67,101.51,100.0,93.0,59.02,24.41,21.32,3.95,1.29,3.95,11.03,28.01,68.99,107.86,134.15,132.71,114.54,107.87,104.56,103.64,0,1,0,0,0,1,0,1,1,1,0,0,0,0,0,0,1,1,1,0,0,1,1,0
515,2594.705,2367.2,2180.8050000000003,2058.7325,1985.1775,1879.5475,1672.5025,1586.545,1426.7575,1153.6675,969.4024999999999,917.495,999.1,963.1175000000001,934.405,790.9525,579.3175,440.4025,329.4525,495.04999999999995,659.16,813.0175,1004.28,1258.6725000000001,95.19,94.81,94.44,96.51,98.67,101.51,100.0,93.0,59.02,24.41,21.32,3.95,1.29,3.95,11.03,28.01,68.99,107.86,134.15,132.71,114.54,107.87,104.56,103.64,1,1,0,0,0,1,0,0,1,0,1,0,0,0,0,1,1,1,0,0,1,0,1,1
516,2594.705,2367.2,2180.8050000000003,2058.7325,1985.1775,1879.5475,1672.5025,1586.545,1426.7575,1153.6675,969.4024999999999,917.495,999.1,963.1175000000001,934.405,790.9525,579.3175,440.4025,329.4525,495.04999999999995,659.16,813.0175,1004.28,1258.6725000000001,95.84,94.92,96.7,96.86,89.98,101.13,148.63,159.87,134.08,98.92,84.44,77.92,76.06,77.36,83.96,97.54,127.59,148.1,175.06,160.4,142.28,126.68,106.87,97.93,0,0,0,1,1,0,1,0,1,1,0,0,1,1,1,1,1,1,0,0,1,0,0,1
517,2594.705,2367.2,2180.8050000000003,2058.7325,1985.1775,1879.5475,1672.5025,1586.545,1426.7575,1153.6675,969.4024999999999,917.495,999.1,963.1175000000001,934.405,790.9525,579.3175,440.4025,329.4525,495.04999999999995,659.16,813.0175,1004.28,1258.6725000000001,95.84,94.92,96.7,96.86,89.98,101.13,148.63,159.87,134.08,98.92,84.44,77.92,76.06,77.36,83.96,97.54,127.59,148.1,175.06,160.4,142.28,126.68,106.87,97.93,1,1,0,1,1,0,0,0,0,0,1,1,1,0,0,0,0,1,0,0,1,1,0,0
518,2594.705,2367.2,2180.8050000000003,2058.7325,1985.1775,1879.5475,1672.5025,1586.545,1426.7575,1153.6675,969.4024999999999,917.495,999.1,963.1175000000001,934.405,790.9525,579.3175,440.4025,329.4525,495.04999999999995,659.16,813.0175,1004.28,1258.6725000000001,95.84,94.92,96.7,96.86,89.98,101.13,148.63,159.87,134.08,98.92,84.44,77.92,76.06,77.36,83.96,97.54,127.59,148.1,175.06,160.4,142.28,126.68,106.87,97.93,0,1,0,0,0,1,0,1,1,1,0,0,0,0,0,0,1,1,1,0,0,1,1,0
519,2594.705,2367.2,2180.8050000000003,2058.7325,1985.1775,1879.5475,1672.5025,1586.545,1426.7575,1153.6675,969.4024999999999,917.495,999.1,963.1175000000001,934.405,790.9525,579.3175,440.4025,329.4525,495.04999999999995,659.16,813.0175,1004.28,1258.6725000000001,95.84,94.92,96.7,96.86,89.98,101.13,148.63,159.87,134.08,98.92,84.44,77.92,76.06,77.36,83.96,97.54,127.59,148.1,175.06,160.4,142.28,126.68,106.87,97.93,1,1,0,0,0,1,0,0,1,0,1,0,0,0,0,1,1,1,0,0,1,0,1,1
520,2594.705,2367.2,2180.8050000000003,2058.7325,1985.1775,1879.5475,1672.5025,1586.545,1426.7575,1153.6675,969.4024999999999,917.495,999.1,963.1175000000001,934.405,790.9525,579.3175,440.4025,329.4525,495.04999999999995,659.16,813.0175,1004.28,1258.6725000000001,104.39,101.79,99.72,100.48,102.51,110.88,148.14,153.09,146.54,128.53,102.0,97.48,96.45,98.39,102.35,112.84,132.9,172.03,205.15,181.06,149.49,133.05,121.27,107.36,0,0,0,1,1,0,1,0,1,1,0,0,1,1,1,1,1,1,0,0,1,0,0,1
521,2594.705,2367.2,2180.8050000000003,2058.7325,1985.1775,1879.5475,1672.5025,1586.545,1426.7575,1153.6675,969.4024999999999,917.495,999.1,963.1175000000001,934.405,790.9525,579.3175,440.4025,329.4525,495.04999999999995,659.16,813.0175,1004.28,1258.6725000000001,104.39,101.79,99.72,100.48,102.51,110.88,148.14,153.09,146.54,128.53,102.0,97.48,96.45,98.39,102.35,112.84,132.9,172.03,205.15,181.06,149.49,133.05,121.27,107.36,1,1,0,1,1,0,0,0,0,0,1,1,1,0,0,0,0,1,0,0,1,1,0,0
522,2594.705,2367.2,2180.8050000000003,2058.7325,1985.1775,1879.5475,1672.5025,1586.545,1426.7575,1153.6675,969.4024999999999,917.495,999.1,963.1175000000001,934.405,790.9525,579.3175,440.4025,329.4525,495.04999999999995,659.16,813.0175,1004.28,1258.6725000000001,104.39,101.79,99.72,100.48,102.51,110.88,148.14,153.09,146.54,128.53,102.0,97.48,96.45,98.39,102.35,112.84,132.9,172.03,205.15,181.06,149.49,133.05,121.27,107.36,0,1,0,0,0,1,0,1,1,1,0,0,0,0,0,0,1,1,1,0,0,1,1,0
523,2594.705,2367.2,2180.8050000000003,2058.7325,1985.1775,1879.5475,1672.5025,1586.545,1426.7575,1153.6675,969.4024999999999,917.495,999.1,963.1175000000001,934.405,790.9525,579.3175,440.4025,329.4525,495.04999999999995,659.16,813.0175,1004.28,1258.6725000000001,104.39,101.79,99.72,100.48,102.51,110.88,148.14,153.09,146.54,128.53,102.0,97.48,96.45,98.39,102.35,112.84,132.9,172.03,205.15,181.06,149.49,133.05,121.27,107.36,1,1,0,0,0,1,0,0,1,0,1,0,0,0,0,1,1,1,0,0,1,0,1,1
524,2594.705,2367.2,2180.8050000000003,2058.7325,1985.1775,1879.5475,1672.5025,1586.545,1426.7575,1153.6675,969.4024999999999,917.495,999.1,963.1175000000001,934.405,790.9525,579.3175,440.4025,329.4525,495.04999999999995,659.16,813.0175,1004.28,1258.6725000000001,101.74,100.11,97.82,97.43,101.85,110.37,144.57,161.75,148.49,125.02,102.64,99.73,98.11,99.95,101.69,117.81,140.35,159.04,199.9,179.58,148.09,132.26,120.02,109.91,0,0,0,1,1,0,1,0,1,1,0,0,1,1,1,1,1,1,0,0,1,0,0,1
525,2594.705,2367.2,2180.8050000000003,2058.7325,1985.1775,1879.5475,1672.5025,1586.545,1426.7575,1153.6675,969.4024999999999,917.495,999.1,963.1175000000001,934.405,790.9525,579.3175,440.4025,329.4525,495.04999999999995,659.16,813.0175,1004.28,1258.6725000000001,101.74,100.11,97.82,97.43,101.85,110.37,144.57,161.75,148.49,125.02,102.64,99.73,98.11,99.95,101.69,117.81,140.35,159.04,199.9,179.58,148.09,132.26,120.02,109.91,1,1,0,1,1,0,0,0,0,0,1,1,1,0,0,0,0,1,0,0,1,1,0,0
526,2594.705,2367.2,2180.8050000000003,2058.7325,1985.1775,1879.5475,1672.5025,1586.545,1426.7575,1153.6675,969.4024999999999,917.495,999.1,963.1175000000001,934.405,790.9525,579.3175,440.4025,329.4525,495.04999999999995,659.16,813.0175,1004.28,1258.6725000000001,101.74,100.11,97.82,97.43,101.85,110.37,144.57,161.75,148.49,125.02,102.64,99.73,98.11,99.95,101.69,117.81,140.35,159.04,199.9,179.58,148.09,132.26,120.02,109.91,0,1,0,0,0,1,0,1,1,1,0,0,0,0,0,0,1,1,1,0,0,1,1,0
527,2594.705,2367.2,2180.8050000000003,2058.7325,1985.1775,1879.5475,1672.5025,1586.545,1426.7575,1153.6675,969.4024999999999,917.495,999.1,963.1175000000001,934.405,790.9525,579.3175,440.4025,329.4525,495.04999999999995,659.16,813.0175,1004.28,1258.6725000000001,101.74,100.11,97.82,97.43,101.85,110.37,144.57,161.75,148.49,125.02,102.64,99.73,98.11,99.95,101.69,117.81,140.35,159.04,199.9,179.58,148.09,132.26,120.02,109.91,1,1,0,0,0,1,0,0,1,0,1,0,0,0,0,1,1,1,0,0,1,0,1,1
528,2594.705,2367.2,2180.8050000000003,2058.7325,1985.1775,1879.5475,1672.5025,1586.545,1426.7575,1153.6675,969.4024999999999,917.495,999.1,963.1175000000001,934.405,790.9525,579.3175,440.4025,329.4525,495.04999999999995,659.16,813.0175,1004.28,1258.6725000000001,108.49,102.22,98.96,96.69,98.33,105.87,132.7,160.74,160.99,154.8,123.84,110.75,110.08,108.28,107.6,110.02,121.56,142.95,166.09,173.42,148.99,135.69,123.41,111.53,0,0,0,1,1,0,1,0,1,1,0,0,1,1,1,1,1,1,0,0,1,0,0,1
529,2594.705,2367.2,2180.8050000000003,2058.7325,1985.1775,1879.5475,1672.5025,1586.545,1426.7575,1153.6675,969.4024999999999,917.495,999.1,963.1175000000001,934.405,790.9525,579.3175,440.4025,329.4525,495.04999999999995,659.16,813.0175,1004.28,1258.6725000000001,108.49,102.22,98.96,96.69,98.33,105.87,132.7,160.74,160.99,154.8,123.84,110.75,110.08,108.28,107.6,110.02,121.56,142.95,166.09,173.42,148.99,135.69,123.41,111.53,1,1,0,1,1,0,0,0,0,0,1,1,1,0,0,0,0,1,0,0,1,1,0,0
530,2594.705,2367.2,2180.8050000000003,2058.7325,1985.1775,1879.5475,1672.5025,1586.545,1426.7575,1153.6675,969.4024999999999,917.495,999.1,963.1175000000001,934.405,790.9525,579.3175,440.4025,329.4525,495.04999999999995,659.16,813.0175,1004.28,1258.6725000000001,108.49,102.22,98.96,96.69,98.33,105.87,132.7,160.74,160.99,154.8,123.84,110.75,110.08,108.28,107.6,110.02,121.56,142.95,166.09,173.42,148.99,135.69,123.41,111.53,0,1,0,0,0,1,0,1,1,1,0,0,0,0,0,0,1,1,1,0,0,1,1,0
531,2594.705,2367.2,2180.8050000000003,2058.7325,1985.1775,1879.5475,1672.5025,1586.545,1426.7575,1153.6675,969.4024999999999,917.495,999.1,963.1175000000001,934.405,790.9525,579.3175,440.4025,329.4525,495.04999999999995,659.16,813.0175,1004.28,1258.6725000000001,108.49,102.22,98.96,96.69,98.33,105.87,132.7,160.74,160.99,154.8,123.84,110.75,110.08,108.28,107.6,110.02,121.56,142.95,166.09,173.42,148.99,135.69,123.41,111.53,1,1,0,0,0,1,0,0,1,0,1,0,0,0,0,1,1,1,0,0,1,0,1,1
532,2594.705,2367.2,2180.8050000000003,2058.7325,1985.1775,1879.5475,1672.5025,1586.545,1426.7575,1153.6675,969.4024999999999,917.495,999.1,963.1175000000001,934.405,790.9525,579.3175,440.4025,329.4525,495.04999999999995,659.16,813.0175,1004.28,1258.6725000000001,109.19,106.08,105.97,103.89,105.37,114.08,143.05,155.29,155.08,132.11,112.01,106.37,104.49,104.58,105.38,109.42,124.93,146.56,155.47,151.02,130.1,111.46,114.0,105.15,0,0,0,1,1,0,1,0,1,1,0,0,1,1,1,1,1,1,0,0,1,0,0,1
533,2594.705,2367.2,2180.8050000000003,2058.7325,1985.1775,1879.5475,1672.5025,1586.545,1426.7575,1153.6675,969.4024999999999,917.495,999.1,963.1175000000001,934.405,790.9525,579.3175,440.4025,329.4525,495.04999999999995,659.16,813.0175,1004.28,1258.6725000000001,109.19,106.08,105.97,103.89,105.37,114.08,143.05,155.29,155.08,132.11,112.01,106.37,104.49,104.58,105.38,109.42,124.93,146.56,155.47,151.02,130.1,111.46,114.0,105.15,1,1,0,1,1,0,0,0,0,0,1,1,1,0,0,0,0,1,0,0,1,1,0,0
534,2594.705,2367.2,2180.8050000000003,2058.7325,1985.1775,1879.5475,1672.5025,1586.545,1426.7575,1153.6675,969.4024999999999,917.495,999.1,963.1175000000001,934.405,790.9525,579.3175,440.4025,329.4525,495.04999999999995,659.16,813.0175,1004.28,1258.6725000000001,109.19,106.08,105.97,103.89,105.37,114.08,143.05,155.29,155.08,132.11,112.01,106.37,104.49,104.58,105.38,109.42,124.93,146.56,155.47,151.02,130.1,111.46,114.0,105.15,0,1,0,0,0,1,0,1,1,1,0,0,0,0,0,0,1,1,1,0,0,1,1,0
535,2594.705,2367.2,2180.8050000000003,2058.7325,1985.1775,1879.5475,1672.5025,1586.545,1426.7575,1153.6675,969.4024999999999,917.495,999.1,963.1175000000001,934.405,790.9525,579.3175,440.4025,329.4525,495.04999999999995,659.16,813.0175,1004.28,1258.6725000000001,109.19,106.08,105.97,103.89,105.37,114.08,143.05,155.29,155.08,132.11,112.01,106.37,104.49,104.58,105.38,109.42,124.93,146.56,155.47,151.02,130.1,111.46,114.0,105.15,1,1,0,0,0,1,0,0,1,0,1,0,0,0,0,1,1,1,0,0,1,0,1,1
536,2594.705,2367.2,2180.8050000000003,2058.7325,1985.1775,1879.5475,1672.5025,1586.545,1426.7575,1153.6675,969.4024999999999,917.495,999.1,963.1175000000001,934.405,790.9525,579.3175,440.4025,329.4525,495.04999999999995,659.16,813.0175,1004.28,1258.6725000000001,112.16,103.15,96.0,89.89,86.89,90.55,97.0,99.38,98.73,86.36,72.35,67.12,57.28,47.96,54.46,70.76,84.2,121.87,130.26,132.91,121.41,108.46,104.98,95.21,0,0,0,1,1,0,1,0,1,1,0,0,1,1,1,1,1,1,0,0,1,0,0,1
537,2594.705,2367.2,2180.8050000000003,2058.7325,1985.1775,1879.5475,1672.5025,1586.545,1426.7575,1153.6675,969.4024999999999,917.495,999.1,963.1175000000001,934.405,790.9525,579.3175,440.4025,329.4525,495.04999999999995,659.16,813.0175,1004.28,1258.6725000000001,112.16,103.15,96.0,89.89,86.89,90.55,97.0,99.38,98.73,86.36,72.35,67.12,57.28,47.96,54.46,70.76,84.2,121.87,130.26,132.91,121.41,108.46,104.98,95.21,1,1,0,1,1,0,0,0,0,0,1,1,1,0,0,0,0,1,0,0,1,1,0,0
538,2594.705,2367.2,2180.8050000000003,2058.7325,1985.1775,1879.5475,1672.5025,1586.545,1426.7575,1153.6675,969.4024999999999,917.495,999.1,963.1175000000001,934.405,790.9525,579.3175,440.4025,329.4525,495.04999999999995,659.16,813.0175,1004.28,1258.6725000000001,112.16,103.15,96.0,89.89,86.89,90.55,97.0,99.38,98.73,86.36,72.35,67.12,57.28,47.96,54.46,70.76,84.2,121.87,130.26,132.91,121.41,108.46,104.98,95.21,0,1,0,0,0,1,0,1,1,1,0,0,0,0,0,0,1,1,1,0,0,1,1,0
539,2594.705,2367.2,2180.8050000000003,2058.7325,1985.1775,1879.5475,1672.5025,1586.545,1426.7575,1153.6675,969.4024999999999,917.495,999.1,963.1175000000001,934.405,790.9525,579.3175,440.4025,329.4525,495.04999999999995,659.16,813.0175,1004.28,1258.6725000000001,112.16,103.15,96.0,89.89,86.89,90.55,97.0,99.38,98.73,86.36,72.35,67.12,57.28,47.96,54.46,70.76,84.2,121.87,130.26,132.91,121.41,108.46,104.98,95.21,1,1,0,0,0,1,0,0,1,0,1,0,0,0,0,1,1,1,0,0,1,0,1,1
540,2594.705,2367.2,2180.8050000000003,2058.7325,1985.1775,1879.5475,1672.5025,1586.545,1426.7575,1153.6675,969.4024999999999,917.495,999.1,963.1175000000001,934.405,790.9525,579.3175,440.4025,329.4525,495.04999999999995,659.16,813.0175,1004.28,1258.6725000000001,89.97,85.75,79.57,78.15,78.55,29.41,30.14,30.7,30.5,28.73,24.06,2.9,1.01,0.19,2.67,30.81,59.97,94.68,83.61,45.54,31.49,31.1,30.69,30.44,0,0,0,1,1,0,1,0,1,1,0,0,1,1,1,1,1,1,0,0,1,0,0,1
541,2594.705,2367.2,2180.8050000000003,2058.7325,1985.1775,1879.5475,1672.5025,1586.545,1426.7575,1153.6675,969.4024999999999,917.495,999.1,963.1175000000001,934.405,790.9525,579.3175,440.4025,329.4525,495.04999999999995,659.16,813.0175,1004.28,1258.6725000000001,89.97,85.75,79.57,78.15,78.55,29.41,30.14,30.7,30.5,28.73,24.06,2.9,1.01,0.19,2.67,30.81,59.97,94.68,83.61,45.54,31.49,31.1,30.69,30.44,1,1,0,1,1,0,0,0,0,0,1,1,1,0,0,0,0,1,0,0,1,1,0,0
542,2594.705,2367.2,2180.8050000000003,2058.7325,1985.1775,1879.5475,1672.5025,1586.545,1426.7575,1153.6675,969.4024999999999,917.495,999.1,963.1175000000001,934.405,790.9525,579.3175,440.4025,329.4525,495.04999999999995,659.16,813.0175,1004.28,1258.6725000000001,89.97,85.75,79.57,78.15,78.55,29.41,30.14,30.7,30.5,28.73,24.06,2.9,1.01,0.19,2.67,30.81,59.97,94.68,83.61,45.54,31.49,31.1,30.69,30.44,0,1,0,0,0,1,0,1,1,1,0,0,0,0,0,0,1,1,1,0,0,1,1,0
543,2594.705,2367.2,2180.8050000000003,2058.7325,1985.1775,1879.5475,1672.5025,1586.545,1426.7575,1153.6675,969.4024999999999,917.495,999.1,963.1175000000001,934.405,790.9525,579.3175,440.4025,329.4525,495.04999999999995,659.16,813.0175,1004.28,1258.6725000000001,89.97,85.75,79.57,78.15,78.55,29.41,30.14,30.7,30.5,28.73,24.06,2.9,1.01,0.19,2.67,30.81,59.97,94.68,83.61,45.54,31.49,31.1,30.69,30.44,1,1,0,0,0,1,0,0,1,0,1,0,0,0,0,1,1,1,0,0,1,0,1,1
544,2594.705,2367.2,2180.8050000000003,2058.7325,1985.1775,1879.5475,1672.5025,1586.545,1426.7575,1153.6675,969.4024999999999,917.495,999.1,963.1175000000001,934.405,790.9525,579.3175,440.4025,329.4525,495.04999999999995,659.16,813.0175,1004.28,1258.6725000000001,30.66,40.11,77.6,80.9,85.84,103.33,135.26,152.96,135.32,100.77,68.2,50.53,31.14,27.92,50.12,70.02,98.59,143.14,177.42,170.09,141.58,113.55,106.46,93.49,0,0,0,1,1,0,1,0,1,1,0,0,1,1,1,1,1,1,0,0,1,0,0,1
545,2594.705,2367.2,2180.8050000000003,2058.7325,1985.1775,1879.5475,1672.5025,1586.545,1426.7575,1153.6675,969.4024999999999,917.495,999.1,963.1175000000001,934.405,790.9525,579.3175,440.4025,329.4525,495.04999999999995,659.16,813.0175,1004.28,1258.6725000000001,30.66,40.11,77.6,80.9,85.84,103.33,135.26,152.96,135.32,100.77,68.2,50.53,31.14,27.92,50.12,70.02,98.59,143.14,177.42,170.09,141.58,113.55,106.46,93.49,1,1,0,1,1,0,0,0,0,0,1,1,1,0,0,0,0,1,0,0,1,1,0,0
546,2594.705,2367.2,2180.8050000000003,2058.7325,1985.1775,1879.5475,1672.5025,1586.545,1426.7575,1153.6675,969.4024999999999,917.495,999.1,963.1175000000001,934.405,790.9525,579.3175,440.4025,329.4525,495.04999999999995,659.16,813.0175,1004.28,1258.6725000000001,30.66,40.11,77.6,80.9,85.84,103.33,135.26,152.96,135.32,100.77,68.2,50.53,31.14,27.92,50.12,70.02,98.59,143.14,177.42,170.09,141.58,113.55,106.46,93.49,0,1,0,0,0,1,0,1,1,1,0,0,0,0,0,0,1,1,1,0,0,1,1,0
547,2594.705,2367.2,2180.8050000000003,2058.7325,1985.1775,1879.5475,1672.5025,1586.545,1426.7575,1153.6675,969.4024999999999,917.495,999.1,963.1175000000001,934.405,790.9525,579.3175,440.4025,329.4525,495.04999999999995,659.16,813.0175,1004.28,1258.6725000000001,30.66,40.11,77.6,80.9,85.84,103.33,135.26,152.96,135.32,100.77,68.2,50.53,31.14,27.92,50.12,70.02,98.59,143.14,177.42,170.09,141.58,113.55,106.46,93.49,1,1,0,0,0,1,0,0,1,0,1,0,0,0,0,1,1,1,0,0,1,0,1,1
548,2594.705,2367.2,2180.8050000000003,2058.7325,1985.1775,1879.5475,1672.5025,1586.545,1426.7575,1153.6675,969.4024999999999,917.495,999.1,963.1175000000001,934.405,790.9525,579.3175,440.4025,329.4525,495.04999999999995,659.16,813.0175,1004.28,1258.6725000000001,92.18,89.96,89.71,67.1,69.44,102.28,128.02,136.73,106.56,68.46,27.24,1.79,-0.2,-0.28,17.36,38.6,96.03,141.1,171.17,167.77,142.51,117.77,107.46,100.5,0,0,0,1,1,0,1,0,1,1,0,0,1,1,1,1,1,1,0,0,1,0,0,1
549,2594.705,2367.2,2180.8050000000003,2058.7325,1985.1775,1879.5475,1672.5025,1586.545,1426.7575,1153.6675,969.4024999999999,917.495,999.1,963.1175000000001,934.405,790.9525,579.3175,440.4025,329.4525,495.04999999999995,659.16,813.0175,1004.28,1258.6725000000001,92.18,89.96,89.71,67.1,69.44,102.28,128.02,136.73,106.56,68.46,27.24,1.79,-0.2,-0.28,17.36,38.6,96.03,141.1,171.17,167.77,142.51,117.77,107.46,100.5,1,1,0,1,1,0,0,0,0,0,1,1,1,0,0,0,0,1,0,0,1,1,0,0
550,2594.705,2367.2,2180.8050000000003,2058.7325,1985.1775,1879.5475,1672.5025,1586.545,1426.7575,1153.6675,969.4024999999999,917.495,999.1,963.1175000000001,934.405,790.9525,579.3175,440.4025,329.4525,495.04999999999995,659.16,813.0175,1004.28,1258.6725000000001,92.18,89.96,89.71,67.1,69.44,102.28,128.02,136.73,106.56,68.46,27.24,1.79,-0.2,-0.28,17.36,38.6,96.03,141.1,171.17,167.77,142.51,117.77,107.46,100.5,0,1,0,0,0,1,0,1,1,1,0,0,0,0,0,0,1,1,1,0,0,1,1,0
551,2594.705,2367.2,2180.8050000000003,2058.7325,1985.1775,1879.5475,1672.5025,1586.545,1426.7575,1153.6675,969.4024999999999,917.495,999.1,963.1175000000001,934.405,790.9525,579.3175,440.4025,329.4525,495.04999999999995,659.16,813.0175,1004.28,1258.6725000000001,92.18,89.96,89.71,67.1,69.44,102.28,128.02,136.73,106.56,68.46,27.24,1.79,-0.2,-0.28,17.36,38.6,96.03,141.1,171.17,167.77,142.51,117.77,107.46,100.5,1,1,0,0,0,1,0,0,1,0,1,0,0,0,0,1,1,1,0,0,1,0,1,1
552,2594.705,2367.2,2180.8050000000003,2058.7325,1985.1775,1879.5475,1672.5025,1586.545,1426.7575,1153.6675,969.4024999999999,917.495,999.1,963.1175000000001,934.405,790.9525,579.3175,440.4025,329.4525,495.04999999999995,659.16,813.0175,1004.28,1258.6725000000001,204.12,101.46,97.67,98.58,101.74,110.71,153.27,140.98,99.91,76.08,38.9,6.7,3.13,3.41,30.98,62.63,120.26,154.93,279.34,251.99,163.48,136.61,124.83,117.5,0,0,0,1,1,0,1,0,1,1,0,0,1,1,1,1,1,1,0,0,1,0,0,1
553,2594.705,2367.2,2180.8050000000003,2058.7325,1985.1775,1879.5475,1672.5025,1586.545,1426.7575,1153.6675,969.4024999999999,917.495,999.1,963.1175000000001,934.405,790.9525,579.3175,440.4025,329.4525,495.04999999999995,659.16,813.0175,1004.28,1258.6725000000001,204.12,101.46,97.67,98.58,101.74,110.71,153.27,140.98,99.91,76.08,38.9,6.7,3.13,3.41,30.98,62.63,120.26,154.93,279.34,251.99,163.48,136.61,124.83,117.5,1,1,0,1,1,0,0,0,0,0,1,1,1,0,0,0,0,1,0,0,1,1,0,0
554,2594.705,2367.2,2180.8050000000003,2058.7325,1985.1775,1879.5475,1672.5025,1586.545,1426.7575,1153.6675,969.4024999999999,917.495,999.1,963.1175000000001,934.405,790.9525,579.3175,440.4025,329.4525,495.04999999999995,659.16,813.0175,1004.28,1258.6725000000001,204.12,101.46,97.67,98.58,101.74,110.71,153.27,140.98,99.91,76.08,38.9,6.7,3.13,3.41,30.98,62.63,120.26,154.93,279.34,251.99,163.48,136.61,124.83,117.5,0,1,0,0,0,1,0,1,1,1,0,0,0,0,0,0,1,1,1,0,0,1,1,0
555,2594.705,2367.2,2180.8050000000003,2058.7325,1985.1775,1879.5475,1672.5025,1586.545,1426.7575,1153.6675,969.4024999999999,917.495,999.1,963.1175000000001,934.405,790.9525,579.3175,440.4025,329.4525,495.04999999999995,659.16,813.0175,1004.28,1258.6725000000001,204.12,101.46,97.67,98.58,101.74,110.71,153.27,140.98,99.91,76.08,38.9,6.7,3.13,3.41,30.98,62.63,120.26,154.93,279.34,251.99,163.48,136.61,124.83,117.5,1,1,0,0,0,1,0,0,1,0,1,0,0,0,0,1,1,1,0,0,1,0,1,1
556,2594.705,2367.2,2180.8050000000003,2058.7325,1985.1775,1879.5475,1672.5025,1586.545,1426.7575,1153.6675,969.4024999999999,917.495,999.1,963.1175000000001,934.405,790.9525,579.3175,440.4025,329.4525,495.04999999999995,659.16,813.0175,1004.28,1258.6725000000001,107.45,102.55,101.34,102.15,106.74,122.73,158.29,147.93,108.19,73.39,28.86,3.96,-0.56,-0.16,27.42,40.28,109.8,147.64,248.27,220.53,176.9,138.38,124.58,111.27,0,0,0,1,1,0,1,0,1,1,0,0,1,1,1,1,1,1,0,0,1,0,0,1
557,2594.705,2367.2,2180.8050000000003,2058.7325,1985.1775,1879.5475,1672.5025,1586.545,1426.7575,1153.6675,969.4024999999999,917.495,999.1,963.1175000000001,934.405,790.9525,579.3175,440.4025,329.4525,495.04999999999995,659.16,813.0175,1004.28,1258.6725000000001,107.45,102.55,101.34,102.15,106.74,122.73,158.29,147.93,108.19,73.39,28.86,3.96,-0.56,-0.16,27.42,40.28,109.8,147.64,248.27,220.53,176.9,138.38,124.58,111.27,1,1,0,1,1,0,0,0,0,0,1,1,1,0,0,0,0,1,0,0,1,1,0,0
558,2594.705,2367.2,2180.8050000000003,2058.7325,1985.1775,1879.5475,1672.5025,1586.545,1426.7575,1153.6675,969.4024999999999,917.495,999.1,963.1175000000001,934.405,790.9525,579.3175,440.4025,329.4525,495.04999999999995,659.16,813.0175,1004.28,1258.6725000000001,107.45,102.55,101.34,102.15,106.74,122.73,158.29,147.93,108.19,73.39,28.86,3.96,-0.56,-0.16,27.42,40.28,109.8,147.64,248.27,220.53,176.9,138.38,124.58,111.27,0,1,0,0,0,1,0,1,1,1,0,0,0,0,0,0,1,1,1,0,0,1,1,0
559,2594.705,2367.2,2180.8050000000003,2058.7325,1985.1775,1879.5475,1672.5025,1586.545,1426.7575,1153.6675,969.4024999999999,917.495,999.1,963.1175000000001,934.405,790.9525,579.3175,440.4025,329.4525,495.04999999999995,659.16,813.0175,1004.28,1258.6725000000001,107.45,102.55,101.34,102.15,106.74,122.73,158.29,147.93,108.19,73.39,28.86,3.96,-0.56,-0.16,27.42,40.28,109.8,147.64,248.27,220.53,176.9,138.38,124.58,111.27,1,1,0,0,0,1,0,0,1,0,1,0,0,0,0,1,1,1,0,0,1,0,1,1
560,1373.915,1428.89,1524.52,1562.97,1329.2625,1193.155,1201.26,1139.2675,989.5450000000001,719.7425000000001,423.59499999999997,322.6275,421.0825,471.6225,653.98,793.7375,857.9525,903.0174999999999,1090.2275,1377.54,1599.585,1736.0275000000001,1668.5975,1275.375,128.2,120.38,117.09,112.15,109.75,111.89,117.11,135.81,138.82,137.77,125.08,112.1,102.21,97.27,99.39,97.8,125.41,145.0,158.55,150.78,133.41,125.42,122.03,119.92,0,0,0,1,1,0,1,0,1,1,0,0,1,1,1,1,1,1,0,0,1,0,0,1
561,1373.915,1428.89,1524.52,1562.97,1329.2625,1193.155,1201.26,1139.2675,989.5450000000001,719.7425000000001,423.59499999999997,322.6275,421.0825,471.6225,653.98,793.7375,857.9525,903.0174999999999,1090.2275,1377.54,1599.585,1736.0275000000001,1668.5975,1275.375,128.2,120.38,117.09,112.15,109.75,111.89,117.11,135.81,138.82,137.77,125.08,112.1,102.21,97.27,99.39,97.8,125.41,145.0,158.55,150.78,133.41,125.42,122.03,119.92,1,1,0,1,1,0,0,0,0,0,1,1,1,0,0,0,0,1,0,0,1,1,0,0
562,1373.915,1428.89,1524.52,1562.97,1329.2625,1193.155,1201.26,1139.2675,989.5450000000001,719.7425000000001,423.59499999999997,322.6275,421.0825,471.6225,653.98,793.7375,857.9525,903.0174999999999,1090.2275,1377.54,1599.585,1736.0275000000001,1668.5975,1275.375,128.2,120.38,117.09,112.15,109.75,111.89,117.11,135.81,138.82,137.77,125.08,112.1,102.21,97.27,99.39,97.8,125.41,145.0,158.55,150.78,133.41,125.42,122.03,119.92,0,1,0,0,0,1,0,1,1,1,0,0,0,0,0,0,1,1,1,0,0,1,1,0
563,1373.915,1428.89,1524.52,1562.97,1329.2625,1193.155,1201.26,1139.2675,989.5450000000001,719.7425000000001,423.59499999999997,322.6275,421.0825,471.6225,653.98,793.7375,857.9525,903.0174999999999,1090.2275,1377.54,1599.585,1736.0275000000001,1668.5975,1275.375,128.2,120.38,117.09,112.15,109.75,111.89,117.11,135.81,138.82,137.77,125.08,112.1,102.21,97.27,99.39,97.8,125.41,145.0,158.55,150.78,133.41,125.42,122.03,119.92,1,1,0,0,0,1,0,0,1,0,1,0,0,0,0,1,1,1,0,0,1,0,1,1
564,1373.915,1428.89,1524.52,1562.97,1329.2625,1193.155,1201.26,1139.2675,989.5450000000001,719.7425000000001,423.59499999999997,322.6275,421.0825,471.6225,653.98,793.7375,857.9525,903.0174999999999,1090.2275,1377.54,1599.585,1736.0275000000001,1668.5975,1275.375,102.61,57.86,30.22,21.37,19.06,19.05,43.56,90.69,103.11,89.0,33.71,11.22,7.4,3.14,2.85,19.0,54.16,99.69,136.58,117.23,80.9,61.1,35.12,25.41,0,0,0,1,1,0,1,0,1,1,0,0,1,1,1,1,1,1,0,0,1,0,0,1
565,1373.915,1428.89,1524.52,1562.97,1329.2625,1193.155,1201.26,1139.2675,989.5450000000001,719.7425000000001,423.59499999999997,322.6275,421.0825,471.6225,653.98,793.7375,857.9525,903.0174999999999,1090.2275,1377.54,1599.585,1736.0275000000001,1668.5975,1275.375,102.61,57.86,30.22,21.37,19.06,19.05,43.56,90.69,103.11,89.0,33.71,11.22,7.4,3.14,2.85,19.0,54.16,99.69,136.58,117.23,80.9,61.1,35.12,25.41,1,1,0,1,1,0,0,0,0,0,1,1,1,0,0,0,0,1,0,0,1,1,0,0
566,1373.915,1428.89,1524.52,1562.97,1329.2625,1193.155,1201.26,1139.2675,989.5450000000001,719.7425000000001,423.59499999999997,322.6275,421.0825,471.6225,653.98,793.7375,857.9525,903.0174999999999,1090.2275,1377.54,1599.585,1736.0275000000001,1668.5975,1275.375,102.61,57.86,30.22,21.37,19.06,19.05,43.56,90.69,103.11,89.0,33.71,11.22,7.4,3.14,2.85,19.0,54.16,99.69,136.58,117.23,80.9,61.1,35.12,25.41,0,1,0,0,0,1,0,1,1,1,0,0,0,0,0,0,1,1,1,0,0,1,1,0
567,1373.915,1428.89,1524.52,1562.97,1329.2625,1193.155,1201.26,1139.2675,989.5450000000001,719.7425000000001,423.59499999999997,322.6275,421.0825,471.6225,653.98,793.7375,857.9525,903.0174999999999,1090.2275,1377.54,1599.585,1736.0275000000001,1668.5975,1275.375,102.61,57.86,30.22,21.37,19.06,19.05,43.56,90.69,103.11,89.0,33.71,11.22,7.4,3.14,2.85,19.0,54.16,99.69,136.58,117.23,80.9,61.1,35.12,25.41,1,1,0,0,0,1,0,0,1,0,1,0,0,0,0,1,1,1,0,0,1,0,1,1
568,1373.915,1428.89,1524.52,1562.97,1329.2625,1193.155,1201.26,1139.2675,989.5450000000001,719.7425000000001,423.59499999999997,322.6275,421.0825,471.6225,653.98,793.7375,857.9525,903.0174999999999,1090.2275,1377.54,1599.585,1736.0275000000001,1668.5975,1275.375,28.31,27.04,25.8,20.11,14.94,20.11,41.81,58.7,70.1,44.59,20.1,4.29,2.43,1.67,10.81,34.89,70.65,129.19,163.66,102.7,88.19,79.94,69.01,40.3,0,0,0,1,1,0,1,0,1,1,0,0,1,1,1,1,1,1,0,0,1,0,0,1
569,1373.915,1428.89,1524.52,1562.97,1329.2625,1193.155,1201.26,1139.2675,989.5450000000001,719.7425000000001,423.59499999999997,322.6275,421.0825,471.6225,653.98,793.7375,857.9525,903.0174999999999,1090.2275,1377.54,1599.585,1736.0275000000001,1668.5975,1275.375,28.31,27.04,25.8,20.11,14.94,20.11,41.81,58.7,70.1,44.59,20.1,4.29,2.43,1.67,10.81,34.89,70.65,129.19,163.66,102.7,88.19,79.94,69.01,40.3,1,1,0,1,1,0,0,0,0,0,1,1,1,0,0,0,0,1,0,0,1,1,0,0
570,1373.915,1428.89,1524.52,1562.97,1329.2625,1193.155,1201.26,1139.2675,989.5450000000001,719.7425000000001,423.59499999999997,322.6275,421.0825,471.6225,653.98,793.7375,857.9525,903.0174999999999,1090.2275,1377.54,1599.585,1736.0275000000001,1668.5975,1275.375,28.31,27.04,25.8,20.11,14.94,20.11,41.81,58.7,70.1,44.59,20.1,4.29,2.43,1.67,10.81,34.89,70.65,129.19,163.66,102.7,88.19,79.94,69.01,40.3,0,1,0,0,0,1,0,1,1,1,0,0,0,0,0,0,1,1,1,0,0,1,1,0
571,1373.915,1428.89,1524.52,1562.97,1329.2625,1193.155,1201.26,1139.2675,989.5450000000001,719.7425000000001,423.59499999999997,322.6275,421.0825,471.6225,653.98,793.7375,857.9525,903.0174999999999,1090.2275,1377.54,1599.585,1736.0275000000001,1668.5975,1275.375,28.31,27.04,25.8,20.11,14.94,20.11,41.81,58.7,70.1,44.59,20.1,4.29,2.43,1.67,10.81,34.89,70.65,129.19,163.66,102.7,88.19,79.94,69.01,40.3,1,1,0,0,0,1,0,0,1,0,1,0,0,0,0,1,1,1,0,0,1,0,1,1
572,1373.915,1428.89,1524.52,1562.97,1329.2625,1193.155,1201.26,1139.2675,989.5450000000001,719.7425000000001,423.59499999999997,322.6275,421.0825,471.6225,653.98,793.7375,857.9525,903.0174999999999,1090.2275,1377.54,1599.585,1736.0275000000001,1668.5975,1275.375,65.55,54.39,32.29,20.11,20.1,42.51,52.96,65.9,62.85,61.23,25.3,13.26,4.0,4.04,10.11,30.07,32.66,74.91,64.54,42.3,29.85,25.33,25.52,20.1,0,0,0,1,1,0,1,0,1,1,0,0,1,1,1,1,1,1,0,0,1,0,0,1
573,1373.915,1428.89,1524.52,1562.97,1329.2625,1193.155,1201.26,1139.2675,989.5450000000001,719.7425000000001,423.59499999999997,322.6275,421.0825,471.6225,653.98,793.7375,857.9525,903.0174999999999,1090.2275,1377.54,1599.585,1736.0275000000001,1668.5975,1275.375,65.55,54.39,32.29,20.11,20.1,42.51,52.96,65.9,62.85,61.23,25.3,13.26,4.0,4.04,10.11,30.07,32.66,74.91,64.54,42.3,29.85,25.33,25.52,20.1,1,1,0,1,1,0,0,0,0,0,1,1,1,0,0,0,0,1,0,0,1,1,0,0
574,1373.915,1428.89,1524.52,1562.97,1329.2625,1193.155,1201.26,1139.2675,989.5450000000001,719.7425000000001,423.59499999999997,322.6275,421.0825,471.6225,653.98,793.7375,857.9525,903.0174999999999,1090.2275,1377.54,1599.585,1736.0275000000001,1668.5975,1275.375,65.55,54.39,32.29,20.11,20.1,42.51,52.96,65.9,62.85,61.23,25.3,13.26,4.0,4.04,10.11,30.07,32.66,74.91,64.54,42.3,29.85,25.33,25.52,20.1,0,1,0,0,0,1,0,1,1,1,0,0,0,0,0,0,1,1,1,0,0,1,1,0
575,1373.915,1428.89,1524.52,1562.97,1329.2625,1193.155,1201.26,1139.2675,989.5450000000001,719.7425000000001,423.59499999999997,322.6275,421.0825,471.6225,653.98,793.7375,857.9525,903.0174999999999,1090.2275,1377.54,1599.585,1736.0275000000001,1668.5975,1275.375,65.55,54.39,32.29,20.11,20.1,42.51,52.96,65.9,62.85,61.23,25.3,13.26,4.0,4.04,10.11,30.07,32.66,74.91,64.54,42.3,29.85,25.33,25.52,20.1,1,1,0,0,0,1,0,0,1,0,1,0,0,0,0,1,1,1,0,0,1,0,1,1
576,1373.915,1428.89,1524.52,1562.97,1329.2625,1193.155,1201.26,1139.2675,989.5450000000001,719.7425000000001,423.59499999999997,322.6275,421.0825,471.6225,653.98,793.7375,857.9525,903.0174999999999,1090.2275,1377.54,1599.585,1736.0275000000001,1668.5975,1275.375,4.0,4.0,4.0,4.0,9.8,4.0,16.04,43.93,39.29,12.6,0.34,-0.67,-0.7,-0.78,0.01,3.97,13.23,60.4,60.41,43.5,34.76,33.55,31.31,31.16,0,0,0,1,1,0,1,0,1,1,0,0,1,1,1,1,1,1,0,0,1,0,0,1
577,1373.915,1428.89,1524.52,1562.97,1329.2625,1193.155,1201.26,1139.2675,989.5450000000001,719.7425000000001,423.59499999999997,322.6275,421.0825,471.6225,653.98,793.7375,857.9525,903.0174999999999,1090.2275,1377.54,1599.585,1736.0275000000001,1668.5975,1275.375,4.0,4.0,4.0,4.0,9.8,4.0,16.04,43.93,39.29,12.6,0.34,-0.67,-0.7,-0.78,0.01,3.97,13.23,60.4,60.41,43.5,34.76,33.55,31.31,31.16,1,1,0,1,1,0,0,0,0,0,1,1,1,0,0,0,0,1,0,0,1,1,0,0
578,1373.915,1428.89,1524.52,1562.97,1329.2625,1193.155,1201.26,1139.2675,989.5450000000001,719.7425000000001,423.59499999999997,322.6275,421.0825,471.6225,653.98,793.7375,857.9525,903.0174999999999,1090.2275,1377.54,1599.585,1736.0275000000001,1668.5975,1275.375,4.0,4.0,4.0,4.0,9.8,4.0,16.04,43.93,39.29,12.6,0.34,-0.67,-0.7,-0.78,0.01,3.97,13.23,60.4,60.41,43.5,34.76,33.55,31.31,31.16,0,1,0,0,0,1,0,1,1,1,0,0,0,0,0,0,1,1,1,0,0,1,1,0
579,1373.915,1428.89,1524.52,1562.97,1329.2625,1193.155,1201.26,1139.2675,989.5450000000001,719.7425000000001,423.59499999999997,322.6275,421.0825,471.6225,653.98,793.7375,857.9525,903.0174999999999,1090.2275,1377.54,1599.585,1736.0275000000001,1668.5975,1275.375,4.0,4.0,4.0,4.0,9.8,4.0,16.04,43.93,39.29,12.6,0.34,-0.67,-0.7,-0.78,0.01,3.97,13.23,60.4,60.41,43.5,34.76,33.55,31.31,31.16,1,1,0,0,0,1,0,0,1,0,1,0,0,0,0,1,1,1,0,0,1,0,1,1
580,1373.915,1428.89,1524.52,1562.97,1329.2625,1193.155,1201.26,1139.2675,989.5450000000001,719.7425000000001,423.59499999999997,322.6275,421.0825,471.6225,653.98,793.7375,857.9525,903.0174999999999,1090.2275,1377.54,1599.585,1736.0275000000001,1668.5975,1275.375,30.3,29.53,35.47,39.26,47.4,65.97,93.16,139.44,108.51,78.7,50.47,4.02,0.08,0.02,13.16,63.61,99.2,129.7,165.36,149.11,125.64,106.63,101.47,91.11,0,0,0,1,1,0,1,0,1,1,0,0,1,1,1,1,1,1,0,0,1,0,0,1
581,1373.915,1428.89,1524.52,1562.97,1329.2625,1193.155,1201.26,1139.2675,989.5450000000001,719.7425000000001,423.59499999999997,322.6275,421.0825,471.6225,653.98,793.7375,857.9525,903.0174999999999,1090.2275,1377.54,1599.585,1736.0275000000001,1668.5975,1275.375,30.3,29.53,35.47,39.26,47.4,65.97,93.16,139.44,108.51,78.7,50.47,4.02,0.08,0.02,13.16,63.61,99.2,129.7,165.36,149.11,125.64,106.63,101.47,91.11,1,1,0,1,1,0,0,0,0,0,1,1,1,0,0,0,0,1,0,0,1,1,0,0
582,1373.915,1428.89,1524.52,1562.97,1329.2625,1193.155,1201.26,1139.2675,989.5450000000001,719.7425000000001,423.59499999999997,322.6275,421.0825,471.6225,653.98,793.7375,857.9525,903.0174999999999,1090.2275,1377.54,1599.585,1736.0275000000001,1668.5975,1275.375,30.3,29.53,35.47,39.26,47.4,65.97,93.16,139.44,108.51,78.7,50.47,4.02,0.08,0.02,13.16,63.61,99.2,129.7,165.36,149.11,125.64,106.63,101.47,91.11,0,1,0,0,0,1,0,1,1,1,0,0,0,0,0,0,1,1,1,0,0,1,1,0
583,1373.915,1428.89,1524.52,1562.97,1329.2625,1193.155,1201.26,1139.2675,989.5450000000001,719.7425000000001,423.59499999999997,322.6275,421.0825,471.6225,653.98,793.7375,857.9525,903.0174999999999,1090.2275,1377.54,1599.585,1736.0275000000001,1668.5975,1275.375,30.3,29.53,35.47,39.26,47.4,65.97,93.16,139.44,108.51,78.7,50.47,4.02,0.08,0.02,13.16,63.61,99.2,129.7,165.36,149.11,125.64,106.63,101.47,91.11,1,1,0,0,0,1,0,0,1,0,1,0,0,0,0,1,1,1,0,0,1,0,1,1
584,1373.915,1428.89,1524.52,1562.97,1329.2625,1193.155,1201.26,1139.2675,989.5450000000001,719.7425000000001,423.59499999999997,322.6275,421.0825,471.6225,653.98,793.7375,857.9525,903.0174999999999,1090.2275,1377.54,1599.585,1736.0275000000001,1668.5975,1275.375,90.27,90.27,91.38,91.69,98.13,115.16,135.67,147.7,122.23,83.0,65.3,31.51,13.08,8.08,37.05,90.15,126.99,149.92,216.65,178.68,148.7,132.4,119.11,111.83,0,0,0,1,1,0,1,0,1,1,0,0,1,1,1,1,1,1,0,0,1,0,0,1
585,1373.915,1428.89,1524.52,1562.97,1329.2625,1193.155,1201.26,1139.2675,989.5450000000001,719.7425000000001,423.59499999999997,322.6275,421.0825,471.6225,653.98,793.7375,857.9525,903.0174999999999,1090.2275,1377.54,1599.585,1736.0275000000001,1668.5975,1275.375,90.27,90.27,91.38,91.69,98.13,115.16,135.67,147.7,122.23,83.0,65.3,31.51,13.08,8.08,37.05,90.15,126.99,149.92,216.65,178.68,148.7,132.4,119.11,111.83,1,1,0,1,1,0,0,0,0,0,1,1,1,0,0,0,0,1,0,0,1,1,0,0
586,1373.915,1428.89,1524.52,1562.97,1329.2625,1193.155,1201.26,1139.2675,989.5450000000001,719.7425000000001,423.59499999999997,322.6275,421.0825,471.6225,653.98,793.7375,857.9525,903.0174999999999,1090.2275,1377.54,1599.585,1736.0275000000001,1668.5975,1275.375,90.27,90.27,91.38,91.69,98.13,115.16,135.67,147.7,122.23,83.0,65.3,31.51,13.08,8.08,37.05,90.15,126.99,149.92,216.65,178.68,148.7,132.4,119.11,111.83,0,1,0,0,0,1,0,1,1,1,0,0,0,0,0,0,1,1,1,0,0,1,1,0
587,1373.915,1428.89,1524.52,1562.97,1329.2625,1193.155,1201.26,1139.2675,989.5450000000001,719.7425000000001,423.59499999999997,322.6275,421.0825,471.6225,653.98,793.7375,857.9525,903.0174999999999,1090.2275,1377.54,1599.585,1736.0275000000001,1668.5975,1275.375,90.27,90.27,91.38,91.69,98.13,115.16,135.67,147.7,122.23,83.0,65.3,31.51,13.08,8.08,37.05,90.15,126.99,149.92,216.65,178.68,148.7,132.4,119.11,111.83,1,1,0,0,0,1,0,0,1,0,1,0,0,0,0,1,1,1,0,0,1,0,1,1
588,1373.915,1428.89,1524.52,1562.97,1329.2625,1193.155,1201.26,1139.2675,989.5450000000001,719.7425000000001,423.59499999999997,322.6275,421.0825,471.6225,653.98,793.7375,857.9525,903.0174999999999,1090.2275,1377.54,1599.585,1736.0275000000001,1668.5975,1275.375,124.97,113.94,117.22,116.76,118.42,121.3,127.82,120.6,98.05,72.54,18.05,2.07,-0.33,-0.1,2.76,53.53,100.87,145.58,174.04,140.03,111.21,100.01,99.24,97.9,0,0,0,1,1,0,1,0,1,1,0,0,1,1,1,1,1,1,0,0,1,0,0,1
589,1373.915,1428.89,1524.52,1562.97,1329.2625,1193.155,1201.26,1139.2675,989.5450000000001,719.7425000000001,423.59499999999997,322.6275,421.0825,471.6225,653.98,793.7375,857.9525,903.0174999999999,1090.2275,1377.54,1599.585,1736.0275000000001,1668.5975,1275.375,124.97,113.94,117.22,116.76,118.42,121.3,127.82,120.6,98.05,72.54,18.05,2.07,-0.33,-0.1,2.76,53.53,100.87,145.58,174.04,140.03,111.21,100.01,99.24,97.9,1,1,0,1,1,0,0,0,0,0,1,1,1,0,0,0,0,1,0,0,1,1,0,0
590,1373.915,1428.89,1524.52,1562.97,1329.2625,1193.155,1201.26,1139.2675,989.5450000000001,719.7425000000001,423.59499999999997,322.6275,421.0825,471.6225,653.98,793.7375,857.9525,903.0174999999999,1090.2275,1377.54,1599.585,1736.0275000000001,1668.5975,1275.375,124.97,113.94,117.22,116.76,118.42,121.3,127.82,120.6,98.05,72.54,18.05,2.07,-0.33,-0.1,2.76,53.53,100.87,145.58,174.04,140.03,111.21,100.01,99.24,97.9,0,1,0,0,0,1,0,1,1,1,0,0,0,0,0,0,1,1,1,0,0,1,1,0
591,1373.915,1428.89,1524.52,1562.97,1329.2625,1193.155,1201.26,1139.2675,989.5450000000001,719.7425000000001,423.59499999999997,322.6275,421.0825,471.6225,653.98,793.7375,857.9525,903.0174999999999,1090.2275,1377.54,1599.585,1736.0275000000001,1668.5975,1275.375,124.97,113.94,117.22,116.76,118.42,121.3,127.82,120.6,98.05,72.54,18.05,2.07,-0.33,-0.1,2.76,53.53,100.87,145.58,174.04,140.03,111.21,100.01,99.24,97.9,1,1,0,0,0,1,0,0,1,0,1,0,0,0,0,1,1,1,0,0,1,0,1,1
592,1373.915,1428.89,1524.52,1562.97,1329.2625,1193.155,1201.26,1139.2675,989.5450000000001,719.7425000000001,423.59499999999997,322.6275,421.0825,471.6225,653.98,793.7375,857.9525,903.0174999999999,1090.2275,1377.54,1599.585,1736.0275000000001,1668.5975,1275.375,95.19,94.81,94.44,96.51,98.67,101.51,100.0,93.0,59.02,24.41,21.32,3.95,1.29,3.95,11.03,28.01,68.99,107.86,134.15,132.71,114.54,107.87,104.56,103.64,0,0,0,1,1,0,1,0,1,1,0,0,1,1,1,1,1,1,0,0,1,0,0,1
593,1373.915,1428.89,1524.52,1562.97,1329.2625,1193.155,1201.26,1139.2675,989.5450000000001,719.7425000000001,423.59499999999997,322.6275,421.0825,471.6225,653.98,793.7375,857.9525,903.0174999999999,1090.2275,1377.54,1599.585,1736.0275000000001,1668.5975,1275.375,95.19,94.81,94.44,96.51,98.67,101.51,100.0,93.0,59.02,24.41,21.32,3.95,1.29,3.95,11.03,28.01,68.99,107.86,134.15,132.71,114.54,107.87,104.56,103.64,1,1,0,1,1,0,0,0,0,0,1,1,1,0,0,0,0,1,0,0,1,1,0,0
594,1373.915,1428.89,1524.52,1562.97,1329.2625,1193.155,1201.26,1139.2675,989.5450000000001,719.7425000000001,423.59499999999997,322.6275,421.0825,471.6225,653.98,793.7375,857.9525,903.0174999999999,1090.2275,1377.54,1599.585,1736.0275000000001,1668.5975,1275.375,95.19,94.81,94.44,96.51,98.67,101.51,100.0,93.0,59.02,24.41,21.32,3.95,1.29,3.95,11.03,28.01,68.99,107.86,134.15,132.71,114.54,107.87,104.56,103.64,0,1,0,0,0,1,0,1,1,1,0,0,0,0,0,0,1,1,1,0,0,1,1,0
595,1373.915,1428.89,1524.52,1562.97,1329.2625,1193.155,1201.26,1139.2675,989.5450000000001,719.7425000000001,423.59499999999997,322.6275,421.0825,471.6225,653.98,793.7375,857.9525,903.0174999999999,1090.2275,1377.54,1599.585,1736.0275000000001,1668.5975,1275.375,95.19,94.81,94.44,96.51,98.67,101.51,100.0,93.0,59.02,24.41,21.32,3.95,1.29,3.95,11.03,28.01,68.99,107.86,134.15,132.71,114.54,107.87,104.56,103.64,1,1,0,0,0,1,0,0,1,0,1,0,0,0,0,1,1,1,0,0,1,0,1,1
596,1373.915,1428.89,1524.52,1562.97,1329.2625,1193.155,1201.26,1139.2675,989.5450000000001,719.7425000000001,423.59499999999997,322.6275,421.0825,471.6225,653.98,793.7375,857.9525,903.0174999999999,1090.2275,1377.54,1599.585,1736.0275000000001,1668.5975,1275.375,95.84,94.92,96.7,96.86,89.98,101.13,148.63,159.87,134.08,98.92,84.44,77.92,76.06,77.36,83.96,97.54,127.59,148.1,175.06,160.4,142.28,126.68,106.87,97.93,0,0,0,1,1,0,1,0,1,1,0,0,1,1,1,1,1,1,0,0,1,0,0,1
597,1373.915,1428.89,1524.52,1562.97,1329.2625,1193.155,1201.26,1139.2675,989.5450000000001,719.7425000000001,423.59499999999997,322.6275,421.0825,471.6225,653.98,793.7375,857.9525,903.0174999999999,1090.2275,1377.54,1599.585,1736.0275000000001,1668.5975,1275.375,95.84,94.92,96.7,96.86,89.98,101.13,148.63,159.87,134.08,98.92,84.44,77.92,76.06,77.36,83.96,97.54,127.59,148.1,175.06,160.4,142.28,126.68,106.87,97.93,1,1,0,1,1,0,0,0,0,0,1,1,1,0,0,0,0,1,0,0,1,1,0,0
598,1373.915,1428.89,1524.52,1562.97,1329.2625,1193.155,1201.26,1139.2675,989.5450000000001,719.7425000000001,423.59499999999997,322.6275,421.0825,471.6225,653.98,793.7375,857.9525,903.0174999999999,1090.2275,1377.54,1599.585,1736.0275000000001,1668.5975,1275.375,95.84,94.92,96.7,96.86,89.98,101.13,148.63,159.87,134.08,98.92,84.44,77.92,76.06,77.36,83.96,97.54,127.59,148.1,175.06,160.4,142.28,126.68,106.87,97.93,0,1,0,0,0,1,0,1,1,1,0,0,0,0,0,0,1,1,1,0,0,1,1,0
599,1373.915,1428.89,1524.52,1562.97,1329.2625,1193.155,1201.26,1139.2675,989.5450000000001,719.7425000000001,423.59499999999997,322.6275,421.0825,471.6225,653.98,793.7375,857.9525,903.0174999999999,1090.2275,1377.54,1599.585,1736.0275000000001,1668.5975,1275.375,95.84,94.92,96.7,96.86,89.98,101.13,148.63,159.87,134.08,98.92,84.44,77.92,76.06,77.36,83.96,97.54,127.59,148.1,175.06,160.4,142.28,126.68,106.87,97.93,1,1,0,0,0,1,0,0,1,0,1,0,0,0,0,1,1,1,0,0,1,0,1,1
600,1373.915,1428.89,1524.52,1562.97,1329.2625,1193.155,1201.26,1139.2675,989.5450000000001,719.7425000000001,423.59499999999997,322.6275,421.0825,471.6225,653.98,793.7375,857.9525,903.0174999999999,1090.2275,1377.54,1599.585,1736.0275000000001,1668.5975,1275.375,104.39,101.79,99.72,100.48,102.51,110.88,148.14,153.09,146.54,128.53,102.0,97.48,96.45,98.39,102.35,112.84,132.9,172.03,205.15,181.06,149.49,133.05,121.27,107.36,0,0,0,1,1,0,1,0,1,1,0,0,1,1,1,1,1,1,0,0,1,0,0,1
601,1373.915,1428.89,1524.52,1562.97,1329.2625,1193.155,1201.26,1139.2675,989.5450000000001,719.7425000000001,423.59499999999997,322.6275,421.0825,471.6225,653.98,793.7375,857.9525,903.0174999999999,1090.2275,1377.54,1599.585,1736.0275000000001,1668.5975,1275.375,104.39,101.79,99.72,100.48,102.51,110.88,148.14,153.09,146.54,128.53,102.0,97.48,96.45,98.39,102.35,112.84,132.9,172.03,205.15,181.06,149.49,133.05,121.27,107.36,1,1,0,1,1,0,0,0,0,0,1,1,1,0,0,0,0,1,0,0,1,1,0,0
602,1373.915,1428.89,1524.52,1562.97,1329.2625,1193.155,1201.26,1139.2675,989.5450000000001,719.7425000000001,423.59499999999997,322.6275,421.0825,471.6225,653.98,793.7375,857.9525,903.0174999999999,1090.2275,1377.54,1599.585,1736.0275000000001,1668.5975,1275.375,104.39,101.79,99.72,100.48,102.51,110.88,148.14,153.09,146.54,128.53,102.0,97.48,96.45,98.39,102.35,112.84,132.9,172.03,205.15,181.06,149.49,133.05,121.27,107.36,0,1,0,0,0,1,0,1,1,1,0,0,0,0,0,0,1,1,1,0,0,1,1,0
603,1373.915,1428.89,1524.52,1562.97,1329.2625,1193.155,1201.26,1139.2675,989.5450000000001,719.7425000000001,423.59499999999997,322.6275,421.0825,471.6225,653.98,793.7375,857.9525,903.0174999999999,1090.2275,1377.54,1599.585,1736.0275000000001,1668.5975,1275.375,104.39,101.79,99.72,100.48,102.51,110.88,148.14,153.09,146.54,128.53,102.0,97.48,96.45,98.39,102.35,112.84,132.9,172.03,205.15,181.06,149.49,133.05,121.27,107.36,1,1,0,0,0,1,0,0,1,0,1,0,0,0,0,1,1,1,0,0,1,0,1,1
604,1373.915,1428.89,1524.52,1562.97,1329.2625,1193.155,1201.26,1139.2675,989.5450000000001,719.7425000000001,423.59499999999997,322.6275,421.0825,471.6225,653.98,793.7375,857.9525,903.0174999999999,1090.2275,1377.54,1599.585,1736.0275000000001,1668.5975,1275.375,101.74,100.11,97.82,97.43,101.85,110.37,144.57,161.75,148.49,125.02,102.64,99.73,98.11,99.95,101.69,117.81,140.35,159.04,199.9,179.58,148.09,132.26,120.02,109.91,0,0,0,1,1,0,1,0,1,1,0,0,1,1,1,1,1,1,0,0,1,0,0,1
605,1373.915,1428.89,1524.52,1562.97,1329.2625,1193.155,1201.26,1139.2675,989.5450000000001,719.7425000000001,423.59499999999997,322.6275,421.0825,471.6225,653.98,793.7375,857.9525,903.0174999999999,1090.2275,1377.54,1599.585,1736.0275000000001,1668.5975,1275.375,101.74,100.11,97.82,97.43,101.85,110.37,144.57,161.75,148.49,125.02,102.64,99.73,98.11,99.95,101.69,117.81,140.35,159.04,199.9,179.58,148.09,132.26,120.02,109.91,1,1,0,1,1,0,0,0,0,0,1,1,1,0,0,0,0,1,0,0,1,1,0,0
606,1373.915,1428.89,1524.52,1562.97,1329.2625,1193.155,1201.26,1139.2675,989.5450000000001,719.7425000000001,423.59499999999997,322.6275,421.0825,471.6225,653.98,793.7375,857.9525,903.0174999999999,1090.2275,1377.54,1599.585,1736.0275000000001,1668.5975,1275.375,101.74,100.11,97.82,97.43,101.85,110.37,144.57,161.75,148.49,125.02,102.64,99.73,98.11,99.95,101.69,117.81,140.35,159.04,199.9,179.58,148.09,132.26,120.02,109.91,0,1,0,0,0,1,0,1,1,1,0,0,0,0,0,0,1,1,1,0,0,1,1,0
607,1373.915,1428.89,1524.52,1562.97,1329.2625,1193.155,1201.26,1139.2675,989.5450000000001,719.7425000000001,423.59499999999997,322.6275,421.0825,471.6225,653.98,793.7375,857.9525,903.0174999999999,1090.2275,1377.54,1599.585,1736.0275000000001,1668.5975,1275.375,101.74,100.11,97.82,97.43,101.85,110.37,144.57,161.75,148.49,125.02,102.64,99.73,98.11,99.95,101.69,117.81,140.35,159.04,199.9,179.58,148.09,132.26,120.02,109.91,1,1,0,0,0,1,0,0,1,0,1,0,0,0,0,1,1,1,0,0,1,0,1,1
608,1373.915,1428.89,1524.52,1562.97,1329.2625,1193.155,1201.26,1139.2675,989.5450000000001,719.7425000000001,423.59499999999997,322.6275,421.0825,471.6225,653.98,793.7375,857.9525,903.0174999999999,1090.2275,1377.54,1599.585,1736.0275000000001,1668.5975,1275.375,108.49,102.22,98.96,96.69,98.33,105.87,132.7,160.74,160.99,154.8,123.84,110.75,110.08,108.28,107.6,110.02,121.56,142.95,166.09,173.42,148.99,135.69,123.41,111.53,0,0,0,1,1,0,1,0,1,1,0,0,1,1,1,1,1,1,0,0,1,0,0,1
609,1373.915,1428.89,1524.52,1562.97,1329.2625,1193.155,1201.26,1139.2675,989.5450000000001,719.7425000000001,423.59499999999997,322.6275,421.0825,471.6225,653.98,793.7375,857.9525,903.0174999999999,1090.2275,1377.54,1599.585,1736.0275000000001,1668.5975,1275.375,108.49,102.22,98.96,96.69,98.33,105.87,132.7,160.74,160.99,154.8,123.84,110.75,110.08,108.28,107.6,110.02,121.56,142.95,166.09,173.42,148.99,135.69,123.41,111.53,1,1,0,1,1,0,0,0,0,0,1,1,1,0,0,0,0,1,0,0,1,1,0,0
610,1373.915,1428.89,1524.52,1562.97,1329.2625,1193.155,1201.26,1139.2675,989.5450000000001,719.7425000000001,423.59499999999997,322.6275,421.0825,471.6225,653.98,793.7375,857.9525,903.0174999999999,1090.2275,1377.54,1599.585,1736.0275000000001,1668.5975,1275.375,108.49,102.22,98.96,96.69,98.33,105.87,132.7,160.74,160.99,154.8,123.84,110.75,110.08,108.28,107.6,110.02,121.56,142.95,166.09,173.42,148.99,135.69,123.41,111.53,0,1,0,0,0,1,0,1,1,1,0,0,0,0,0,0,1,1,1,0,0,1,1,0
611,1373.915,1428.89,1524.52,1562.97,1329.2625,1193.155,1201.26,1139.2675,989.5450000000001,719.7425000000001,423.59499999999997,322.6275,421.0825,471.6225,653.98,793.7375,857.9525,903.0174999999999,1090.2275,1377.54,1599.585,1736.0275000000001,1668.5975,1275.375,108.49,102.22,98.96,96.69,98.33,105.87,132.7,160.74,160.99,154.8,123.84,110.75,110.08,108.28,107.6,110.02,121.56,142.95,166.09,173.42,148.99,135.69,123.41,111.53,1,1,0,0,0,1,0,0,1,0,1,0,0,0,0,1,1,1,0,0,1,0,1,1
612,1373.915,1428.89,1524.52,1562.97,1329.2625,1193.155,1201.26,1139.2675,989.5450000000001,719.7425000000001,423.59499999999997,322.6275,421.0825,471.6225,653.98,793.7375,857.9525,903.0174999999999,1090.2275,1377.54,1599.585,1736.0275000000001,1668.5975,1275.375,109.19,106.08,105.97,103.89,105.37,114.08,143.05,155.29,155.08,132.11,112.01,106.37,104.49,104.58,105.38,109.42,124.93,146.56,155.47,151.02,130.1,111.46,114.0,105.15,0,0,0,1,1,0,1,0,1,1,0,0,1,1,1,1,1,1,0,0,1,0,0,1
613,1373.915,1428.89,1524.52,1562.97,1329.2625,1193.155,1201.26,1139.2675,989.5450000000001,719.7425000000001,423.59499999999997,322.6275,421.0825,471.6225,653.98,793.7375,857.9525,903.0174999999999,1090.2275,1377.54,1599.585,1736.0275000000001,1668.5975,1275.375,109.19,106.08,105.97,103.89,105.37,114.08,143.05,155.29,155.08,132.11,112.01,106.37,104.49,104.58,105.38,109.42,124.93,146.56,155.47,151.02,130.1,111.46,114.0,105.15,1,1,0,1,1,0,0,0,0,0,1,1,1,0,0,0,0,1,0,0,1,1,0,0
614,1373.915,1428.89,1524.52,1562.97,1329.2625,1193.155,1201.26,1139.2675,989.5450000000001,719.7425000000001,423.59499999999997,322.6275,421.0825,471.6225,653.98,793.7375,857.9525,903.0174999999999,1090.2275,1377.54,1599.585,1736.0275000000001,1668.5975,1275.375,109.19,106.08,105.97,103.89,105.37,114.08,143.05,155.29,155.08,132.11,112.01,106.37,104.49,104.58,105.38,109.42,124.93,146.56,155.47,151.02,130.1,111.46,114.0,105.15,0,1,0,0,0,1,0,1,1,1,0,0,0,0,0,0,1,1,1,0,0,1,1,0
615,1373.915,1428.89,1524.52,1562.97,1329.2625,1193.155,1201.26,1139.2675,989.5450000000001,719.7425000000001,423.59499999999997,322.6275,421.0825,471.6225,653.98,793.7375,857.9525,903.0174999999999,1090.2275,1377.54,1599.585,1736.0275000000001,1668.5975,1275.375,109.19,106.08,105.97,103.89,105.37,114.08,143.05,155.29,155.08,132.11,112.01,106.37,104.49,104.58,105.38,109.42,124.93,146.56,155.47,151.02,130.1,111.46,114.0,105.15,1,1,0,0,0,1,0,0,1,0,1,0,0,0,0,1,1,1,0,0,1,0,1,1
616,1373.915,1428.89,1524.52,1562.97,1329.2625,1193.155,1201.26,1139.2675,989.5450000000001,719.7425000000001,423.59499999999997,322.6275,421.0825,471.6225,653.98,793.7375,857.9525,903.0174999999999,1090.2275,1377.54,1599.585,1736.0275000000001,1668.5975,1275.375,112.16,103.15,96.0,89.89,86.89,90.55,97.0,99.38,98.73,86.36,72.35,67.12,57.28,47.96,54.46,70.76,84.2,121.87,130.26,132.91,121.41,108.46,104.98,95.21,0,0,0,1,1,0,1,0,1,1,0,0,1,1,1,1,1,1,0,0,1,0,0,1
617,1373.915,1428.89,1524.52,1562.97,1329.2625,1193.155,1201.26,1139.2675,989.5450000000001,719.7425000000001,423.59499999999997,322.6275,421.0825,471.6225,653.98,793.7375,857.9525,903.0174999999999,1090.2275,1377.54,1599.585,1736.0275000000001,1668.5975,1275.375,112.16,103.15,96.0,89.89,86.89,90.55,97.0,99.38,98.73,86.36,72.35,67.12,57.28,47.96,54.46,70.76,84.2,121.87,130.26,132.91,121.41,108.46,104.98,95.21,1,1,0,1,1,0,0,0,0,0,1,1,1,0,0,0,0,1,0,0,1,1,0,0
618,1373.915,1428.89,1524.52,1562.97,1329.2625,1193.155,1201.26,1139.2675,989.5450000000001,719.7425000000001,423.59499999999997,322.6275,421.0825,471.6225,653.98,793.7375,857.9525,903.0174999999999,1090.2275,1377.54,1599.585,1736.0275000000001,1668.5975,1275.375,112.16,103.15,96.0,89.89,86.89,90.55,97.0,99.38,98.73,86.36,72.35,67.12,57.28,47.96,54.46,70.76,84.2,121.87,130.26,132.91,121.41,108.46,104.98,95.21,0,1,0,0,0,1,0,1,1,1,0,0,0,0,0,0,1,1,1,0,0,1,1,0
619,1373.915,1428.89,1524.52,1562.97,1329.2625,1193.155,1201.26,1139.2675,989.5450000000001,719.7425000000001,423.59499999999997,322.6275,421.0825,471.6225,653.98,793.7375,857.9525,903.0174999999999,1090.2275,1377.54,1599.585,1736.0275000000001,1668.5975,1275.375,112.16,103.15,96.0,89.89,86.89,90.55,97.0,99.38,98.73,86.36,72.35,67.12,57.28,47.96,54.46,70.76,84.2,121.87,130.26,132.91,121.41,108.46,104.98,95.21,1,1,0,0,0,1,0,0,1,0,1,0,0,0,0,1,1,1,0,0,1,0,1,1
620,1373.915,1428.89,1524.52,1562.97,1329.2625,1193.155,1201.26,1139.2675,989.5450000000001,719.7425000000001,423.59499999999997,322.6275,421.0825,471.6225,653.98,793.7375,857.9525,903.0174999999999,1090.2275,1377.54,1599.585,1736.0275000000001,1668.5975,1275.375,89.97,85.75,79.57,78.15,78.55,29.41,30.14,30.7,30.5,28.73,24.06,2.9,1.01,0.19,2.67,30.81,59.97,94.68,83.61,45.54,31.49,31.1,30.69,30.44,0,0,0,1,1,0,1,0,1,1,0,0,1,1,1,1,1,1,0,0,1,0,0,1
621,1373.915,1428.89,1524.52,1562.97,1329.2625,1193.155,1201.26,1139.2675,989.5450000000001,719.7425000000001,423.59499999999997,322.6275,421.0825,471.6225,653.98,793.7375,857.9525,903.0174999999999,1090.2275,1377.54,1599.585,1736.0275000000001,1668.5975,1275.375,89.97,85.75,79.57,78.15,78.55,29.41,30.14,30.7,30.5,28.73,24.06,2.9,1.01,0.19,2.67,30.81,59.97,94.68,83.61,45.54,31.49,31.1,30.69,30.44,1,1,0,1,1,0,0,0,0,0,1,1,1,0,0,0,0,1,0,0,1,1,0,0
622,1373.915,1428.89,1524.52,1562.97,1329.2625,1193.155,1201.26,1139.2675,989.5450000000001,719.7425000000001,423.59499999999997,322.6275,421.0825,471.6225,653.98,793.7375,857.9525,903.0174999999999,1090.2275,1377.54,1599.585,1736.0275000000001,1668.5975,1275.375,89.97,85.75,79.57,78.15,78.55,29.41,30.14,30.7,30.5,28.73,24.06,2.9,1.01,0.19,2.67,30.81,59.97,94.68,83.61,45.54,31.49,31.1,30.69,30.44,0,1,0,0,0,1,0,1,1,1,0,0,0,0,0,0,1,1,1,0,0,1,1,0
623,1373.915,1428.89,1524.52,1562.97,1329.2625,1193.155,1201.26,1139.2675,989.5450000000001,719.7425000000001,423.59499999999997,322.6275,421.0825,471.6225,653.98,793.7375,857.9525,903.0174999999999,1090.2275,1377.54,1599.585,1736.0275000000001,1668.5975,1275.375,89.97,85.75,79.57,78.15,78.55,29.41,30.14,30.7,30.5,28.73,24.06,2.9,1.01,0.19,2.67,30.81,59.97,94.68,83.61,45.54,31.49,31.1,30.69,30.44,1,1,0,0,0,1,0,0,1,0,1,0,0,0,0,1,1,1,0,0,1,0,1,1
624,1373.915,1428.89,1524.52,1562.97,1329.2625,1193.155,1201.26,1139.2675,989.5450000000001,719.7425000000001,423.59499999999997,322.6275,421.0825,471.6225,653.98,793.7375,857.9525,903.0174999999999,1090.2275,1377.54,1599.585,1736.0275000000001,1668.5975,1275.375,30.66,40.11,77.6,80.9,85.84,103.33,135.26,152.96,135.32,100.77,68.2,50.53,31.14,27.92,50.12,70.02,98.59,143.14,177.42,170.09,141.58,113.55,106.46,93.49,0,0,0,1,1,0,1,0,1,1,0,0,1,1,1,1,1,1,0,0,1,0,0,1
625,1373.915,1428.89,1524.52,1562.97,1329.2625,1193.155,1201.26,1139.2675,989.5450000000001,719.7425000000001,423.59499999999997,322.6275,421.0825,471.6225,653.98,793.7375,857.9525,903.0174999999999,1090.2275,1377.54,1599.585,1736.0275000000001,1668.5975,1275.375,30.66,40.11,77.6,80.9,85.84,103.33,135.26,152.96,135.32,100.77,68.2,50.53,31.14,27.92,50.12,70.02,98.59,143.14,177.42,170.09,141.58,113.55,106.46,93.49,1,1,0,1,1,0,0,0,0,0,1,1,1,0,0,0,0,1,0,0,1,1,0,0
626,1373.915,1428.89,1524.52,1562.97,1329.2625,1193.155,1201.26,1139.2675,989.5450000000001,719.7425000000001,423.59499999999997,322.6275,421.0825,471.6225,653.98,793.7375,857.9525,903.0174999999999,1090.2275,1377.54,1599.585,1736.0275000000001,1668.5975,1275.375,30.66,40.11,77.6,80.9,85.84,103.33,135.26,152.96,135.32,100.77,68.2,50.53,31.14,27.92,50.12,70.02,98.59,143.14,177.42,170.09,141.58,113.55,106.46,93.49,0,1,0,0,0,1,0,1,1,1,0,0,0,0,0,0,1,1,1,0,0,1,1,0
627,1373.915,1428.89,1524.52,1562.97,1329.2625,1193.155,1201.26,1139.2675,989.5450000000001,719.7425000000001,423.59499999999997,322.6275,421.0825,471.6225,653.98,793.7375,857.9525,903.0174999999999,1090.2275,1377.54,1599.585,1736.0275000000001,1668.5975,1275.375,30.66,40.11,77.6,80.9,85.84,103.33,135.26,152.96,135.32,100.77,68.2,50.53,31.14,27.92,50.12,70.02,98.59,143.14,177.42,170.09,141.58,113.55,106.46,93.49,1,1,0,0,0,1,0,0,1,0,1,0,0,0,0,1,1,1,0,0,1,0,1,1
628,1373.915,1428.89,1524.52,1562.97,1329.2625,1193.155,1201.26,1139.2675,989.5450000000001,719.7425000000001,423.59499999999997,322.6275,421.0825,471.6225,653.98,793.7375,857.9525,903.0174999999999,1090.2275,1377.54,1599.585,1736.0275000000001,1668.5975,1275.375,92.18,89.96,89.71,67.1,69.44,102.28,128.02,136.73,106.56,68.46,27.24,1.79,-0.2,-0.28,17.36,38.6,96.03,141.1,171.17,167.77,142.51,117.77,107.46,100.5,0,0,0,1,1,0,1,0,1,1,0,0,1,1,1,1,1,1,0,0,1,0,0,1
629,1373.915,1428.89,1524.52,1562.97,1329.2625,1193.155,1201.26,1139.2675,989.5450000000001,719.7425000000001,423.59499999999997,322.6275,421.0825,471.6225,653.98,793.7375,857.9525,903.0174999999999,1090.2275,1377.54,1599.585,1736.0275000000001,1668.5975,1275.375,92.18,89.96,89.71,67.1,69.44,102.28,128.02,136.73,106.56,68.46,27.24,1.79,-0.2,-0.28,17.36,38.6,96.03,141.1,171.17,167.77,142.51,117.77,107.46,100.5,1,1,0,1,1,0,0,0,0,0,1,1,1,0,0,0,0,1,0,0,1,1,0,0
630,1373.915,1428.89,1524.52,1562.97,1329.2625,1193.155,1201.26,1139.2675,989.5450000000001,719.7425000000001,423.59499999999997,322.6275,421.0825,471.6225,653.98,793.7375,857.9525,903.0174999999999,1090.2275,1377.54,1599.585,1736.0275000000001,1668.5975,1275.375,92.18,89.96,89.71,67.1,69.44,102.28,128.02,136.73,106.56,68.46,27.24,1.79,-0.2,-0.28,17.36,38.6,96.03,141.1,171.17,167.77,142.51,117.77,107.46,100.5,0,1,0,0,0,1,0,1,1,1,0,0,0,0,0,0,1,1,1,0,0,1,1,0
631,1373.915,1428.89,1524.52,1562.97,1329.2625,1193.155,1201.26,1139.2675,989.5450000000001,719.7425000000001,423.59499999999997,322.6275,421.0825,471.6225,653.98,793.7375,857.9525,903.0174999999999,1090.2275,1377.54,1599.585,1736.0275000000001,1668.5975,1275.375,92.18,89.96,89.71,67.1,69.44,102.28,128.02,136.73,106.56,68.46,27.24,1.79,-0.2,-0.28,17.36,38.6,96.03,141.1,171.17,167.77,142.51,117.77,107.46,100.5,1,1,0,0,0,1,0,0,1,0,1,0,0,0,0,1,1,1,0,0,1,0,1,1
632,1373.915,1428.89,1524.52,1562.97,1329.2625,1193.155,1201.26,1139.2675,989.5450000000001,719.7425000000001,423.59499999999997,322.6275,421.0825,471.6225,653.98,793.7375,857.9525,903.0174999999999,1090.2275,1377.54,1599.585,1736.0275000000001,1668.5975,1275.375,204.12,101.46,97.67,98.58,101.74,110.71,153.27,140.98,99.91,76.08,38.9,6.7,3.13,3.41,30.98,62.63,120.26,154.93,279.34,251.99,163.48,136.61,124.83,117.5,0,0,0,1,1,0,1,0,1,1,0,0,1,1,1,1,1,1,0,0,1,0,0,1
633,1373.915,1428.89,1524.52,1562.97,1329.2625,1193.155,1201.26,1139.2675,989.5450000000001,719.7425000000001,423.59499999999997,322.6275,421.0825,471.6225,653.98,793.7375,857.9525,903.0174999999999,1090.2275,1377.54,1599.585,1736.0275000000001,1668.5975,1275.375,204.12,101.46,97.67,98.58,101.74,110.71,153.27,140.98,99.91,76.08,38.9,6.7,3.13,3.41,30.98,62.63,120.26,154.93,279.34,251.99,163.48,136.61,124.83,117.5,1,1,0,1,1,0,0,0,0,0,1,1,1,0,0,0,0,1,0,0,1,1,0,0
634,1373.915,1428.89,1524.52,1562.97,1329.2625,1193.155,1201.26,1139.2675,989.5450000000001,719.7425000000001,423.59499999999997,322.6275,421.0825,471.6225,653.98,793.7375,857.9525,903.0174999999999,1090.2275,1377.54,1599.585,1736.0275000000001,1668.5975,1275.375,204.12,101.46,97.67,98.58,101.74,110.71,153.27,140.98,99.91,76.08,38.9,6.7,3.13,3.41,30.98,62.63,120.26,154.93,279.34,251.99,163.48,136.61,124.83,117.5,0,1,0,0,0,1,0,1,1,1,0,0,0,0,0,0,1,1,1,0,0,1,1,0
635,1373.915,1428.89,1524.52,1562.97,1329.2625,1193.155,1201.26,1139.2675,989.5450000000001,719.7425000000001,423.59499999999997,322.6275,421.0825,471.6225,653.98,793.7375,857.9525,903.0174999999999,1090.2275,1377.54,1599.585,1736.0275000000001,1668.5975,1275.375,204.12,101.46,97.67,98.58,101.74,110.71,153.27,140.98,99.91,76.08,38.9,6.7,3.13,3.41,30.98,62.63,120.26,154.93,279.34,251.99,163.48,136.61,124.83,117.5,1,1,0,0,0,1,0,0,1,0,1,0,0,0,0,1,1,1,0,0,1,0,1,1
636,1373.915,1428.89,1524.52,1562.97,1329.2625,1193.155,1201.26,1139.2675,989.5450000000001,719.7425000000001,423.59499999999997,322.6275,421.0825,471.6225,653.98,793.7375,857.9525,903.0174999999999,1090.2275,1377.54,1599.585,1736.0275000000001,1668.5975,1275.375,107.45,102.55,101.34,102.15,106.74,122.73,158.29,147.93,108.19,73.39,28.86,3.96,-0.56,-0.16,27.42,40.28,109.8,147.64,248.27,220.53,176.9,138.38,124.58,111.27,0,0,0,1,1,0,1,0,1,1,0,0,1,1,1,1,1,1,0,0,1,0,0,1
637,1373.915,1428.89,1524.52,1562.97,1329.2625,1193.155,1201.26,1139.2675,989.5450000000001,719.7425000000001,423.59499999999997,322.6275,421.0825,471.6225,653.98,793.7375,857.9525,903.0174999999999,1090.2275,1377.54,1599.585,1736.0275000000001,1668.5975,1275.375,107.45,102.55,101.34,102.15,106.74,122.73,158.29,147.93,108.19,73.39,28.86,3.96,-0.56,-0.16,27.42,40.28,109.8,147.64,248.27,220.53,176.9,138.38,124.58,111.27,1,1,0,1,1,0,0,0,0,0,1,1,1,0,0,0,0,1,0,0,1,1,0,0
638,1373.915,1428.89,1524.52,1562.97,1329.2625,1193.155,1201.26,1139.2675,989.5450000000001,719.7425000000001,423.59499999999997,322.6275,421.0825,471.6225,653.98,793.7375,857.9525,903.0174999999999,1090.2275,1377.54,1599.585,1736.0275000000001,1668.5975,1275.375,107.45,102.55,101.34,102.15,106.74,122.73,158.29,147.93,108.19,73.39,28.86,3.96,-0.56,-0.16,27.42,40.28,109.8,147.64,248.27,220.53,176.9,138.38,124.58,111.27,0,1,0,0,0,1,0,1,1,1,0,0,0,0,0,0,1,1,1,0,0,1,1,0
639,1373.915,1428.89,1524.52,1562.97,1329.2625,1193.155,1201.26,1139.2675,989.5450000000001,719.7425000000001,423.59499999999997,322.6275,421.0825,471.6225,653.98,793.7375,857.9525,903.0174999999999,1090.2275,1377.54,1599.585,1736.0275000000001,1668.5975,1275.375,107.45,102.55,101.34,102.15,106.74,122.73,158.29,147.93,108.19,73.39,28.86,3.96,-0.56,-0.16,27.42,40.28,109.8,147.64,248.27,220.53,176.9,138.38,124.58,111.27,1,1,0,0,0,1,0,0,1,0,1,0,0,0,0,1,1,1,0,0,1,0,1,1
640,1075.9775,990.4875,992.3325,905.9275,823.745,756.0725,719.9875,743.775,720.6075,545.0025,358.5025,222.66750000000002,153.115,173.36,195.62,226.655,230.7025,278.185,435.1975,655.2725,852.49,906.5875,808.905,684.73,128.2,120.38,117.09,112.15,109.75,111.89,117.11,135.81,138.82,137.77,125.08,112.1,102.21,97.27,99.39,97.8,125.41,145.0,158.55,150.78,133.41,125.42,122.03,119.92,0,0,0,1,1,0,1,0,1,1,0,0,1,1,1,1,1,1,0,0,1,0,0,1
641,1075.9775,990.4875,992.3325,905.9275,823.745,756.0725,719.9875,743.775,720.6075,545.0025,358.5025,222.66750000000002,153.115,173.36,195.62,226.655,230.7025,278.185,435.1975,655.2725,852.49,906.5875,808.905,684.73,128.2,120.38,117.09,112.15,109.75,111.89,117.11,135.81,138.82,137.77,125.08,112.1,102.21,97.27,99.39,97.8,125.41,145.0,158.55,150.78,133.41,125.42,122.03,119.92,1,1,0,1,1,0,0,0,0,0,1,1,1,0,0,0,0,1,0,0,1,1,0,0
642,1075.9775,990.4875,992.3325,905.9275,823.745,756.0725,719.9875,743.775,720.6075,545.0025,358.5025,222.66750000000002,153.115,173.36,195.62,226.655,230.7025,278.185,435.1975,655.2725,852.49,906.5875,808.905,684.73,128.2,120.38,117.09,112.15,109.75,111.89,117.11,135.81,138.82,137.77,125.08,112.1,102.21,97.27,99.39,97.8,125.41,145.0,158.55,150.78,133.41,125.42,122.03,119.92,0,1,0,0,0,1,0,1,1,1,0,0,0,0,0,0,1,1,1,0,0,1,1,0
643,1075.9775,990.4875,992.3325,905.9275,823.745,756.0725,719.9875,743.775,720.6075,545.0025,358.5025,222.66750000000002,153.115,173.36,195.62,226.655,230.7025,278.185,435.1975,655.2725,852.49,906.5875,808.905,684.73,128.2,120.38,117.09,112.15,109.75,111.89,117.11,135.81,138.82,137.77,125.08,112.1,102.21,97.27,99.39,97.8,125.41,145.0,158.55,150.78,133.41,125.42,122.03,119.92,1,1,0,0,0,1,0,0,1,0,1,0,0,0,0,1,1,1,0,0,1,0,1,1
644,1075.9775,990.4875,992.3325,905.9275,823.745,756.0725,719.9875,743.775,720.6075,545.0025,358.5025,222.66750000000002,153.115,173.36,195.62,226.655,230.7025,278.185,435.1975,655.2725,852.49,906.5875,808.905,684.73,102.61,57.86,30.22,21.37,19.06,19.05,43.56,90.69,103.11,89.0,33.71,11.22,7.4,3.14,2.85,19.0,54.16,99.69,136.58,117.23,80.9,61.1,35.12,25.41,0,0,0,1,1,0,1,0,1,1,0,0,1,1,1,1,1,1,0,0,1,0,0,1
645,1075.9775,990.4875,992.3325,905.9275,823.745,756.0725,719.9875,743.775,720.6075,545.0025,358.5025,222.66750000000002,153.115,173.36,195.62,226.655,230.7025,278.185,435.1975,655.2725,852.49,906.5875,808.905,684.73,102.61,57.86,30.22,21.37,19.06,19.05,43.56,90.69,103.11,89.0,33.71,11.22,7.4,3.14,2.85,19.0,54.16,99.69,136.58,117.23,80.9,61.1,35.12,25.41,1,1,0,1,1,0,0,0,0,0,1,1,1,0,0,0,0,1,0,0,1,1,0,0
646,1075.9775,990.4875,992.3325,905.9275,823.745,756.0725,719.9875,743.775,720.6075,545.0025,358.5025,222.66750000000002,153.115,173.36,195.62,226.655,230.7025,278.185,435.1975,655.2725,852.49,906.5875,808.905,684.73,102.61,57.86,30.22,21.37,19.06,19.05,43.56,90.69,103.11,89.0,33.71,11.22,7.4,3.14,2.85,19.0,54.16,99.69,136.58,117.23,80.9,61.1,35.12,25.41,0,1,0,0,0,1,0,1,1,1,0,0,0,0,0,0,1,1,1,0,0,1,1,0
647,1075.9775,990.4875,992.3325,905.9275,823.745,756.0725,719.9875,743.775,720.6075,545.0025,358.5025,222.66750000000002,153.115,173.36,195.62,226.655,230.7025,278.185,435.1975,655.2725,852.49,906.5875,808.905,684.73,102.61,57.86,30.22,21.37,19.06,19.05,43.56,90.69,103.11,89.0,33.71,11.22,7.4,3.14,2.85,19.0,54.16,99.69,136.58,117.23,80.9,61.1,35.12,25.41,1,1,0,0,0,1,0,0,1,0,1,0,0,0,0,1,1,1,0,0,1,0,1,1
648,1075.9775,990.4875,992.3325,905.9275,823.745,756.0725,719.9875,743.775,720.6075,545.0025,358.5025,222.66750000000002,153.115,173.36,195.62,226.655,230.7025,278.185,435.1975,655.2725,852.49,906.5875,808.905,684.73,28.31,27.04,25.8,20.11,14.94,20.11,41.81,58.7,70.1,44.59,20.1,4.29,2.43,1.67,10.81,34.89,70.65,129.19,163.66,102.7,88.19,79.94,69.01,40.3,0,0,0,1,1,0,1,0,1,1,0,0,1,1,1,1,1,1,0,0,1,0,0,1
649,1075.9775,990.4875,992.3325,905.9275,823.745,756.0725,719.9875,743.775,720.6075,545.0025,358.5025,222.66750000000002,153.115,173.36,195.62,226.655,230.7025,278.185,435.1975,655.2725,852.49,906.5875,808.905,684.73,28.31,27.04,25.8,20.11,14.94,20.11,41.81,58.7,70.1,44.59,20.1,4.29,2.43,1.67,10.81,34.89,70.65,129.19,163.66,102.7,88.19,79.94,69.01,40.3,1,1,0,1,1,0,0,0,0,0,1,1,1,0,0,0,0,1,0,0,1,1,0,0
650,1075.9775,990.4875,992.3325,905.9275,823.745,756.0725,719.9875,743.775,720.6075,545.0025,358.5025,222.66750000000002,153.115,173.36,195.62,226.655,230.7025,278.185,435.1975,655.2725,852.49,906.5875,808.905,684.73,28.31,27.04,25.8,20.11,14.94,20.11,41.81,58.7,70.1,44.59,20.1,4.29,2.43,1.67,10.81,34.89,70.65,129.19,163.66,102.7,88.19,79.94,69.01,40.3,0,1,0,0,0,1,0,1,1,1,0,0,0,0,0,0,1,1,1,0,0,1,1,0
651,1075.9775,990.4875,992.3325,905.9275,823.745,756.0725,719.9875,743.775,720.6075,545.0025,358.5025,222.66750000000002,153.115,173.36,195.62,226.655,230.7025,278.185,435.1975,655.2725,852.49,906.5875,808.905,684.73,28.31,27.04,25.8,20.11,14.94,20.11,41.81,58.7,70.1,44.59,20.1,4.29,2.43,1.67,10.81,34.89,70.65,129.19,163.66,102.7,88.19,79.94,69.01,40.3,1,1,0,0,0,1,0,0,1,0,1,0,0,0,0,1,1,1,0,0,1,0,1,1
652,1075.9775,990.4875,992.3325,905.9275,823.745,756.0725,719.9875,743.775,720.6075,545.0025,358.5025,222.66750000000002,153.115,173.36,195.62,226.655,230.7025,278.185,435.1975,655.2725,852.49,906.5875,808.905,684.73,65.55,54.39,32.29,20.11,20.1,42.51,52.96,65.9,62.85,61.23,25.3,13.26,4.0,4.04,10.11,30.07,32.66,74.91,64.54,42.3,29.85,25.33,25.52,20.1,0,0,0,1,1,0,1,0,1,1,0,0,1,1,1,1,1,1,0,0,1,0,0,1
653,1075.9775,990.4875,992.3325,905.9275,823.745,756.0725,719.9875,743.775,720.6075,545.0025,358.5025,222.66750000000002,153.115,173.36,195.62,226.655,230.7025,278.185,435.1975,655.2725,852.49,906.5875,808.905,684.73,65.55,54.39,32.29,20.11,20.1,42.51,52.96,65.9,62.85,61.23,25.3,13.26,4.0,4.04,10.11,30.07,32.66,74.91,64.54,42.3,29.85,25.33,25.52,20.1,1,1,0,1,1,0,0,0,0,0,1,1,1,0,0,0,0,1,0,0,1,1,0,0
654,1075.9775,990.4875,992.3325,905.9275,823.745,756.0725,719.9875,743.775,720.6075,545.0025,358.5025,222.66750000000002,153.115,173.36,195.62,226.655,230.7025,278.185,435.1975,655.2725,852.49,906.5875,808.905,684.73,65.55,54.39,32.29,20.11,20.1,42.51,52.96,65.9,62.85,61.23,25.3,13.26,4.0,4.04,10.11,30.07,32.66,74.91,64.54,42.3,29.85,25.33,25.52,20.1,0,1,0,0,0,1,0,1,1,1,0,0,0,0,0,0,1,1,1,0,0,1,1,0
655,1075.9775,990.4875,992.3325,905.9275,823.745,756.0725,719.9875,743.775,720.6075,545.0025,358.5025,222.66750000000002,153.115,173.36,195.62,226.655,230.7025,278.185,435.1975,655.2725,852.49,906.5875,808.905,684.73,65.55,54.39,32.29,20.11,20.1,42.51,52.96,65.9,62.85,61.23,25.3,13.26,4.0,4.04,10.11,30.07,32.66,74.91,64.54,42.3,29.85,25.33,25.52,20.1,1,1,0,0,0,1,0,0,1,0,1,0,0,0,0,1,1,1,0,0,1,0,1,1
656,1075.9775,990.4875,992.3325,905.9275,823.745,756.0725,719.9875,743.775,720.6075,545.0025,358.5025,222.66750000000002,153.115,173.36,195.62,226.655,230.7025,278.185,435.1975,655.2725,852.49,906.5875,808.905,684.73,4.0,4.0,4.0,4.0,9.8,4.0,16.04,43.93,39.29,12.6,0.34,-0.67,-0.7,-0.78,0.01,3.97,13.23,60.4,60.41,43.5,34.76,33.55,31.31,31.16,0,0,0,1,1,0,1,0,1,1,0,0,1,1,1,1,1,1,0,0,1,0,0,1
657,1075.9775,990.4875,992.3325,905.9275,823.745,756.0725,719.9875,743.775,720.6075,545.0025,358.5025,222.66750000000002,153.115,173.36,195.62,226.655,230.7025,278.185,435.1975,655.2725,852.49,906.5875,808.905,684.73,4.0,4.0,4.0,4.0,9.8,4.0,16.04,43.93,39.29,12.6,0.34,-0.67,-0.7,-0.78,0.01,3.97,13.23,60.4,60.41,43.5,34.76,33.55,31.31,31.16,1,1,0,1,1,0,0,0,0,0,1,1,1,0,0,0,0,1,0,0,1,1,0,0
658,1075.9775,990.4875,992.3325,905.9275,823.745,756.0725,719.9875,743.775,720.6075,545.0025,358.5025,222.66750000000002,153.115,173.36,195.62,226.655,230.7025,278.185,435.1975,655.2725,852.49,906.5875,808.905,684.73,4.0,4.0,4.0,4.0,9.8,4.0,16.04,43.93,39.29,12.6,0.34,-0.67,-0.7,-0.78,0.01,3.97,13.23,60.4,60.41,43.5,34.76,33.55,31.31,31.16,0,1,0,0,0,1,0,1,1,1,0,0,0,0,0,0,1,1,1,0,0,1,1,0
659,1075.9775,990.4875,992.3325,905.9275,823.745,756.0725,719.9875,743.775,720.6075,545.0025,358.5025,222.66750000000002,153.115,173.36,195.62,226.655,230.7025,278.185,435.1975,655.2725,852.49,906.5875,808.905,684.73,4.0,4.0,4.0,4.0,9.8,4.0,16.04,43.93,39.29,12.6,0.34,-0.67,-0.7,-0.78,0.01,3.97,13.23,60.4,60.41,43.5,34.76,33.55,31.31,31.16,1,1,0,0,0,1,0,0,1,0,1,0,0,0,0,1,1,1,0,0,1,0,1,1
660,1075.9775,990.4875,992.3325,905.9275,823.745,756.0725,719.9875,743.775,720.6075,545.0025,358.5025,222.66750000000002,153.115,173.36,195.62,226.655,230.7025,278.185,435.1975,655.2725,852.49,906.5875,808.905,684.73,30.3,29.53,35.47,39.26,47.4,65.97,93.16,139.44,108.51,78.7,50.47,4.02,0.08,0.02,13.16,63.61,99.2,129.7,165.36,149.11,125.64,106.63,101.47,91.11,0,0,0,1,1,0,1,0,1,1,0,0,1,1,1,1,1,1,0,0,1,0,0,1
661,1075.9775,990.4875,992.3325,905.9275,823.745,756.0725,719.9875,743.775,720.6075,545.0025,358.5025,222.66750000000002,153.115,173.36,195.62,226.655,230.7025,278.185,435.1975,655.2725,852.49,906.5875,808.905,684.73,30.3,29.53,35.47,39.26,47.4,65.97,93.16,139.44,108.51,78.7,50.47,4.02,0.08,0.02,13.16,63.61,99.2,129.7,165.36,149.11,125.64,106.63,101.47,91.11,1,1,0,1,1,0,0,0,0,0,1,1,1,0,0,0,0,1,0,0,1,1,0,0
662,1075.9775,990.4875,992.3325,905.9275,823.745,756.0725,719.9875,743.775,720.6075,545.0025,358.5025,222.66750000000002,153.115,173.36,195.62,226.655,230.7025,278.185,435.1975,655.2725,852.49,906.5875,808.905,684.73,30.3,29.53,35.47,39.26,47.4,65.97,93.16,139.44,108.51,78.7,50.47,4.02,0.08,0.02,13.16,63.61,99.2,129.7,165.36,149.11,125.64,106.63,101.47,91.11,0,1,0,0,0,1,0,1,1,1,0,0,0,0,0,0,1,1,1,0,0,1,1,0
663,1075.9775,990.4875,992.3325,905.9275,823.745,756.0725,719.9875,743.775,720.6075,545.0025,358.5025,222.66750000000002,153.115,173.36,195.62,226.655,230.7025,278.185,435.1975,655.2725,852.49,906.5875,808.905,684.73,30.3,29.53,35.47,39.26,47.4,65.97,93.16,139.44,108.51,78.7,50.47,4.02,0.08,0.02,13.16,63.61,99.2,129.7,165.36,149.11,125.64,106.63,101.47,91.11,1,1,0,0,0,1,0,0,1,0,1,0,0,0,0,1,1,1,0,0,1,0,1,1
664,1075.9775,990.4875,992.3325,905.9275,823.745,756.0725,719.9875,743.775,720.6075,545.0025,358.5025,222.66750000000002,153.115,173.36,195.62,226.655,230.7025,278.185,435.1975,655.2725,852.49,906.5875,808.905,684.73,90.27,90.27,91.38,91.69,98.13,115.16,135.67,147.7,122.23,83.0,65.3,31.51,13.08,8.08,37.05,90.15,126.99,149.92,216.65,178.68,148.7,132.4,119.11,111.83,0,0,0,1,1,0,1,0,1,1,0,0,1,1,1,1,1,1,0,0,1,0,0,1
665,1075.9775,990.4875,992.3325,905.9275,823.745,756.0725,719.9875,743.775,720.6075,545.0025,358.5025,222.66750000000002,153.115,173.36,195.62,226.655,230.7025,278.185,435.1975,655.2725,852.49,906.5875,808.905,684.73,90.27,90.27,91.38,91.69,98.13,115.16,135.67,147.7,122.23,83.0,65.3,31.51,13.08,8.08,37.05,90.15,126.99,149.92,216.65,178.68,148.7,132.4,119.11,111.83,1,1,0,1,1,0,0,0,0,0,1,1,1,0,0,0,0,1,0,0,1,1,0,0
666,1075.9775,990.4875,992.3325,905.9275,823.745,756.0725,719.9875,743.775,720.6075,545.0025,358.5025,222.66750000000002,153.115,173.36,195.62,226.655,230.7025,278.185,435.1975,655.2725,852.49,906.5875,808.905,684.73,90.27,90.27,91.38,91.69,98.13,115.16,135.67,147.7,122.23,83.0,65.3,31.51,13.08,8.08,37.05,90.15,126.99,149.92,216.65,178.68,148.7,132.4,119.11,111.83,0,1,0,0,0,1,0,1,1,1,0,0,0,0,0,0,1,1,1,0,0,1,1,0
667,1075.9775,990.4875,992.3325,905.9275,823.745,756.0725,719.9875,743.775,720.6075,545.0025,358.5025,222.66750000000002,153.115,173.36,195.62,226.655,230.7025,278.185,435.1975,655.2725,852.49,906.5875,808.905,684.73,90.27,90.27,91.38,91.69,98.13,115.16,135.67,147.7,122.23,83.0,65.3,31.51,13.08,8.08,37.05,90.15,126.99,149.92,216.65,178.68,148.7,132.4,119.11,111.83,1,1,0,0,0,1,0,0,1,0,1,0,0,0,0,1,1,1,0,0,1,0,1,1
668,1075.9775,990.4875,992.3325,905.9275,823.745,756.0725,719.9875,743.775,720.6075,545.0025,358.5025,222.66750000000002,153.115,173.36,195.62,226.655,230.7025,278.185,435.1975,655.2725,852.49,906.5875,808.905,684.73,124.97,113.94,117.22,116.76,118.42,121.3,127.82,120.6,98.05,72.54,18.05,2.07,-0.33,-0.1,2.76,53.53,100.87,145.58,174.04,140.03,111.21,100.01,99.24,97.9,0,0,0,1,1,0,1,0,1,1,0,0,1,1,1,1,1,1,0,0,1,0,0,1
669,1075.9775,990.4875,992.3325,905.9275,823.745,756.0725,719.9875,743.775,720.6075,545.0025,358.5025,222.66750000000002,153.115,173.36,195.62,226.655,230.7025,278.185,435.1975,655.2725,852.49,906.5875,808.905,684.73,124.97,113.94,117.22,116.76,118.42,121.3,127.82,120.6,98.05,72.54,18.05,2.07,-0.33,-0.1,2.76,53.53,100.87,145.58,174.04,140.03,111.21,100.01,99.24,97.9,1,1,0,1,1,0,0,0,0,0,1,1,1,0,0,0,0,1,0,0,1,1,0,0
670,1075.9775,990.4875,992.3325,905.9275,823.745,756.0725,719.9875,743.775,720.6075,545.0025,358.5025,222.66750000000002,153.115,173.36,195.62,226.655,230.7025,278.185,435.1975,655.2725,852.49,906.5875,808.905,684.73,124.97,113.94,117.22,116.76,118.42,121.3,127.82,120.6,98.05,72.54,18.05,2.07,-0.33,-0.1,2.76,53.53,100.87,145.58,174.04,140.03,111.21,100.01,99.24,97.9,0,1,0,0,0,1,0,1,1,1,0,0,0,0,0,0,1,1,1,0,0,1,1,0
671,1075.9775,990.4875,992.3325,905.9275,823.745,756.0725,719.9875,743.775,720.6075,545.0025,358.5025,222.66750000000002,153.115,173.36,195.62,226.655,230.7025,278.185,435.1975,655.2725,852.49,906.5875,808.905,684.73,124.97,113.94,117.22,116.76,118.42,121.3,127.82,120.6,98.05,72.54,18.05,2.07,-0.33,-0.1,2.76,53.53,100.87,145.58,174.04,140.03,111.21,100.01,99.24,97.9,1,1,0,0,0,1,0,0,1,0,1,0,0,0,0,1,1,1,0,0,1,0,1,1
672,1075.9775,990.4875,992.3325,905.9275,823.745,756.0725,719.9875,743.775,720.6075,545.0025,358.5025,222.66750000000002,153.115,173.36,195.62,226.655,230.7025,278.185,435.1975,655.2725,852.49,906.5875,808.905,684.73,95.19,94.81,94.44,96.51,98.67,101.51,100.0,93.0,59.02,24.41,21.32,3.95,1.29,3.95,11.03,28.01,68.99,107.86,134.15,132.71,114.54,107.87,104.56,103.64,0,0,0,1,1,0,1,0,1,1,0,0,1,1,1,1,1,1,0,0,1,0,0,1
673,1075.9775,990.4875,992.3325,905.9275,823.745,756.0725,719.9875,743.775,720.6075,545.0025,358.5025,222.66750000000002,153.115,173.36,195.62,226.655,230.7025,278.185,435.1975,655.2725,852.49,906.5875,808.905,684.73,95.19,94.81,94.44,96.51,98.67,101.51,100.0,93.0,59.02,24.41,21.32,3.95,1.29,3.95,11.03,28.01,68.99,107.86,134.15,132.71,114.54,107.87,104.56,103.64,1,1,0,1,1,0,0,0,0,0,1,1,1,0,0,0,0,1,0,0,1,1,0,0
674,1075.9775,990.4875,992.3325,905.9275,823.745,756.0725,719.9875,743.775,720.6075,545.0025,358.5025,222.66750000000002,153.115,173.36,195.62,226.655,230.7025,278.185,435.1975,655.2725,852.49,906.5875,808.905,684.73,95.19,94.81,94.44,96.51,98.67,101.51,100.0,93.0,59.02,24.41,21.32,3.95,1.29,3.95,11.03,28.01,68.99,107.86,134.15,132.71,114.54,107.87,104.56,103.64,0,1,0,0,0,1,0,1,1,1,0,0,0,0,0,0,1,1,1,0,0,1,1,0
675,1075.9775,990.4875,992.3325,905.9275,823.745,756.0725,719.9875,743.775,720.6075,545.0025,358.5025,222.66750000000002,153.115,173.36,195.62,226.655,230.7025,278.185,435.1975,655.2725,852.49,906.5875,808.905,684.73,95.19,94.81,94.44,96.51,98.67,101.51,100.0,93.0,59.02,24.41,21.32,3.95,1.29,3.95,11.03,28.01,68.99,107.86,134.15,132.71,114.54,107.87,104.56,103.64,1,1,0,0,0,1,0,0,1,0,1,0,0,0,0,1,1,1,0,0,1,0,1,1
676,1075.9775,990.4875,992.3325,905.9275,823.745,756.0725,719.9875,743.775,720.6075,545.0025,358.5025,222.66750000000002,153.115,173.36,195.62,226.655,230.7025,278.185,435.1975,655.2725,852.49,906.5875,808.905,684.73,95.84,94.92,96.7,96.86,89.98,101.13,148.63,159.87,134.08,98.92,84.44,77.92,76.06,77.36,83.96,97.54,127.59,148.1,175.06,160.4,142.28,126.68,106.87,97.93,0,0,0,1,1,0,1,0,1,1,0,0,1,1,1,1,1,1,0,0,1,0,0,1
677,1075.9775,990.4875,992.3325,905.9275,823.745,756.0725,719.9875,743.775,720.6075,545.0025,358.5025,222.66750000000002,153.115,173.36,195.62,226.655,230.7025,278.185,435.1975,655.2725,852.49,906.5875,808.905,684.73,95.84,94.92,96.7,96.86,89.98,101.13,148.63,159.87,134.08,98.92,84.44,77.92,76.06,77.36,83.96,97.54,127.59,148.1,175.06,160.4,142.28,126.68,106.87,97.93,1,1,0,1,1,0,0,0,0,0,1,1,1,0,0,0,0,1,0,0,1,1,0,0
678,1075.9775,990.4875,992.3325,905.9275,823.745,756.0725,719.9875,743.775,720.6075,545.0025,358.5025,222.66750000000002,153.115,173.36,195.62,226.655,230.7025,278.185,435.1975,655.2725,852.49,906.5875,808.905,684.73,95.84,94.92,96.7,96.86,89.98,101.13,148.63,159.87,134.08,98.92,84.44,77.92,76.06,77.36,83.96,97.54,127.59,148.1,175.06,160.4,142.28,126.68,106.87,97.93,0,1,0,0,0,1,0,1,1,1,0,0,0,0,0,0,1,1,1,0,0,1,1,0
679,1075.9775,990.4875,992.3325,905.9275,823.745,756.0725,719.9875,743.775,720.6075,545.0025,358.5025,222.66750000000002,153.115,173.36,195.62,226.655,230.7025,278.185,435.1975,655.2725,852.49,906.5875,808.905,684.73,95.84,94.92,96.7,96.86,89.98,101.13,148.63,159.87,134.08,98.92,84.44,77.92,76.06,77.36,83.96,97.54,127.59,148.1,175.06,160.4,142.28,126.68,106.87,97.93,1,1,0,0,0,1,0,0,1,0,1,0,0,0,0,1,1,1,0,0,1,0,1,1
680,1075.9775,990.4875,992.3325,905.9275,823.745,756.0725,719.9875,743.775,720.6075,545.0025,358.5025,222.66750000000002,153.115,173.36,195.62,226.655,230.7025,278.185,435.1975,655.2725,852.49,906.5875,808.905,684.73,104.39,101.79,99.72,100.48,102.51,110.88,148.14,153.09,146.54,128.53,102.0,97.48,96.45,98.39,102.35,112.84,132.9,172.03,205.15,181.06,149.49,133.05,121.27,107.36,0,0,0,1,1,0,1,0,1,1,0,0,1,1,1,1,1,1,0,0,1,0,0,1
681,1075.9775,990.4875,992.3325,905.9275,823.745,756.0725,719.9875,743.775,720.6075,545.0025,358.5025,222.66750000000002,153.115,173.36,195.62,226.655,230.7025,278.185,435.1975,655.2725,852.49,906.5875,808.905,684.73,104.39,101.79,99.72,100.48,102.51,110.88,148.14,153.09,146.54,128.53,102.0,97.48,96.45,98.39,102.35,112.84,132.9,172.03,205.15,181.06,149.49,133.05,121.27,107.36,1,1,0,1,1,0,0,0,0,0,1,1,1,0,0,0,0,1,0,0,1,1,0,0
682,1075.9775,990.4875,992.3325,905.9275,823.745,756.0725,719.9875,743.775,720.6075,545.0025,358.5025,222.66750000000002,153.115,173.36,195.62,226.655,230.7025,278.185,435.1975,655.2725,852.49,906.5875,808.905,684.73,104.39,101.79,99.72,100.48,102.51,110.88,148.14,153.09,146.54,128.53,102.0,97.48,96.45,98.39,102.35,112.84,132.9,172.03,205.15,181.06,149.49,133.05,121.27,107.36,0,1,0,0,0,1,0,1,1,1,0,0,0,0,0,0,1,1,1,0,0,1,1,0
683,1075.9775,990.4875,992.3325,905.9275,823.745,756.0725,719.9875,743.775,720.6075,545.0025,358.5025,222.66750000000002,153.115,173.36,195.62,226.655,230.7025,278.185,435.1975,655.2725,852.49,906.5875,808.905,684.73,104.39,101.79,99.72,100.48,102.51,110.88,148.14,153.09,146.54,128.53,102.0,97.48,96.45,98.39,102.35,112.84,132.9,172.03,205.15,181.06,149.49,133.05,121.27,107.36,1,1,0,0,0,1,0,0,1,0,1,0,0,0,0,1,1,1,0,0,1,0,1,1
684,1075.9775,990.4875,992.3325,905.9275,823.745,756.0725,719.9875,743.775,720.6075,545.0025,358.5025,222.66750000000002,153.115,173.36,195.62,226.655,230.7025,278.185,435.1975,655.2725,852.49,906.5875,808.905,684.73,101.74,100.11,97.82,97.43,101.85,110.37,144.57,161.75,148.49,125.02,102.64,99.73,98.11,99.95,101.69,117.81,140.35,159.04,199.9,179.58,148.09,132.26,120.02,109.91,0,0,0,1,1,0,1,0,1,1,0,0,1,1,1,1,1,1,0,0,1,0,0,1
685,1075.9775,990.4875,992.3325,905.9275,823.745,756.0725,719.9875,743.775,720.6075,545.0025,358.5025,222.66750000000002,153.115,173.36,195.62,226.655,230.7025,278.185,435.1975,655.2725,852.49,906.5875,808.905,684.73,101.74,100.11,97.82,97.43,101.85,110.37,144.57,161.75,148.49,125.02,102.64,99.73,98.11,99.95,101.69,117.81,140.35,159.04,199.9,179.58,148.09,132.26,120.02,109.91,1,1,0,1,1,0,0,0,0,0,1,1,1,0,0,0,0,1,0,0,1,1,0,0
686,1075.9775,990.4875,992.3325,905.9275,823.745,756.0725,719.9875,743.775,720.6075,545.0025,358.5025,222.66750000000002,153.115,173.36,195.62,226.655,230.7025,278.185,435.1975,655.2725,852.49,906.5875,808.905,684.73,101.74,100.11,97.82,97.43,101.85,110.37,144.57,161.75,148.49,125.02,102.64,99.73,98.11,99.95,101.69,117.81,140.35,159.04,199.9,179.58,148.09,132.26,120.02,109.91,0,1,0,0,0,1,0,1,1,1,0,0,0,0,0,0,1,1,1,0,0,1,1,0
687,1075.9775,990.4875,992.3325,905.9275,823.745,756.0725,719.9875,743.775,720.6075,545.0025,358.5025,222.66750000000002,153.115,173.36,195.62,226.655,230.7025,278.185,435.1975,655.2725,852.49,906.5875,808.905,684.73,101.74,100.11,97.82,97.43,101.85,110.37,144.57,161.75,148.49,125.02,102.64,99.73,98.11,99.95,101.69,117.81,140.35,159.04,199.9,179.58,148.09,132.26,120.02,109.91,1,1,0,0,0,1,0,0,1,0,1,0,0,0,0,1,1,1,0,0,1,0,1,1
688,1075.9775,990.4875,992.3325,905.9275,823.745,756.0725,719.9875,743.775,720.6075,545.0025,358.5025,222.66750000000002,153.115,173.36,195.62,226.655,230.7025,278.185,435.1975,655.2725,852.49,906.5875,808.905,684.73,108.49,102.22,98.96,96.69,98.33,105.87,132.7,160.74,160.99,154.8,123.84,110.75,110.08,108.28,107.6,110.02,121.56,142.95,166.09,173.42,148.99,135.69,123.41,111.53,0,0,0,1,1,0,1,0,1,1,0,0,1,1,1,1,1,1,0,0,1,0,0,1
689,1075.9775,990.4875,992.3325,905.9275,823.745,756.0725,719.9875,743.775,720.6075,545.0025,358.5025,222.66750000000002,153.115,173.36,195.62,226.655,230.7025,278.185,435.1975,655.2725,852.49,906.5875,808.905,684.73,108.49,102.22,98.96,96.69,98.33,105.87,132.7,160.74,160.99,154.8,123.84,110.75,110.08,108.28,107.6,110.02,121.56,142.95,166.09,173.42,148.99,135.69,123.41,111.53,1,1,0,1,1,0,0,0,0,0,1,1,1,0,0,0,0,1,0,0,1,1,0,0
690,1075.9775,990.4875,992.3325,905.9275,823.745,756.0725,719.9875,743.775,720.6075,545.0025,358.5025,222.66750000000002,153.115,173.36,195.62,226.655,230.7025,278.185,435.1975,655.2725,852.49,906.5875,808.905,684.73,108.49,102.22,98.96,96.69,98.33,105.87,132.7,160.74,160.99,154.8,123.84,110.75,110.08,108.28,107.6,110.02,121.56,142.95,166.09,173.42,148.99,135.69,123.41,111.53,0,1,0,0,0,1,0,1,1,1,0,0,0,0,0,0,1,1,1,0,0,1,1,0
691,1075.9775,990.4875,992.3325,905.9275,823.745,756.0725,719.9875,743.775,720.6075,545.0025,358.5025,222.66750000000002,153.115,173.36,195.62,226.655,230.7025,278.185,435.1975,655.2725,852.49,906.5875,808.905,684.73,108.49,102.22,98.96,96.69,98.33,105.87,132.7,160.74,160.99,154.8,123.84,110.75,110.08,108.28,107.6,110.02,121.56,142.95,166.09,173.42,148.99,135.69,123.41,111.53,1,1,0,0,0,1,0,0,1,0,1,0,0,0,0,1,1,1,0,0,1,0,1,1
692,1075.9775,990.4875,992.3325,905.9275,823.745,756.0725,719.9875,743.775,720.6075,545.0025,358.5025,222.66750000000002,153.115,173.36,195.62,226.655,230.7025,278.185,435.1975,655.2725,852.49,906.5875,808.905,684.73,109.19,106.08,105.97,103.89,105.37,114.08,143.05,155.29,155.08,132.11,112.01,106.37,104.49,104.58,105.38,109.42,124.93,146.56,155.47,151.02,130.1,111.46,114.0,105.15,0,0,0,1,1,0,1,0,1,1,0,0,1,1,1,1,1,1,0,0,1,0,0,1
693,1075.9775,990.4875,992.3325,905.9275,823.745,756.0725,719.9875,743.775,720.6075,545.0025,358.5025,222.66750000000002,153.115,173.36,195.62,226.655,230.7025,278.185,435.1975,655.2725,852.49,906.5875,808.905,684.73,109.19,106.08,105.97,103.89,105.37,114.08,143.05,155.29,155.08,132.11,112.01,106.37,104.49,104.58,105.38,109.42,124.93,146.56,155.47,151.02,130.1,111.46,114.0,105.15,1,1,0,1,1,0,0,0,0,0,1,1,1,0,0,0,0,1,0,0,1,1,0,0
694,1075.9775,990.4875,992.3325,905.9275,823.745,756.0725,719.9875,743.775,720.6075,545.0025,358.5025,222.66750000000002,153.115,173.36,195.62,226.655,230.7025,278.185,435.1975,655.2725,852.49,906.5875,808.905,684.73,109.19,106.08,105.97,103.89,105.37,114.08,143.05,155.29,155.08,132.11,112.01,106.37,104.49,104.58,105.38,109.42,124.93,146.56,155.47,151.02,130.1,111.46,114.0,105.15,0,1,0,0,0,1,0,1,1,1,0,0,0,0,0,0,1,1,1,0,0,1,1,0
695,1075.9775,990.4875,992.3325,905.9275,823.745,756.0725,719.9875,743.775,720.6075,545.0025,358.5025,222.66750000000002,153.115,173.36,195.62,226.655,230.7025,278.185,435.1975,655.2725,852.49,906.5875,808.905,684.73,109.19,106.08,105.97,103.89,105.37,114.08,143.05,155.29,155.08,132.11,112.01,106.37,104.49,104.58,105.38,109.42,124.93,146.56,155.47,151.02,130.1,111.46,114.0,105.15,1,1,0,0,0,1,0,0,1,0,1,0,0,0,0,1,1,1,0,0,1,0,1,1
696,1075.9775,990.4875,992.3325,905.9275,823.745,756.0725,719.9875,743.775,720.6075,545.0025,358.5025,222.66750000000002,153.115,173.36,195.62,226.655,230.7025,278.185,435.1975,655.2725,852.49,906.5875,808.905,684.73,112.16,103.15,96.0,89.89,86.89,90.55,97.0,99.38,98.73,86.36,72.35,67.12,57.28,47.96,54.46,70.76,84.2,121.87,130.26,132.91,121.41,108.46,104.98,95.21,0,0,0,1,1,0,1,0,1,1,0,0,1,1,1,1,1,1,0,0,1,0,0,1
697,1075.9775,990.4875,992.3325,905.9275,823.745,756.0725,719.9875,743.775,720.6075,545.0025,358.5025,222.66750000000002,153.115,173.36,195.62,226.655,230.7025,278.185,435.1975,655.2725,852.49,906.5875,808.905,684.73,112.16,103.15,96.0,89.89,86.89,90.55,97.0,99.38,98.73,86.36,72.35,67.12,57.28,47.96,54.46,70.76,84.2,121.87,130.26,132.91,121.41,108.46,104.98,95.21,1,1,0,1,1,0,0,0,0,0,1,1,1,0,0,0,0,1,0,0,1,1,0,0
698,1075.9775,990.4875,992.3325,905.9275,823.745,756.0725,719.9875,743.775,720.6075,545.0025,358.5025,222.66750000000002,153.115,173.36,195.62,226.655,230.7025,278.185,435.1975,655.2725,852.49,906.5875,808.905,684.73,112.16,103.15,96.0,89.89,86.89,90.55,97.0,99.38,98.73,86.36,72.35,67.12,57.28,47.96,54.46,70.76,84.2,121.87,130.26,132.91,121.41,108.46,104.98,95.21,0,1,0,0,0,1,0,1,1,1,0,0,0,0,0,0,1,1,1,0,0,1,1,0
699,1075.9775,990.4875,992.3325,905.9275,823.745,756.0725,719.9875,743.775,720.6075,545.0025,358.5025,222.66750000000002,153.115,173.36,195.62,226.655,230.7025,278.185,435.1975,655.2725,852.49,906.5875,808.905,684.73,112.16,103.15,96.0,89.89,86.89,90.55,97.0,99.38,98.73,86.36,72.35,67.12,57.28,47.96,54.46,70.76,84.2,121.87,130.26,132.91,121.41,108.46,104.98,95.21,1,1,0,0,0,1,0,0,1,0,1,0,0,0,0,1,1,1,0,0,1,0,1,1
700,1075.9775,990.4875,992.3325,905.9275,823.745,756.0725,719.9875,743.775,720.6075,545.0025,358.5025,222.66750000000002,153.115,173.36,195.62,226.655,230.7025,278.185,435.1975,655.2725,852.49,906.5875,808.905,684.73,89.97,85.75,79.57,78.15,78.55,29.41,30.14,30.7,30.5,28.73,24.06,2.9,1.01,0.19,2.67,30.81,59.97,94.68,83.61,45.54,31.49,31.1,30.69,30.44,0,0,0,1,1,0,1,0,1,1,0,0,1,1,1,1,1,1,0,0,1,0,0,1
701,1075.9775,990.4875,992.3325,905.9275,823.745,756.0725,719.9875,743.775,720.6075,545.0025,358.5025,222.66750000000002,153.115,173.36,195.62,226.655,230.7025,278.185,435.1975,655.2725,852.49,906.5875,808.905,684.73,89.97,85.75,79.57,78.15,78.55,29.41,30.14,30.7,30.5,28.73,24.06,2.9,1.01,0.19,2.67,30.81,59.97,94.68,83.61,45.54,31.49,31.1,30.69,30.44,1,1,0,1,1,0,0,0,0,0,1,1,1,0,0,0,0,1,0,0,1,1,0,0
702,1075.9775,990.4875,992.3325,905.9275,823.745,756.0725,719.9875,743.775,720.6075,545.0025,358.5025,222.66750000000002,153.115,173.36,195.62,226.655,230.7025,278.185,435.1975,655.2725,852.49,906.5875,808.905,684.73,89.97,85.75,79.57,78.15,78.55,29.41,30.14,30.7,30.5,28.73,24.06,2.9,1.01,0.19,2.67,30.81,59.97,94.68,83.61,45.54,31.49,31.1,30.69,30.44,0,1,0,0,0,1,0,1,1,1,0,0,0,0,0,0,1,1,1,0,0,1,1,0
703,1075.9775,990.4875,992.3325,905.9275,823.745,756.0725,719.9875,743.775,720.6075,545.0025,358.5025,222.66750000000002,153.115,173.36,195.62,226.655,230.7025,278.185,435.1975,655.2725,852.49,906.5875,808.905,684.73,89.97,85.75,79.57,78.15,78.55,29.41,30.14,30.7,30.5,28.73,24.06,2.9,1.01,0.19,2.67,30.81,59.97,94.68,83.61,45.54,31.49,31.1,30.69,30.44,1,1,0,0,0,1,0,0,1,0,1,0,0,0,0,1,1,1,0,0,1,0,1,1
704,1075.9775,990.4875,992.3325,905.9275,823.745,756.0725,719.9875,743.775,720.6075,545.0025,358.5025,222.66750000000002,153.115,173.36,195.62,226.655,230.7025,278.185,435.1975,655.2725,852.49,906.5875,808.905,684.73,30.66,40.11,77.6,80.9,85.84,103.33,135.26,152.96,135.32,100.77,68.2,50.53,31.14,27.92,50.12,70.02,98.59,143.14,177.42,170.09,141.58,113.55,106.46,93.49,0,0,0,1,1,0,1,0,1,1,0,0,1,1,1,1,1,1,0,0,1,0,0,1
705,1075.9775,990.4875,992.3325,905.9275,823.745,756.0725,719.9875,743.775,720.6075,545.0025,358.5025,222.66750000000002,153.115,173.36,195.62,226.655,230.7025,278.185,435.1975,655.2725,852.49,906.5875,808.905,684.73,30.66,40.11,77.6,80.9,85.84,103.33,135.26,152.96,135.32,100.77,68.2,50.53,31.14,27.92,50.12,70.02,98.59,143.14,177.42,170.09,141.58,113.55,106.46,93.49,1,1,0,1,1,0,0,0,0,0,1,1,1,0,0,0,0,1,0,0,1,1,0,0
706,1075.9775,990.4875,992.3325,905.9275,823.745,756.0725,719.9875,743.775,720.6075,545.0025,358.5025,222.66750000000002,153.115,173.36,195.62,226.655,230.7025,278.185,435.1975,655.2725,852.49,906.5875,808.905,684.73,30.66,40.11,77.6,80.9,85.84,103.33,135.26,152.96,135.32,100.77,68.2,50.53,31.14,27.92,50.12,70.02,98.59,143.14,177.42,170.09,141.58,113.55,106.46,93.49,0,1,0,0,0,1,0,1,1,1,0,0,0,0,0,0,1,1,1,0,0,1,1,0
707,1075.9775,990.4875,992.3325,905.9275,823.745,756.0725,719.9875,743.775,720.6075,545.0025,358.5025,222.66750000000002,153.115,173.36,195.62,226.655,230.7025,278.185,435.1975,655.2725,852.49,906.5875,808.905,684.73,30.66,40.11,77.6,80.9,85.84,103.33,135.26,152.96,135.32,100.77,68.2,50.53,31.14,27.92,50.12,70.02,98.59,143.14,177.42,170.09,141.58,113.55,106.46,93.49,1,1,0,0,0,1,0,0,1,0,1,0,0,0,0,1,1,1,0,0,1,0,1,1
708,1075.9775,990.4875,992.3325,905.9275,823.745,756.0725,719.9875,743.775,720.6075,545.0025,358.5025,222.66750000000002,153.115,173.36,195.62,226.655,230.7025,278.185,435.1975,655.2725,852.49,906.5875,808.905,684.73,92.18,89.96,89.71,67.1,69.44,102.28,128.02,136.73,106.56,68.46,27.24,1.79,-0.2,-0.28,17.36,38.6,96.03,141.1,171.17,167.77,142.51,117.77,107.46,100.5,0,0,0,1,1,0,1,0,1,1,0,0,1,1,1,1,1,1,0,0,1,0,0,1
709,1075.9775,990.4875,992.3325,905.9275,823.745,756.0725,719.9875,743.775,720.6075,545.0025,358.5025,222.66750000000002,153.115,173.36,195.62,226.655,230.7025,278.185,435.1975,655.2725,852.49,906.5875,808.905,684.73,92.18,89.96,89.71,67.1,69.44,102.28,128.02,136.73,106.56,68.46,27.24,1.79,-0.2,-0.28,17.36,38.6,96.03,141.1,171.17,167.77,142.51,117.77,107.46,100.5,1,1,0,1,1,0,0,0,0,0,1,1,1,0,0,0,0,1,0,0,1,1,0,0
710,1075.9775,990.4875,992.3325,905.9275,823.745,756.0725,719.9875,743.775,720.6075,545.0025,358.5025,222.66750000000002,153.115,173.36,195.62,226.655,230.7025,278.185,435.1975,655.2725,852.49,906.5875,808.905,684.73,92.18,89.96,89.71,67.1,69.44,102.28,128.02,136.73,106.56,68.46,27.24,1.79,-0.2,-0.28,17.36,38.6,96.03,141.1,171.17,167.77,142.51,117.77,107.46,100.5,0,1,0,0,0,1,0,1,1,1,0,0,0,0,0,0,1,1,1,0,0,1,1,0
711,1075.9775,990.4875,992.3325,905.9275,823.745,756.0725,719.9875,743.775,720.6075,545.0025,358.5025,222.66750000000002,153.115,173.36,195.62,226.655,230.7025,278.185,435.1975,655.2725,852.49,906.5875,808.905,684.73,92.18,89.96,89.71,67.1,69.44,102.28,128.02,136.73,106.56,68.46,27.24,1.79,-0.2,-0.28,17.36,38.6,96.03,141.1,171.17,167.77,142.51,117.77,107.46,100.5,1,1,0,0,0,1,0,0,1,0,1,0,0,0,0,1,1,1,0,0,1,0,1,1
712,1075.9775,990.4875,992.3325,905.9275,823.745,756.0725,719.9875,743.775,720.6075,545.0025,358.5025,222.66750000000002,153.115,173.36,195.62,226.655,230.7025,278.185,435.1975,655.2725,852.49,906.5875,808.905,684.73,204.12,101.46,97.67,98.58,101.74,110.71,153.27,140.98,99.91,76.08,38.9,6.7,3.13,3.41,30.98,62.63,120.26,154.93,279.34,251.99,163.48,136.61,124.83,117.5,0,0,0,1,1,0,1,0,1,1,0,0,1,1,1,1,1,1,0,0,1,0,0,1
713,1075.9775,990.4875,992.3325,905.9275,823.745,756.0725,719.9875,743.775,720.6075,545.0025,358.5025,222.66750000000002,153.115,173.36,195.62,226.655,230.7025,278.185,435.1975,655.2725,852.49,906.5875,808.905,684.73,204.12,101.46,97.67,98.58,101.74,110.71,153.27,140.98,99.91,76.08,38.9,6.7,3.13,3.41,30.98,62.63,120.26,154.93,279.34,251.99,163.48,136.61,124.83,117.5,1,1,0,1,1,0,0,0,0,0,1,1,1,0,0,0,0,1,0,0,1,1,0,0
714,1075.9775,990.4875,992.3325,905.9275,823.745,756.0725,719.9875,743.775,720.6075,545.0025,358.5025,222.66750000000002,153.115,173.36,195.62,226.655,230.7025,278.185,435.1975,655.2725,852.49,906.5875,808.905,684.73,204.12,101.46,97.67,98.58,101.74,110.71,153.27,140.98,99.91,76.08,38.9,6.7,3.13,3.41,30.98,62.63,120.26,154.93,279.34,251.99,163.48,136.61,124.83,117.5,0,1,0,0,0,1,0,1,1,1,0,0,0,0,0,0,1,1,1,0,0,1,1,0
715,1075.9775,990.4875,992.3325,905.9275,823.745,756.0725,719.9875,743.775,720.6075,545.0025,358.5025,222.66750000000002,153.115,173.36,195.62,226.655,230.7025,278.185,435.1975,655.2725,852.49,906.5875,808.905,684.73,204.12,101.46,97.67,98.58,101.74,110.71,153.27,140.98,99.91,76.08,38.9,6.7,3.13,3.41,30.98,62.63,120.26,154.93,279.34,251.99,163.48,136.61,124.83,117.5,1,1,0,0,0,1,0,0,1,0,1,0,0,0,0,1,1,1,0,0,1,0,1,1
716,1075.9775,990.4875,992.3325,905.9275,823.745,756.0725,719.9875,743.775,720.6075,545.0025,358.5025,222.66750000000002,153.115,173.36,195.62,226.655,230.7025,278.185,435.1975,655.2725,852.49,906.5875,808.905,684.73,107.45,102.55,101.34,102.15,106.74,122.73,158.29,147.93,108.19,73.39,28.86,3.96,-0.56,-0.16,27.42,40.28,109.8,147.64,248.27,220.53,176.9,138.38,124.58,111.27,0,0,0,1,1,0,1,0,1,1,0,0,1,1,1,1,1,1,0,0,1,0,0,1
717,1075.9775,990.4875,992.3325,905.9275,823.745,756.0725,719.9875,743.775,720.6075,545.0025,358.5025,222.66750000000002,153.115,173.36,195.62,226.655,230.7025,278.185,435.1975,655.2725,852.49,906.5875,808.905,684.73,107.45,102.55,101.34,102.15,106.74,122.73,158.29,147.93,108.19,73.39,28.86,3.96,-0.56,-0.16,27.42,40.28,109.8,147.64,248.27,220.53,176.9,138.38,124.58,111.27,1,1,0,1,1,0,0,0,0,0,1,1,1,0,0,0,0,1,0,0,1,1,0,0
718,1075.9775,990.4875,992.3325,905.9275,823.745,756.0725,719.9875,743.775,720.6075,545.0025,358.5025,222.66750000000002,153.115,173.36,195.62,226.655,230.7025,278.185,435.1975,655.2725,852.49,906.5875,808.905,684.73,107.45,102.55,101.34,102.15,106.74,122.73,158.29,147.93,108.19,73.39,28.86,3.96,-0.56,-0.16,27.42,40.28,109.8,147.64,248.27,220.53,176.9,138.38,124.58,111.27,0,1,0,0,0,1,0,1,1,1,0,0,0,0,0,0,1,1,1,0,0,1,1,0
719,1075.9775,990.4875,992.3325,905.9275,823.745,756.0725,719.9875,743.775,720.6075,545.0025,358.5025,222.66750000000002,153.115,173.36,195.62,226.655,230.7025,278.185,435.1975,655.2725,852.49,906.5875,808.905,684.73,107.45,102.55,101.34,102.15,106.74,122.73,158.29,147.93,108.19,73.39,28.86,3.96,-0.56,-0.16,27.42,40.28,109.8,147.64,248.27,220.53,176.9,138.38,124.58,111.27,1,1,0,0,0,1,0,0,1,0,1,0,0,0,0,1,1,1,0,0,1,0,1,1
720,499.4175,372.8775,253.95,230.9425,259.8225,322.64750000000004,391.3825,404.8625,411.1325,266.5125,200.35750000000002,239.99,153.85,112.6525,131.4325,239.1025,418.0775,498.815,654.235,695.3825,681.6075,940.71,900.9925000000001,815.605,128.2,120.38,117.09,112.15,109.75,111.89,117.11,135.81,138.82,137.77,125.08,112.1,102.21,97.27,99.39,97.8,125.41,145.0,158.55,150.78,133.41,125.42,122.03,119.92,0,0,0,1,1,0,1,0,1,1,0,0,1,1,1,1,1,1,0,0,1,0,0,1
721,499.4175,372.8775,253.95,230.9425,259.8225,322.64750000000004,391.3825,404.8625,411.1325,266.5125,200.35750000000002,239.99,153.85,112.6525,131.4325,239.1025,418.0775,498.815,654.235,695.3825,681.6075,940.71,900.9925000000001,815.605,128.2,120.38,117.09,112.15,109.75,111.89,117.11,135.81,138.82,137.77,125.08,112.1,102.21,97.27,99.39,97.8,125.41,145.0,158.55,150.78,133.41,125.42,122.03,119.92,1,1,0,1,1,0,0,0,0,0,1,1,1,0,0,0,0,1,0,0,1,1,0,0
722,499.4175,372.8775,253.95,230.9425,259.8225,322.64750000000004,391.3825,404.8625,411.1325,266.5125,200.35750000000002,239.99,153.85,112.6525,131.4325,239.1025,418.0775,498.815,654.235,695.3825,681.6075,940.71,900.9925000000001,815.605,128.2,120.38,117.09,112.15,109.75,111.89,117.11,135.81,138.82,137.77,125.08,112.1,102.21,97.27,99.39,97.8,125.41,145.0,158.55,150.78,133.41,125.42,122.03,119.92,0,1,0,0,0,1,0,1,1,1,0,0,0,0,0,0,1,1,1,0,0,1,1,0
723,499.4175,372.8775,253.95,230.9425,259.8225,322.64750000000004,391.3825,404.8625,411.1325,266.5125,200.35750000000002,239.99,153.85,112.6525,131.4325,239.1025,418.0775,498.815,654.235,695.3825,681.6075,940.71,900.9925000000001,815.605,128.2,120.38,117.09,112.15,109.75,111.89,117.11,135.81,138.82,137.77,125.08,112.1,102.21,97.27,99.39,97.8,125.41,145.0,158.55,150.78,133.41,125.42,122.03,119.92,1,1,0,0,0,1,0,0,1,0,1,0,0,0,0,1,1,1,0,0,1,0,1,1
724,499.4175,372.8775,253.95,230.9425,259.8225,322.64750000000004,391.3825,404.8625,411.1325,266.5125,200.35750000000002,239.99,153.85,112.6525,131.4325,239.1025,418.0775,498.815,654.235,695.3825,681.6075,940.71,900.9925000000001,815.605,102.61,57.86,30.22,21.37,19.06,19.05,43.56,90.69,103.11,89.0,33.71,11.22,7.4,3.14,2.85,19.0,54.16,99.69,136.58,117.23,80.9,61.1,35.12,25.41,0,0,0,1,1,0,1,0,1,1,0,0,1,1,1,1,1,1,0,0,1,0,0,1
725,499.4175,372.8775,253.95,230.9425,259.8225,322.64750000000004,391.3825,404.8625,411.1325,266.5125,200.35750000000002,239.99,153.85,112.6525,131.4325,239.1025,418.0775,498.815,654.235,695.3825,681.6075,940.71,900.9925000000001,815.605,102.61,57.86,30.22,21.37,19.06,19.05,43.56,90.69,103.11,89.0,33.71,11.22,7.4,3.14,2.85,19.0,54.16,99.69,136.58,117.23,80.9,61.1,35.12,25.41,1,1,0,1,1,0,0,0,0,0,1,1,1,0,0,0,0,1,0,0,1,1,0,0
726,499.4175,372.8775,253.95,230.9425,259.8225,322.64750000000004,391.3825,404.8625,411.1325,266.5125,200.35750000000002,239.99,153.85,112.6525,131.4325,239.1025,418.0775,498.815,654.235,695.3825,681.6075,940.71,900.9925000000001,815.605,102.61,57.86,30.22,21.37,19.06,19.05,43.56,90.69,103.11,89.0,33.71,11.22,7.4,3.14,2.85,19.0,54.16,99.69,136.58,117.23,80.9,61.1,35.12,25.41,0,1,0,0,0,1,0,1,1,1,0,0,0,0,0,0,1,1,1,0,0,1,1,0
727,499.4175,372.8775,253.95,230.9425,259.8225,322.64750000000004,391.3825,404.8625,411.1325,266.5125,200.35750000000002,239.99,153.85,112.6525,131.4325,239.1025,418.0775,498.815,654.235,695.3825,681.6075,940.71,900.9925000000001,815.605,102.61,57.86,30.22,21.37,19.06,19.05,43.56,90.69,103.11,89.0,33.71,11.22,7.4,3.14,2.85,19.0,54.16,99.69,136.58,117.23,80.9,61.1,35.12,25.41,1,1,0,0,0,1,0,0,1,0,1,0,0,0,0,1,1,1,0,0,1,0,1,1
728,499.4175,372.8775,253.95,230.9425,259.8225,322.64750000000004,391.3825,404.8625,411.1325,266.5125,200.35750000000002,239.99,153.85,112.6525,131.4325,239.1025,418.0775,498.815,654.235,695.3825,681.6075,940.71,900.9925000000001,815.605,28.31,27.04,25.8,20.11,14.94,20.11,41.81,58.7,70.1,44.59,20.1,4.29,2.43,1.67,10.81,34.89,70.65,129.19,163.66,102.7,88.19,79.94,69.01,40.3,0,0,0,1,1,0,1,0,1,1,0,0,1,1,1,1,1,1,0,0,1,0,0,1
729,499.4175,372.8775,253.95,230.9425,259.8225,322.64750000000004,391.3825,404.8625,411.1325,266.5125,200.35750000000002,239.99,153.85,112.6525,131.4325,239.1025,418.0775,498.815,654.235,695.3825,681.6075,940.71,900.9925000000001,815.605,28.31,27.04,25.8,20.11,14.94,20.11,41.81,58.7,70.1,44.59,20.1,4.29,2.43,1.67,10.81,34.89,70.65,129.19,163.66,102.7,88.19,79.94,69.01,40.3,1,1,0,1,1,0,0,0,0,0,1,1,1,0,0,0,0,1,0,0,1,1,0,0
730,499.4175,372.8775,253.95,230.9425,259.8225,322.64750000000004,391.3825,404.8625,411.1325,266.5125,200.35750000000002,239.99,153.85,112.6525,131.4325,239.1025,418.0775,498.815,654.235,695.3825,681.6075,940.71,900.9925000000001,815.605,28.31,27.04,25.8,20.11,14.94,20.11,41.81,58.7,70.1,44.59,20.1,4.29,2.43,1.67,10.81,34.89,70.65,129.19,163.66,102.7,88.19,79.94,69.01,40.3,0,1,0,0,0,1,0,1,1,1,0,0,0,0,0,0,1,1,1,0,0,1,1,0
731,499.4175,372.8775,253.95,230.9425,259.8225,322.64750000000004,391.3825,404.8625,411.1325,266.5125,200.35750000000002,239.99,153.85,112.6525,131.4325,239.1025,418.0775,498.815,654.235,695.3825,681.6075,940.71,900.9925000000001,815.605,28.31,27.04,25.8,20.11,14.94,20.11,41.81,58.7,70.1,44.59,20.1,4.29,2.43,1.67,10.81,34.89,70.65,129.19,163.66,102.7,88.19,79.94,69.01,40.3,1,1,0,0,0,1,0,0,1,0,1,0,0,0,0,1,1,1,0,0,1,0,1,1
732,499.4175,372.8775,253.95,230.9425,259.8225,322.64750000000004,391.3825,404.8625,411.1325,266.5125,200.35750000000002,239.99,153.85,112.6525,131.4325,239.1025,418.0775,498.815,654.235,695.3825,681.6075,940.71,900.9925000000001,815.605,65.55,54.39,32.29,20.11,20.1,42.51,52.96,65.9,62.85,61.23,25.3,13.26,4.0,4.04,10.11,30.07,32.66,74.91,64.54,42.3,29.85,25.33,25.52,20.1,0,0,0,1,1,0,1,0,1,1,0,0,1,1,1,1,1,1,0,0,1,0,0,1
733,499.4175,372.8775,253.95,230.9425,259.8225,322.64750000000004,391.3825,404.8625,411.1325,266.5125,200.35750000000002,239.99,153.85,112.6525,131.4325,239.1025,418.0775,498.815,654.235,695.3825,681.6075,940.71,900.9925000000001,815.605,65.55,54.39,32.29,20.11,20.1,42.51,52.96,65.9,62.85,61.23,25.3,13.26,4.0,4.04,10.11,30.07,32.66,74.91,64.54,42.3,29.85,25.33,25.52,20.1,1,1,0,1,1,0,0,0,0,0,1,1,1,0,0,0,0,1,0,0,1,1,0,0
734,499.4175,372.8775,253.95,230.9425,259.8225,322.64750000000004,391.3825,404.8625,411.1325,266.5125,200.35750000000002,239.99,153.85,112.6525,131.4325,239.1025,418.0775,498.815,654.235,695.3825,681.6075,940.71,900.9925000000001,815.605,65.55,54.39,32.29,20.11,20.1,42.51,52.96,65.9,62.85,61.23,25.3,13.26,4.0,4.04,10.11,30.07,32.66,74.91,64.54,42.3,29.85,25.33,25.52,20.1,0,1,0,0,0,1,0,1,1,1,0,0,0,0,0,0,1,1,1,0,0,1,1,0
735,499.4175,372.8775,253.95,230.9425,259.8225,322.64750000000004,391.3825,404.8625,411.1325,266.5125,200.35750000000002,239.99,153.85,112.6525,131.4325,239.1025,418.0775,498.815,654.235,695.3825,681.6075,940.71,900.9925000000001,815.605,65.55,54.39,32.29,20.11,20.1,42.51,52.96,65.9,62.85,61.23,25.3,13.26,4.0,4.04,10.11,30.07,32.66,74.91,64.54,42.3,29.85,25.33,25.52,20.1,1,1,0,0,0,1,0,0,1,0,1,0,0,0,0,1,1,1,0,0,1,0,1,1
736,499.4175,372.8775,253.95,230.9425,259.8225,322.64750000000004,391.3825,404.8625,411.1325,266.5125,200.35750000000002,239.99,153.85,112.6525,131.4325,239.1025,418.0775,498.815,654.235,695.3825,681.6075,940.71,900.9925000000001,815.605,4.0,4.0,4.0,4.0,9.8,4.0,16.04,43.93,39.29,12.6,0.34,-0.67,-0.7,-0.78,0.01,3.97,13.23,60.4,60.41,43.5,34.76,33.55,31.31,31.16,0,0,0,1,1,0,1,0,1,1,0,0,1,1,1,1,1,1,0,0,1,0,0,1
737,499.4175,372.8775,253.95,230.9425,259.8225,322.64750000000004,391.3825,404.8625,411.1325,266.5125,200.35750000000002,239.99,153.85,112.6525,131.4325,239.1025,418.0775,498.815,654.235,695.3825,681.6075,940.71,900.9925000000001,815.605,4.0,4.0,4.0,4.0,9.8,4.0,16.04,43.93,39.29,12.6,0.34,-0.67,-0.7,-0.78,0.01,3.97,13.23,60.4,60.41,43.5,34.76,33.55,31.31,31.16,1,1,0,1,1,0,0,0,0,0,1,1,1,0,0,0,0,1,0,0,1,1,0,0
738,499.4175,372.8775,253.95,230.9425,259.8225,322.64750000000004,391.3825,404.8625,411.1325,266.5125,200.35750000000002,239.99,153.85,112.6525,131.4325,239.1025,418.0775,498.815,654.235,695.3825,681.6075,940.71,900.9925000000001,815.605,4.0,4.0,4.0,4.0,9.8,4.0,16.04,43.93,39.29,12.6,0.34,-0.67,-0.7,-0.78,0.01,3.97,13.23,60.4,60.41,43.5,34.76,33.55,31.31,31.16,0,1,0,0,0,1,0,1,1,1,0,0,0,0,0,0,1,1,1,0,0,1,1,0
739,499.4175,372.8775,253.95,230.9425,259.8225,322.64750000000004,391.3825,404.8625,411.1325,266.5125,200.35750000000002,239.99,153.85,112.6525,131.4325,239.1025,418.0775,498.815,654.235,695.3825,681.6075,940.71,900.9925000000001,815.605,4.0,4.0,4.0,4.0,9.8,4.0,16.04,43.93,39.29,12.6,0.34,-0.67,-0.7,-0.78,0.01,3.97,13.23,60.4,60.41,43.5,34.76,33.55,31.31,31.16,1,1,0,0,0,1,0,0,1,0,1,0,0,0,0,1,1,1,0,0,1,0,1,1
740,499.4175,372.8775,253.95,230.9425,259.8225,322.64750000000004,391.3825,404.8625,411.1325,266.5125,200.35750000000002,239.99,153.85,112.6525,131.4325,239.1025,418.0775,498.815,654.235,695.3825,681.6075,940.71,900.9925000000001,815.605,30.3,29.53,35.47,39.26,47.4,65.97,93.16,139.44,108.51,78.7,50.47,4.02,0.08,0.02,13.16,63.61,99.2,129.7,165.36,149.11,125.64,106.63,101.47,91.11,0,0,0,1,1,0,1,0,1,1,0,0,1,1,1,1,1,1,0,0,1,0,0,1
741,499.4175,372.8775,253.95,230.9425,259.8225,322.64750000000004,391.3825,404.8625,411.1325,266.5125,200.35750000000002,239.99,153.85,112.6525,131.4325,239.1025,418.0775,498.815,654.235,695.3825,681.6075,940.71,900.9925000000001,815.605,30.3,29.53,35.47,39.26,47.4,65.97,93.16,139.44,108.51,78.7,50.47,4.02,0.08,0.02,13.16,63.61,99.2,129.7,165.36,149.11,125.64,106.63,101.47,91.11,1,1,0,1,1,0,0,0,0,0,1,1,1,0,0,0,0,1,0,0,1,1,0,0
742,499.4175,372.8775,253.95,230.9425,259.8225,322.64750000000004,391.3825,404.8625,411.1325,266.5125,200.35750000000002,239.99,153.85,112.6525,131.4325,239.1025,418.0775,498.815,654.235,695.3825,681.6075,940.71,900.9925000000001,815.605,30.3,29.53,35.47,39.26,47.4,65.97,93.16,139.44,108.51,78.7,50.47,4.02,0.08,0.02,13.16,63.61,99.2,129.7,165.36,149.11,125.64,106.63,101.47,91.11,0,1,0,0,0,1,0,1,1,1,0,0,0,0,0,0,1,1,1,0,0,1,1,0
743,499.4175,372.8775,253.95,230.9425,259.8225,322.64750000000004,391.3825,404.8625,411.1325,266.5125,200.35750000000002,239.99,153.85,112.6525,131.4325,239.1025,418.0775,498.815,654.235,695.3825,681.6075,940.71,900.9925000000001,815.605,30.3,29.53,35.47,39.26,47.4,65.97,93.16,139.44,108.51,78.7,50.47,4.02,0.08,0.02,13.16,63.61,99.2,129.7,165.36,149.11,125.64,106.63,101.47,91.11,1,1,0,0,0,1,0,0,1,0,1,0,0,0,0,1,1,1,0,0,1,0,1,1
744,499.4175,372.8775,253.95,230.9425,259.8225,322.64750000000004,391.3825,404.8625,411.1325,266.5125,200.35750000000002,239.99,153.85,112.6525,131.4325,239.1025,418.0775,498.815,654.235,695.3825,681.6075,940.71,900.9925000000001,815.605,90.27,90.27,91.38,91.69,98.13,115.16,135.67,147.7,122.23,83.0,65.3,31.51,13.08,8.08,37.05,90.15,126.99,149.92,216.65,178.68,148.7,132.4,119.11,111.83,0,0,0,1,1,0,1,0,1,1,0,0,1,1,1,1,1,1,0,0,1,0,0,1
745,499.4175,372.8775,253.95,230.9425,259.8225,322.64750000000004,391.3825,404.8625,411.1325,266.5125,200.35750000000002,239.99,153.85,112.6525,131.4325,239.1025,418.0775,498.815,654.235,695.3825,681.6075,940.71,900.9925000000001,815.605,90.27,90.27,91.38,91.69,98.13,115.16,135.67,147.7,122.23,83.0,65.3,31.51,13.08,8.08,37.05,90.15,126.99,149.92,216.65,178.68,148.7,132.4,119.11,111.83,1,1,0,1,1,0,0,0,0,0,1,1,1,0,0,0,0,1,0,0,1,1,0,0
746,499.4175,372.8775,253.95,230.9425,259.8225,322.64750000000004,391.3825,404.8625,411.1325,266.5125,200.35750000000002,239.99,153.85,112.6525,131.4325,239.1025,418.0775,498.815,654.235,695.3825,681.6075,940.71,900.9925000000001,815.605,90.27,90.27,91.38,91.69,98.13,115.16,135.67,147.7,122.23,83.0,65.3,31.51,13.08,8.08,37.05,90.15,126.99,149.92,216.65,178.68,148.7,132.4,119.11,111.83,0,1,0,0,0,1,0,1,1,1,0,0,0,0,0,0,1,1,1,0,0,1,1,0
747,499.4175,372.8775,253.95,230.9425,259.8225,322.64750000000004,391.3825,404.8625,411.1325,266.5125,200.35750000000002,239.99,153.85,112.6525,131.4325,239.1025,418.0775,498.815,654.235,695.3825,681.6075,940.71,900.9925000000001,815.605,90.27,90.27,91.38,91.69,98.13,115.16,135.67,147.7,122.23,83.0,65.3,31.51,13.08,8.08,37.05,90.15,126.99,149.92,216.65,178.68,148.7,132.4,119.11,111.83,1,1,0,0,0,1,0,0,1,0,1,0,0,0,0,1,1,1,0,0,1,0,1,1
748,499.4175,372.8775,253.95,230.9425,259.8225,322.64750000000004,391.3825,404.8625,411.1325,266.5125,200.35750000000002,239.99,153.85,112.6525,131.4325,239.1025,418.0775,498.815,654.235,695.3825,681.6075,940.71,900.9925000000001,815.605,124.97,113.94,117.22,116.76,118.42,121.3,127.82,120.6,98.05,72.54,18.05,2.07,-0.33,-0.1,2.76,53.53,100.87,145.58,174.04,140.03,111.21,100.01,99.24,97.9,0,0,0,1,1,0,1,0,1,1,0,0,1,1,1,1,1,1,0,0,1,0,0,1
749,499.4175,372.8775,253.95,230.9425,259.8225,322.64750000000004,391.3825,404.8625,411.1325,266.5125,200.35750000000002,239.99,153.85,112.6525,131.4325,239.1025,418.0775,498.815,654.235,695.3825,681.6075,940.71,900.9925000000001,815.605,124.97,113.94,117.22,116.76,118.42,121.3,127.82,120.6,98.05,72.54,18.05,2.07,-0.33,-0.1,2.76,53.53,100.87,145.58,174.04,140.03,111.21,100.01,99.24,97.9,1,1,0,1,1,0,0,0,0,0,1,1,1,0,0,0,0,1,0,0,1,1,0,0
750,499.4175,372.8775,253.95,230.9425,259.8225,322.64750000000004,391.3825,404.8625,411.1325,266.5125,200.35750000000002,239.99,153.85,112.6525,131.4325,239.1025,418.0775,498.815,654.235,695.3825,681.6075,940.71,900.9925000000001,815.605,124.97,113.94,117.22,116.76,118.42,121.3,127.82,120.6,98.05,72.54,18.05,2.07,-0.33,-0.1,2.76,53.53,100.87,145.58,174.04,140.03,111.21,100.01,99.24,97.9,0,1,0,0,0,1,0,1,1,1,0,0,0,0,0,0,1,1,1,0,0,1,1,0
751,499.4175,372.8775,253.95,230.9425,259.8225,322.64750000000004,391.3825,404.8625,411.1325,266.5125,200.35750000000002,239.99,153.85,112.6525,131.4325,239.1025,418.0775,498.815,654.235,695.3825,681.6075,940.71,900.9925000000001,815.605,124.97,113.94,117.22,116.76,118.42,121.3,127.82,120.6,98.05,72.54,18.05,2.07,-0.33,-0.1,2.76,53.53,100.87,145.58,174.04,140.03,111.21,100.01,99.24,97.9,1,1,0,0,0,1,0,0,1,0,1,0,0,0,0,1,1,1,0,0,1,0,1,1
752,499.4175,372.8775,253.95,230.9425,259.8225,322.64750000000004,391.3825,404.8625,411.1325,266.5125,200.35750000000002,239.99,153.85,112.6525,131.4325,239.1025,418.0775,498.815,654.235,695.3825,681.6075,940.71,900.9925000000001,815.605,95.19,94.81,94.44,96.51,98.67,101.51,100.0,93.0,59.02,24.41,21.32,3.95,1.29,3.95,11.03,28.01,68.99,107.86,134.15,132.71,114.54,107.87,104.56,103.64,0,0,0,1,1,0,1,0,1,1,0,0,1,1,1,1,1,1,0,0,1,0,0,1
753,499.4175,372.8775,253.95,230.9425,259.8225,322.64750000000004,391.3825,404.8625,411.1325,266.5125,200.35750000000002,239.99,153.85,112.6525,131.4325,239.1025,418.0775,498.815,654.235,695.3825,681.6075,940.71,900.9925000000001,815.605,95.19,94.81,94.44,96.51,98.67,101.51,100.0,93.0,59.02,24.41,21.32,3.95,1.29,3.95,11.03,28.01,68.99,107.86,134.15,132.71,114.54,107.87,104.56,103.64,1,1,0,1,1,0,0,0,0,0,1,1,1,0,0,0,0,1,0,0,1,1,0,0
754,499.4175,372.8775,253.95,230.9425,259.8225,322.64750000000004,391.3825,404.8625,411.1325,266.5125,200.35750000000002,239.99,153.85,112.6525,131.4325,239.1025,418.0775,498.815,654.235,695.3825,681.6075,940.71,900.9925000000001,815.605,95.19,94.81,94.44,96.51,98.67,101.51,100.0,93.0,59.02,24.41,21.32,3.95,1.29,3.95,11.03,28.01,68.99,107.86,134.15,132.71,114.54,107.87,104.56,103.64,0,1,0,0,0,1,0,1,1,1,0,0,0,0,0,0,1,1,1,0,0,1,1,0
755,499.4175,372.8775,253.95,230.9425,259.8225,322.64750000000004,391.3825,404.8625,411.1325,266.5125,200.35750000000002,239.99,153.85,112.6525,131.4325,239.1025,418.0775,498.815,654.235,695.3825,681.6075,940.71,900.9925000000001,815.605,95.19,94.81,94.44,96.51,98.67,101.51,100.0,93.0,59.02,24.41,21.32,3.95,1.29,3.95,11.03,28.01,68.99,107.86,134.15,132.71,114.54,107.87,104.56,103.64,1,1,0,0,0,1,0,0,1,0,1,0,0,0,0,1,1,1,0,0,1,0,1,1
756,499.4175,372.8775,253.95,230.9425,259.8225,322.64750000000004,391.3825,404.8625,411.1325,266.5125,200.35750000000002,239.99,153.85,112.6525,131.4325,239.1025,418.0775,498.815,654.235,695.3825,681.6075,940.71,900.9925000000001,815.605,95.84,94.92,96.7,96.86,89.98,101.13,148.63,159.87,134.08,98.92,84.44,77.92,76.06,77.36,83.96,97.54,127.59,148.1,175.06,160.4,142.28,126.68,106.87,97.93,0,0,0,1,1,0,1,0,1,1,0,0,1,1,1,1,1,1,0,0,1,0,0,1
757,499.4175,372.8775,253.95,230.9425,259.8225,322.64750000000004,391.3825,404.8625,411.1325,266.5125,200.35750000000002,239.99,153.85,112.6525,131.4325,239.1025,418.0775,498.815,654.235,695.3825,681.6075,940.71,900.9925000000001,815.605,95.84,94.92,96.7,96.86,89.98,101.13,148.63,159.87,134.08,98.92,84.44,77.92,76.06,77.36,83.96,97.54,127.59,148.1,175.06,160.4,142.28,126.68,106.87,97.93,1,1,0,1,1,0,0,0,0,0,1,1,1,0,0,0,0,1,0,0,1,1,0,0
758,499.4175,372.8775,253.95,230.9425,259.8225,322.64750000000004,391.3825,404.8625,411.1325,266.5125,200.35750000000002,239.99,153.85,112.6525,131.4325,239.1025,418.0775,498.815,654.235,695.3825,681.6075,940.71,900.9925000000001,815.605,95.84,94.92,96.7,96.86,89.98,101.13,148.63,159.87,134.08,98.92,84.44,77.92,76.06,77.36,83.96,97.54,127.59,148.1,175.06,160.4,142.28,126.68,106.87,97.93,0,1,0,0,0,1,0,1,1,1,0,0,0,0,0,0,1,1,1,0,0,1,1,0
759,499.4175,372.8775,253.95,230.9425,259.8225,322.64750000000004,391.3825,404.8625,411.1325,266.5125,200.35750000000002,239.99,153.85,112.6525,131.4325,239.1025,418.0775,498.815,654.235,695.3825,681.6075,940.71,900.9925000000001,815.605,95.84,94.92,96.7,96.86,89.98,101.13,148.63,159.87,134.08,98.92,84.44,77.92,76.06,77.36,83.96,97.54,127.59,148.1,175.06,160.4,142.28,126.68,106.87,97.93,1,1,0,0,0,1,0,0,1,0,1,0,0,0,0,1,1,1,0,0,1,0,1,1
760,499.4175,372.8775,253.95,230.9425,259.8225,322.64750000000004,391.3825,404.8625,411.1325,266.5125,200.35750000000002,239.99,153.85,112.6525,131.4325,239.1025,418.0775,498.815,654.235,695.3825,681.6075,940.71,900.9925000000001,815.605,104.39,101.79,99.72,100.48,102.51,110.88,148.14,153.09,146.54,128.53,102.0,97.48,96.45,98.39,102.35,112.84,132.9,172.03,205.15,181.06,149.49,133.05,121.27,107.36,0,0,0,1,1,0,1,0,1,1,0,0,1,1,1,1,1,1,0,0,1,0,0,1
761,499.4175,372.8775,253.95,230.9425,259.8225,322.64750000000004,391.3825,404.8625,411.1325,266.5125,200.35750000000002,239.99,153.85,112.6525,131.4325,239.1025,418.0775,498.815,654.235,695.3825,681.6075,940.71,900.9925000000001,815.605,104.39,101.79,99.72,100.48,102.51,110.88,148.14,153.09,146.54,128.53,102.0,97.48,96.45,98.39,102.35,112.84,132.9,172.03,205.15,181.06,149.49,133.05,121.27,107.36,1,1,0,1,1,0,0,0,0,0,1,1,1,0,0,0,0,1,0,0,1,1,0,0
762,499.4175,372.8775,253.95,230.9425,259.8225,322.64750000000004,391.3825,404.8625,411.1325,266.5125,200.35750000000002,239.99,153.85,112.6525,131.4325,239.1025,418.0775,498.815,654.235,695.3825,681.6075,940.71,900.9925000000001,815.605,104.39,101.79,99.72,100.48,102.51,110.88,148.14,153.09,146.54,128.53,102.0,97.48,96.45,98.39,102.35,112.84,132.9,172.03,205.15,181.06,149.49,133.05,121.27,107.36,0,1,0,0,0,1,0,1,1,1,0,0,0,0,0,0,1,1,1,0,0,1,1,0
763,499.4175,372.8775,253.95,230.9425,259.8225,322.64750000000004,391.3825,404.8625,411.1325,266.5125,200.35750000000002,239.99,153.85,112.6525,131.4325,239.1025,418.0775,498.815,654.235,695.3825,681.6075,940.71,900.9925000000001,815.605,104.39,101.79,99.72,100.48,102.51,110.88,148.14,153.09,146.54,128.53,102.0,97.48,96.45,98.39,102.35,112.84,132.9,172.03,205.15,181.06,149.49,133.05,121.27,107.36,1,1,0,0,0,1,0,0,1,0,1,0,0,0,0,1,1,1,0,0,1,0,1,1
764,499.4175,372.8775,253.95,230.9425,259.8225,322.64750000000004,391.3825,404.8625,411.1325,266.5125,200.35750000000002,239.99,153.85,112.6525,131.4325,239.1025,418.0775,498.815,654.235,695.3825,681.6075,940.71,900.9925000000001,815.605,101.74,100.11,97.82,97.43,101.85,110.37,144.57,161.75,148.49,125.02,102.64,99.73,98.11,99.95,101.69,117.81,140.35,159.04,199.9,179.58,148.09,132.26,120.02,109.91,0,0,0,1,1,0,1,0,1,1,0,0,1,1,1,1,1,1,0,0,1,0,0,1
765,499.4175,372.8775,253.95,230.9425,259.8225,322.64750000000004,391.3825,404.8625,411.1325,266.5125,200.35750000000002,239.99,153.85,112.6525,131.4325,239.1025,418.0775,498.815,654.235,695.3825,681.6075,940.71,900.9925000000001,815.605,101.74,100.11,97.82,97.43,101.85,110.37,144.57,161.75,148.49,125.02,102.64,99.73,98.11,99.95,101.69,117.81,140.35,159.04,199.9,179.58,148.09,132.26,120.02,109.91,1,1,0,1,1,0,0,0,0,0,1,1,1,0,0,0,0,1,0,0,1,1,0,0
766,499.4175,372.8775,253.95,230.9425,259.8225,322.64750000000004,391.3825,404.8625,411.1325,266.5125,200.35750000000002,239.99,153.85,112.6525,131.4325,239.1025,418.0775,498.815,654.235,695.3825,681.6075,940.71,900.9925000000001,815.605,101.74,100.11,97.82,97.43,101.85,110.37,144.57,161.75,148.49,125.02,102.64,99.73,98.11,99.95,101.69,117.81,140.35,159.04,199.9,179.58,148.09,132.26,120.02,109.91,0,1,0,0,0,1,0,1,1,1,0,0,0,0,0,0,1,1,1,0,0,1,1,0
767,499.4175,372.8775,253.95,230.9425,259.8225,322.64750000000004,391.3825,404.8625,411.1325,266.5125,200.35750000000002,239.99,153.85,112.6525,131.4325,239.1025,418.0775,498.815,654.235,695.3825,681.6075,940.71,900.9925000000001,815.605,101.74,100.11,97.82,97.43,101.85,110.37,144.57,161.75,148.49,125.02,102.64,99.73,98.11,99.95,101.69,117.81,140.35,159.04,199.9,179.58,148.09,132.26,120.02,109.91,1,1,0,0,0,1,0,0,1,0,1,0,0,0,0,1,1,1,0,0,1,0,1,1
768,499.4175,372.8775,253.95,230.9425,259.8225,322.64750000000004,391.3825,404.8625,411.1325,266.5125,200.35750000000002,239.99,153.85,112.6525,131.4325,239.1025,418.0775,498.815,654.235,695.3825,681.6075,940.71,900.9925000000001,815.605,108.49,102.22,98.96,96.69,98.33,105.87,132.7,160.74,160.99,154.8,123.84,110.75,110.08,108.28,107.6,110.02,121.56,142.95,166.09,173.42,148.99,135.69,123.41,111.53,0,0,0,1,1,0,1,0,1,1,0,0,1,1,1,1,1,1,0,0,1,0,0,1
769,499.4175,372.8775,253.95,230.9425,259.8225,322.64750000000004,391.3825,404.8625,411.1325,266.5125,200.35750000000002,239.99,153.85,112.6525,131.4325,239.1025,418.0775,498.815,654.235,695.3825,681.6075,940.71,900.9925000000001,815.605,108.49,102.22,98.96,96.69,98.33,105.87,132.7,160.74,160.99,154.8,123.84,110.75,110.08,108.28,107.6,110.02,121.56,142.95,166.09,173.42,148.99,135.69,123.41,111.53,1,1,0,1,1,0,0,0,0,0,1,1,1,0,0,0,0,1,0,0,1,1,0,0
770,499.4175,372.8775,253.95,230.9425,259.8225,322.64750000000004,391.3825,404.8625,411.1325,266.5125,200.35750000000002,239.99,153.85,112.6525,131.4325,239.1025,418.0775,498.815,654.235,695.3825,681.6075,940.71,900.9925000000001,815.605,108.49,102.22,98.96,96.69,98.33,105.87,132.7,160.74,160.99,154.8,123.84,110.75,110.08,108.28,107.6,110.02,121.56,142.95,166.09,173.42,148.99,135.69,123.41,111.53,0,1,0,0,0,1,0,1,1,1,0,0,0,0,0,0,1,1,1,0,0,1,1,0
771,499.4175,372.8775,253.95,230.9425,259.8225,322.64750000000004,391.3825,404.8625,411.1325,266.5125,200.35750000000002,239.99,153.85,112.6525,131.4325,239.1025,418.0775,498.815,654.235,695.3825,681.6075,940.71,900.9925000000001,815.605,108.49,102.22,98.96,96.69,98.33,105.87,132.7,160.74,160.99,154.8,123.84,110.75,110.08,108.28,107.6,110.02,121.56,142.95,166.09,173.42,148.99,135.69,123.41,111.53,1,1,0,0,0,1,0,0,1,0,1,0,0,0,0,1,1,1,0,0,1,0,1,1
772,499.4175,372.8775,253.95,230.9425,259.8225,322.64750000000004,391.3825,404.8625,411.1325,266.5125,200.35750000000002,239.99,153.85,112.6525,131.4325,239.1025,418.0775,498.815,654.235,695.3825,681.6075,940.71,900.9925000000001,815.605,109.19,106.08,105.97,103.89,105.37,114.08,143.05,155.29,155.08,132.11,112.01,106.37,104.49,104.58,105.38,109.42,124.93,146.56,155.47,151.02,130.1,111.46,114.0,105.15,0,0,0,1,1,0,1,0,1,1,0,0,1,1,1,1,1,1,0,0,1,0,0,1
773,499.4175,372.8775,253.95,230.9425,259.8225,322.64750000000004,391.3825,404.8625,411.1325,266.5125,200.35750000000002,239.99,153.85,112.6525,131.4325,239.1025,418.0775,498.815,654.235,695.3825,681.6075,940.71,900.9925000000001,815.605,109.19,106.08,105.97,103.89,105.37,114.08,143.05,155.29,155.08,132.11,112.01,106.37,104.49,104.58,105.38,109.42,124.93,146.56,155.47,151.02,130.1,111.46,114.0,105.15,1,1,0,1,1,0,0,0,0,0,1,1,1,0,0,0,0,1,0,0,1,1,0,0
774,499.4175,372.8775,253.95,230.9425,259.8225,322.64750000000004,391.3825,404.8625,411.1325,266.5125,200.35750000000002,239.99,153.85,112.6525,131.4325,239.1025,418.0775,498.815,654.235,695.3825,681.6075,940.71,900.9925000000001,815.605,109.19,106.08,105.97,103.89,105.37,114.08,143.05,155.29,155.08,132.11,112.01,106.37,104.49,104.58,105.38,109.42,124.93,146.56,155.47,151.02,130.1,111.46,114.0,105.15,0,1,0,0,0,1,0,1,1,1,0,0,0,0,0,0,1,1,1,0,0,1,1,0
775,499.4175,372.8775,253.95,230.9425,259.8225,322.64750000000004,391.3825,404.8625,411.1325,266.5125,200.35750000000002,239.99,153.85,112.6525,131.4325,239.1025,418.0775,498.815,654.235,695.3825,681.6075,940.71,900.9925000000001,815.605,109.19,106.08,105.97,103.89,105.37,114.08,143.05,155.29,155.08,132.11,112.01,106.37,104.49,104.58,105.38,109.42,124.93,146.56,155.47,151.02,130.1,111.46,114.0,105.15,1,1,0,0,0,1,0,0,1,0,1,0,0,0,0,1,1,1,0,0,1,0,1,1
776,499.4175,372.8775,253.95,230.9425,259.8225,322.64750000000004,391.3825,404.8625,411.1325,266.5125,200.35750000000002,239.99,153.85,112.6525,131.4325,239.1025,418.0775,498.815,654.235,695.3825,681.6075,940.71,900.9925000000001,815.605,112.16,103.15,96.0,89.89,86.89,90.55,97.0,99.38,98.73,86.36,72.35,67.12,57.28,47.96,54.46,70.76,84.2,121.87,130.26,132.91,121.41,108.46,104.98,95.21,0,0,0,1,1,0,1,0,1,1,0,0,1,1,1,1,1,1,0,0,1,0,0,1
777,499.4175,372.8775,253.95,230.9425,259.8225,322.64750000000004,391.3825,404.8625,411.1325,266.5125,200.35750000000002,239.99,153.85,112.6525,131.4325,239.1025,418.0775,498.815,654.235,695.3825,681.6075,940.71,900.9925000000001,815.605,112.16,103.15,96.0,89.89,86.89,90.55,97.0,99.38,98.73,86.36,72.35,67.12,57.28,47.96,54.46,70.76,84.2,121.87,130.26,132.91,121.41,108.46,104.98,95.21,1,1,0,1,1,0,0,0,0,0,1,1,1,0,0,0,0,1,0,0,1,1,0,0
778,499.4175,372.8775,253.95,230.9425,259.8225,322.64750000000004,391.3825,404.8625,411.1325,266.5125,200.35750000000002,239.99,153.85,112.6525,131.4325,239.1025,418.0775,498.815,654.235,695.3825,681.6075,940.71,900.9925000000001,815.605,112.16,103.15,96.0,89.89,86.89,90.55,97.0,99.38,98.73,86.36,72.35,67.12,57.28,47.96,54.46,70.76,84.2,121.87,130.26,132.91,121.41,108.46,104.98,95.21,0,1,0,0,0,1,0,1,1,1,0,0,0,0,0,0,1,1,1,0,0,1,1,0
779,499.4175,372.8775,253.95,230.9425,259.8225,322.64750000000004,391.3825,404.8625,411.1325,266.5125,200.35750000000002,239.99,153.85,112.6525,131.4325,239.1025,418.0775,498.815,654.235,695.3825,681.6075,940.71,900.9925000000001,815.605,112.16,103.15,96.0,89.89,86.89,90.55,97.0,99.38,98.73,86.36,72.35,67.12,57.28,47.96,54.46,70.76,84.2,121.87,130.26,132.91,121.41,108.46,104.98,95.21,1,1,0,0,0,1,0,0,1,0,1,0,0,0,0,1,1,1,0,0,1,0,1,1
780,499.4175,372.8775,253.95,230.9425,259.8225,322.64750000000004,391.3825,404.8625,411.1325,266.5125,200.35750000000002,239.99,153.85,112.6525,131.4325,239.1025,418.0775,498.815,654.235,695.3825,681.6075,940.71,900.9925000000001,815.605,89.97,85.75,79.57,78.15,78.55,29.41,30.14,30.7,30.5,28.73,24.06,2.9,1.01,0.19,2.67,30.81,59.97,94.68,83.61,45.54,31.49,31.1,30.69,30.44,0,0,0,1,1,0,1,0,1,1,0,0,1,1,1,1,1,1,0,0,1,0,0,1
781,499.4175,372.8775,253.95,230.9425,259.8225,322.64750000000004,391.3825,404.8625,411.1325,266.5125,200.35750000000002,239.99,153.85,112.6525,131.4325,239.1025,418.0775,498.815,654.235,695.3825,681.6075,940.71,900.9925000000001,815.605,89.97,85.75,79.57,78.15,78.55,29.41,30.14,30.7,30.5,28.73,24.06,2.9,1.01,0.19,2.67,30.81,59.97,94.68,83.61,45.54,31.49,31.1,30.69,30.44,1,1,0,1,1,0,0,0,0,0,1,1,1,0,0,0,0,1,0,0,1,1,0,0
782,499.4175,372.8775,253.95,230.9425,259.8225,322.64750000000004,391.3825,404.8625,411.1325,266.5125,200.35750000000002,239.99,153.85,112.6525,131.4325,239.1025,418.0775,498.815,654.235,695.3825,681.6075,940.71,900.9925000000001,815.605,89.97,85.75,79.57,78.15,78.55,29.41,30.14,30.7,30.5,28.73,24.06,2.9,1.01,0.19,2.67,30.81,59.97,94.68,83.61,45.54,31.49,31.1,30.69,30.44,0,1,0,0,0,1,0,1,1,1,0,0,0,0,0,0,1,1,1,0,0,1,1,0
783,499.4175,372.8775,253.95,230.9425,259.8225,322.64750000000004,391.3825,404.8625,411.1325,266.5125,200.35750000000002,239.99,153.85,112.6525,131.4325,239.1025,418.0775,498.815,654.235,695.3825,681.6075,940.71,900.9925000000001,815.605,89.97,85.75,79.57,78.15,78.55,29.41,30.14,30.7,30.5,28.73,24.06,2.9,1.01,0.19,2.67,30.81,59.97,94.68,83.61,45.54,31.49,31.1,30.69,30.44,1,1,0,0,0,1,0,0,1,0,1,0,0,0,0,1,1,1,0,0,1,0,1,1
784,499.4175,372.8775,253.95,230.9425,259.8225,322.64750000000004,391.3825,404.8625,411.1325,266.5125,200.35750000000002,239.99,153.85,112.6525,131.4325,239.1025,418.0775,498.815,654.235,695.3825,681.6075,940.71,900.9925000000001,815.605,30.66,40.11,77.6,80.9,85.84,103.33,135.26,152.96,135.32,100.77,68.2,50.53,31.14,27.92,50.12,70.02,98.59,143.14,177.42,170.09,141.58,113.55,106.46,93.49,0,0,0,1,1,0,1,0,1,1,0,0,1,1,1,1,1,1,0,0,1,0,0,1
785,499.4175,372.8775,253.95,230.9425,259.8225,322.64750000000004,391.3825,404.8625,411.1325,266.5125,200.35750000000002,239.99,153.85,112.6525,131.4325,239.1025,418.0775,498.815,654.235,695.3825,681.6075,940.71,900.9925000000001,815.605,30.66,40.11,77.6,80.9,85.84,103.33,135.26,152.96,135.32,100.77,68.2,50.53,31.14,27.92,50.12,70.02,98.59,143.14,177.42,170.09,141.58,113.55,106.46,93.49,1,1,0,1,1,0,0,0,0,0,1,1,1,0,0,0,0,1,0,0,1,1,0,0
786,499.4175,372.8775,253.95,230.9425,259.8225,322.64750000000004,391.3825,404.8625,411.1325,266.5125,200.35750000000002,239.99,153.85,112.6525,131.4325,239.1025,418.0775,498.815,654.235,695.3825,681.6075,940.71,900.9925000000001,815.605,30.66,40.11,77.6,80.9,85.84,103.33,135.26,152.96,135.32,100.77,68.2,50.53,31.14,27.92,50.12,70.02,98.59,143.14,177.42,170.09,141.58,113.55,106.46,93.49,0,1,0,0,0,1,0,1,1,1,0,0,0,0,0,0,1,1,1,0,0,1,1,0
787,499.4175,372.8775,253.95,230.9425,259.8225,322.64750000000004,391.3825,404.8625,411.1325,266.5125,200.35750000000002,239.99,153.85,112.6525,131.4325,239.1025,418.0775,498.815,654.235,695.3825,681.6075,940.71,900.9925000000001,815.605,30.66,40.11,77.6,80.9,85.84,103.33,135.26,152.96,135.32,100.77,68.2,50.53,31.14,27.92,50.12,70.02,98.59,143.14,177.42,170.09,141.58,113.55,106.46,93.49,1,1,0,0,0,1,0,0,1,0,1,0,0,0,0,1,1,1,0,0,1,0,1,1
788,499.4175,372.8775,253.95,230.9425,259.8225,322.64750000000004,391.3825,404.8625,411.1325,266.5125,200.35750000000002,239.99,153.85,112.6525,131.4325,239.1025,418.0775,498.815,654.235,695.3825,681.6075,940.71,900.9925000000001,815.605,92.18,89.96,89.71,67.1,69.44,102.28,128.02,136.73,106.56,68.46,27.24,1.79,-0.2,-0.28,17.36,38.6,96.03,141.1,171.17,167.77,142.51,117.77,107.46,100.5,0,0,0,1,1,0,1,0,1,1,0,0,1,1,1,1,1,1,0,0,1,0,0,1
789,499.4175,372.8775,253.95,230.9425,259.8225,322.64750000000004,391.3825,404.8625,411.1325,266.5125,200.35750000000002,239.99,153.85,112.6525,131.4325,239.1025,418.0775,498.815,654.235,695.3825,681.6075,940.71,900.9925000000001,815.605,92.18,89.96,89.71,67.1,69.44,102.28,128.02,136.73,106.56,68.46,27.24,1.79,-0.2,-0.28,17.36,38.6,96.03,141.1,171.17,167.77,142.51,117.77,107.46,100.5,1,1,0,1,1,0,0,0,0,0,1,1,1,0,0,0,0,1,0,0,1,1,0,0
790,499.4175,372.8775,253.95,230.9425,259.8225,322.64750000000004,391.3825,404.8625,411.1325,266.5125,200.35750000000002,239.99,153.85,112.6525,131.4325,239.1025,418.0775,498.815,654.235,695.3825,681.6075,940.71,900.9925000000001,815.605,92.18,89.96,89.71,67.1,69.44,102.28,128.02,136.73,106.56,68.46,27.24,1.79,-0.2,-0.28,17.36,38.6,96.03,141.1,171.17,167.77,142.51,117.77,107.46,100.5,0,1,0,0,0,1,0,1,1,1,0,0,0,0,0,0,1,1,1,0,0,1,1,0
791,499.4175,372.8775,253.95,230.9425,259.8225,322.64750000000004,391.3825,404.8625,411.1325,266.5125,200.35750000000002,239.99,153.85,112.6525,131.4325,239.1025,418.0775,498.815,654.235,695.3825,681.6075,940.71,900.9925000000001,815.605,92.18,89.96,89.71,67.1,69.44,102.28,128.02,136.73,106.56,68.46,27.24,1.79,-0.2,-0.28,17.36,38.6,96.03,141.1,171.17,167.77,142.51,117.77,107.46,100.5,1,1,0,0,0,1,0,0,1,0,1,0,0,0,0,1,1,1,0,0,1,0,1,1
792,499.4175,372.8775,253.95,230.9425,259.8225,322.64750000000004,391.3825,404.8625,411.1325,266.5125,200.35750000000002,239.99,153.85,112.6525,131.4325,239.1025,418.0775,498.815,654.235,695.3825,681.6075,940.71,900.9925000000001,815.605,204.12,101.46,97.67,98.58,101.74,110.71,153.27,140.98,99.91,76.08,38.9,6.7,3.13,3.41,30.98,62.63,120.26,154.93,279.34,251.99,163.48,136.61,124.83,117.5,0,0,0,1,1,0,1,0,1,1,0,0,1,1,1,1,1,1,0,0,1,0,0,1
793,499.4175,372.8775,253.95,230.9425,259.8225,322.64750000000004,391.3825,404.8625,411.1325,266.5125,200.35750000000002,239.99,153.85,112.6525,131.4325,239.1025,418.0775,498.815,654.235,695.3825,681.6075,940.71,900.9925000000001,815.605,204.12,101.46,97.67,98.58,101.74,110.71,153.27,140.98,99.91,76.08,38.9,6.7,3.13,3.41,30.98,62.63,120.26,154.93,279.34,251.99,163.48,136.61,124.83,117.5,1,1,0,1,1,0,0,0,0,0,1,1,1,0,0,0,0,1,0,0,1,1,0,0
794,499.4175,372.8775,253.95,230.9425,259.8225,322.64750000000004,391.3825,404.8625,411.1325,266.5125,200.35750000000002,239.99,153.85,112.6525,131.4325,239.1025,418.0775,498.815,654.235,695.3825,681.6075,940.71,900.9925000000001,815.605,204.12,101.46,97.67,98.58,101.74,110.71,153.27,140.98,99.91,76.08,38.9,6.7,3.13,3.41,30.98,62.63,120.26,154.93,279.34,251.99,163.48,136.61,124.83,117.5,0,1,0,0,0,1,0,1,1,1,0,0,0,0,0,0,1,1,1,0,0,1,1,0
795,499.4175,372.8775,253.95,230.9425,259.8225,322.64750000000004,391.3825,404.8625,411.1325,266.5125,200.35750000000002,239.99,153.85,112.6525,131.4325,239.1025,418.0775,498.815,654.235,695.3825,681.6075,940.71,900.9925000000001,815.605,204.12,101.46,97.67,98.58,101.74,110.71,153.27,140.98,99.91,76.08,38.9,6.7,3.13,3.41,30.98,62.63,120.26,154.93,279.34,251.99,163.48,136.61,124.83,117.5,1,1,0,0,0,1,0,0,1,0,1,0,0,0,0,1,1,1,0,0,1,0,1,1
796,499.4175,372.8775,253.95,230.9425,259.8225,322.64750000000004,391.3825,404.8625,411.1325,266.5125,200.35750000000002,239.99,153.85,112.6525,131.4325,239.1025,418.0775,498.815,654.235,695.3825,681.6075,940.71,900.9925000000001,815.605,107.45,102.55,101.34,102.15,106.74,122.73,158.29,147.93,108.19,73.39,28.86,3.96,-0.56,-0.16,27.42,40.28,109.8,147.64,248.27,220.53,176.9,138.38,124.58,111.27,0,0,0,1,1,0,1,0,1,1,0,0,1,1,1,1,1,1,0,0,1,0,0,1
797,499.4175,372.8775,253.95,230.9425,259.8225,322.64750000000004,391.3825,404.8625,411.1325,266.5125,200.35750000000002,239.99,153.85,112.6525,131.4325,239.1025,418.0775,498.815,654.235,695.3825,681.6075,940.71,900.9925000000001,815.605,107.45,102.55,101.34,102.15,106.74,122.73,158.29,147.93,108.19,73.39,28.86,3.96,-0.56,-0.16,27.42,40.28,109.8,147.64,248.27,220.53,176.9,138.38,124.58,111.27,1,1,0,1,1,0,0,0,0,0,1,1,1,0,0,0,0,1,0,0,1,1,0,0
798,499.4175,372.8775,253.95,230.9425,259.8225,322.64750000000004,391.3825,404.8625,411.1325,266.5125,200.35750000000002,239.99,153.85,112.6525,131.4325,239.1025,418.0775,498.815,654.235,695.3825,681.6075,940.71,900.9925000000001,815.605,107.45,102.55,101.34,102.15,106.74,122.73,158.29,147.93,108.19,73.39,28.86,3.96,-0.56,-0.16,27.42,40.28,109.8,147.64,248.27,220.53,176.9,138.38,124.58,111.27,0,1,0,0,0,1,0,1,1,1,0,0,0,0,0,0,1,1,1,0,0,1,1,0
799,499.4175,372.8775,253.95,230.9425,259.8225,322.64750000000004,391.3825,404.8625,411.1325,266.5125,200.35750000000002,239.99,153.85,112.6525,131.4325,239.1025,418.0775,498.815,654.235,695.3825,681.6075,940.71,900.9925000000001,815.605,107.45,102.55,101.34,102.15,106.74,122.73,158.29,147.93,108.19,73.39,28.86,3.96,-0.56,-0.16,27.42,40.28,109.8,147.64,248.27,220.53,176.9,138.38,124.58,111.27,1,1,0,0,0,1,0,0,1,0,1,0,0,0,0,1,1,1,0,0,1,0,1,1
800,913.31,924.8175,1009.4024999999999,1231.8600000000001,1494.8675,1707.845,1567.9325,1408.655,1232.3325,947.795,975.3425,884.555,887.0975,932.535,968.6025,916.9125,910.2525,987.795,943.88,932.085,767.7325,749.1125,743.685,717.8100000000001,128.2,120.38,117.09,112.15,109.75,111.89,117.11,135.81,138.82,137.77,125.08,112.1,102.21,97.27,99.39,97.8,125.41,145.0,158.55,150.78,133.41,125.42,122.03,119.92,0,0,0,1,1,0,1,0,1,1,0,0,1,1,1,1,1,1,0,0,1,0,0,1
801,913.31,924.8175,1009.4024999999999,1231.8600000000001,1494.8675,1707.845,1567.9325,1408.655,1232.3325,947.795,975.3425,884.555,887.0975,932.535,968.6025,916.9125,910.2525,987.795,943.88,932.085,767.7325,749.1125,743.685,717.8100000000001,128.2,120.38,117.09,112.15,109.75,111.89,117.11,135.81,138.82,137.77,125.08,112.1,102.21,97.27,99.39,97.8,125.41,145.0,158.55,150.78,133.41,125.42,122.03,119.92,1,1,0,1,1,0,0,0,0,0,1,1,1,0,0,0,0,1,0,0,1,1,0,0
802,913.31,924.8175,1009.4024999999999,1231.8600000000001,1494.8675,1707.845,1567.9325,1408.655,1232.3325,947.795,975.3425,884.555,887.0975,932.535,968.6025,916.9125,910.2525,987.795,943.88,932.085,767.7325,749.1125,743.685,717.8100000000001,128.2,120.38,117.09,112.15,109.75,111.89,117.11,135.81,138.82,137.77,125.08,112.1,102.21,97.27,99.39,97.8,125.41,145.0,158.55,150.78,133.41,125.42,122.03,119.92,0,1,0,0,0,1,0,1,1,1,0,0,0,0,0,0,1,1,1,0,0,1,1,0
803,913.31,924.8175,1009.4024999999999,1231.8600000000001,1494.8675,1707.845,1567.9325,1408.655,1232.3325,947.795,975.3425,884.555,887.0975,932.535,968.6025,916.9125,910.2525,987.795,943.88,932.085,767.7325,749.1125,743.685,717.8100000000001,128.2,120.38,117.09,112.15,109.75,111.89,117.11,135.81,138.82,137.77,125.08,112.1,102.21,97.27,99.39,97.8,125.41,145.0,158.55,150.78,133.41,125.42,122.03,119.92,1,1,0,0,0,1,0,0,1,0,1,0,0,0,0,1,1,1,0,0,1,0,1,1
804,913.31,924.8175,1009.4024999999999,1231.8600000000001,1494.8675,1707.845,1567.9325,1408.655,1232.3325,947.795,975.3425,884.555,887.0975,932.535,968.6025,916.9125,910.2525,987.795,943.88,932.085,767.7325,749.1125,743.685,717.8100000000001,102.61,57.86,30.22,21.37,19.06,19.05,43.56,90.69,103.11,89.0,33.71,11.22,7.4,3.14,2.85,19.0,54.16,99.69,136.58,117.23,80.9,61.1,35.12,25.41,0,0,0,1,1,0,1,0,1,1,0,0,1,1,1,1,1,1,0,0,1,0,0,1
805,913.31,924.8175,1009.4024999999999,1231.8600000000001,1494.8675,1707.845,1567.9325,1408.655,1232.3325,947.795,975.3425,884.555,887.0975,932.535,968.6025,916.9125,910.2525,987.795,943.88,932.085,767.7325,749.1125,743.685,717.8100000000001,102.61,57.86,30.22,21.37,19.06,19.05,43.56,90.69,103.11,89.0,33.71,11.22,7.4,3.14,2.85,19.0,54.16,99.69,136.58,117.23,80.9,61.1,35.12,25.41,1,1,0,1,1,0,0,0,0,0,1,1,1,0,0,0,0,1,0,0,1,1,0,0
806,913.31,924.8175,1009.4024999999999,1231.8600000000001,1494.8675,1707.845,1567.9325,1408.655,1232.3325,947.795,975.3425,884.555,887.0975,932.535,968.6025,916.9125,910.2525,987.795,943.88,932.085,767.7325,749.1125,743.685,717.8100000000001,102.61,57.86,30.22,21.37,19.06,19.05,43.56,90.69,103.11,89.0,33.71,11.22,7.4,3.14,2.85,19.0,54.16,99.69,136.58,117.23,80.9,61.1,35.12,25.41,0,1,0,0,0,1,0,1,1,1,0,0,0,0,0,0,1,1,1,0,0,1,1,0
807,913.31,924.8175,1009.4024999999999,1231.8600000000001,1494.8675,1707.845,1567.9325,1408.655,1232.3325,947.795,975.3425,884.555,887.0975,932.535,968.6025,916.9125,910.2525,987.795,943.88,932.085,767.7325,749.1125,743.685,717.8100000000001,102.61,57.86,30.22,21.37,19.06,19.05,43.56,90.69,103.11,89.0,33.71,11.22,7.4,3.14,2.85,19.0,54.16,99.69,136.58,117.23,80.9,61.1,35.12,25.41,1,1,0,0,0,1,0,0,1,0,1,0,0,0,0,1,1,1,0,0,1,0,1,1
808,913.31,924.8175,1009.4024999999999,1231.8600000000001,1494.8675,1707.845,1567.9325,1408.655,1232.3325,947.795,975.3425,884.555,887.0975,932.535,968.6025,916.9125,910.2525,987.795,943.88,932.085,767.7325,749.1125,743.685,717.8100000000001,28.31,27.04,25.8,20.11,14.94,20.11,41.81,58.7,70.1,44.59,20.1,4.29,2.43,1.67,10.81,34.89,70.65,129.19,163.66,102.7,88.19,79.94,69.01,40.3,0,0,0,1,1,0,1,0,1,1,0,0,1,1,1,1,1,1,0,0,1,0,0,1
809,913.31,924.8175,1009.4024999999999,1231.8600000000001,1494.8675,1707.845,1567.9325,1408.655,1232.3325,947.795,975.3425,884.555,887.0975,932.535,968.6025,916.9125,910.2525,987.795,943.88,932.085,767.7325,749.1125,743.685,717.8100000000001,28.31,27.04,25.8,20.11,14.94,20.11,41.81,58.7,70.1,44.59,20.1,4.29,2.43,1.67,10.81,34.89,70.65,129.19,163.66,102.7,88.19,79.94,69.01,40.3,1,1,0,1,1,0,0,0,0,0,1,1,1,0,0,0,0,1,0,0,1,1,0,0
810,913.31,924.8175,1009.4024999999999,1231.8600000000001,1494.8675,1707.845,1567.9325,1408.655,1232.3325,947.795,975.3425,884.555,887.0975,932.535,968.6025,916.9125,910.2525,987.795,943.88,932.085,767.7325,749.1125,743.685,717.8100000000001,28.31,27.04,25.8,20.11,14.94,20.11,41.81,58.7,70.1,44.59,20.1,4.29,2.43,1.67,10.81,34.89,70.65,129.19,163.66,102.7,88.19,79.94,69.01,40.3,0,1,0,0,0,1,0,1,1,1,0,0,0,0,0,0,1,1,1,0,0,1,1,0
811,913.31,924.8175,1009.4024999999999,1231.8600000000001,1494.8675,1707.845,1567.9325,1408.655,1232.3325,947.795,975.3425,884.555,887.0975,932.535,968.6025,916.9125,910.2525,987.795,943.88,932.085,767.7325,749.1125,743.685,717.8100000000001,28.31,27.04,25.8,20.11,14.94,20.11,41.81,58.7,70.1,44.59,20.1,4.29,2.43,1.67,10.81,34.89,70.65,129.19,163.66,102.7,88.19,79.94,69.01,40.3,1,1,0,0,0,1,0,0,1,0,1,0,0,0,0,1,1,1,0,0,1,0,1,1
812,913.31,924.8175,1009.4024999999999,1231.8600000000001,1494.8675,1707.845,1567.9325,1408.655,1232.3325,947.795,975.3425,884.555,887.0975,932.535,968.6025,916.9125,910.2525,987.795,943.88,932.085,767.7325,749.1125,743.685,717.8100000000001,65.55,54.39,32.29,20.11,20.1,42.51,52.96,65.9,62.85,61.23,25.3,13.26,4.0,4.04,10.11,30.07,32.66,74.91,64.54,42.3,29.85,25.33,25.52,20.1,0,0,0,1,1,0,1,0,1,1,0,0,1,1,1,1,1,1,0,0,1,0,0,1
813,913.31,924.8175,1009.4024999999999,1231.8600000000001,1494.8675,1707.845,1567.9325,1408.655,1232.3325,947.795,975.3425,884.555,887.0975,932.535,968.6025,916.9125,910.2525,987.795,943.88,932.085,767.7325,749.1125,743.685,717.8100000000001,65.55,54.39,32.29,20.11,20.1,42.51,52.96,65.9,62.85,61.23,25.3,13.26,4.0,4.04,10.11,30.07,32.66,74.91,64.54,42.3,29.85,25.33,25.52,20.1,1,1,0,1,1,0,0,0,0,0,1,1,1,0,0,0,0,1,0,0,1,1,0,0
814,913.31,924.8175,1009.4024999999999,1231.8600000000001,1494.8675,1707.845,1567.9325,1408.655,1232.3325,947.795,975.3425,884.555,887.0975,932.535,968.6025,916.9125,910.2525,987.795,943.88,932.085,767.7325,749.1125,743.685,717.8100000000001,65.55,54.39,32.29,20.11,20.1,42.51,52.96,65.9,62.85,61.23,25.3,13.26,4.0,4.04,10.11,30.07,32.66,74.91,64.54,42.3,29.85,25.33,25.52,20.1,0,1,0,0,0,1,0,1,1,1,0,0,0,0,0,0,1,1,1,0,0,1,1,0
815,913.31,924.8175,1009.4024999999999,1231.8600000000001,1494.8675,1707.845,1567.9325,1408.655,1232.3325,947.795,975.3425,884.555,887.0975,932.535,968.6025,916.9125,910.2525,987.795,943.88,932.085,767.7325,749.1125,743.685,717.8100000000001,65.55,54.39,32.29,20.11,20.1,42.51,52.96,65.9,62.85,61.23,25.3,13.26,4.0,4.04,10.11,30.07,32.66,74.91,64.54,42.3,29.85,25.33,25.52,20.1,1,1,0,0,0,1,0,0,1,0,1,0,0,0,0,1,1,1,0,0,1,0,1,1
816,913.31,924.8175,1009.4024999999999,1231.8600000000001,1494.8675,1707.845,1567.9325,1408.655,1232.3325,947.795,975.3425,884.555,887.0975,932.535,968.6025,916.9125,910.2525,987.795,943.88,932.085,767.7325,749.1125,743.685,717.8100000000001,4.0,4.0,4.0,4.0,9.8,4.0,16.04,43.93,39.29,12.6,0.34,-0.67,-0.7,-0.78,0.01,3.97,13.23,60.4,60.41,43.5,34.76,33.55,31.31,31.16,0,0,0,1,1,0,1,0,1,1,0,0,1,1,1,1,1,1,0,0,1,0,0,1
817,913.31,924.8175,1009.4024999999999,1231.8600000000001,1494.8675,1707.845,1567.9325,1408.655,1232.3325,947.795,975.3425,884.555,887.0975,932.535,968.6025,916.9125,910.2525,987.795,943.88,932.085,767.7325,749.1125,743.685,717.8100000000001,4.0,4.0,4.0,4.0,9.8,4.0,16.04,43.93,39.29,12.6,0.34,-0.67,-0.7,-0.78,0.01,3.97,13.23,60.4,60.41,43.5,34.76,33.55,31.31,31.16,1,1,0,1,1,0,0,0,0,0,1,1,1,0,0,0,0,1,0,0,1,1,0,0
818,913.31,924.8175,1009.4024999999999,1231.8600000000001,1494.8675,1707.845,1567.9325,1408.655,1232.3325,947.795,975.3425,884.555,887.0975,932.535,968.6025,916.9125,910.2525,987.795,943.88,932.085,767.7325,749.1125,743.685,717.8100000000001,4.0,4.0,4.0,4.0,9.8,4.0,16.04,43.93,39.29,12.6,0.34,-0.67,-0.7,-0.78,0.01,3.97,13.23,60.4,60.41,43.5,34.76,33.55,31.31,31.16,0,1,0,0,0,1,0,1,1,1,0,0,0,0,0,0,1,1,1,0,0,1,1,0
819,913.31,924.8175,1009.4024999999999,1231.8600000000001,1494.8675,1707.845,1567.9325,1408.655,1232.3325,947.795,975.3425,884.555,887.0975,932.535,968.6025,916.9125,910.2525,987.795,943.88,932.085,767.7325,749.1125,743.685,717.8100000000001,4.0,4.0,4.0,4.0,9.8,4.0,16.04,43.93,39.29,12.6,0.34,-0.67,-0.7,-0.78,0.01,3.97,13.23,60.4,60.41,43.5,34.76,33.55,31.31,31.16,1,1,0,0,0,1,0,0,1,0,1,0,0,0,0,1,1,1,0,0,1,0,1,1
820,913.31,924.8175,1009.4024999999999,1231.8600000000001,1494.8675,1707.845,1567.9325,1408.655,1232.3325,947.795,975.3425,884.555,887.0975,932.535,968.6025,916.9125,910.2525,987.795,943.88,932.085,767.7325,749.1125,743.685,717.8100000000001,30.3,29.53,35.47,39.26,47.4,65.97,93.16,139.44,108.51,78.7,50.47,4.02,0.08,0.02,13.16,63.61,99.2,129.7,165.36,149.11,125.64,106.63,101.47,91.11,0,0,0,1,1,0,1,0,1,1,0,0,1,1,1,1,1,1,0,0,1,0,0,1
821,913.31,924.8175,1009.4024999999999,1231.8600000000001,1494.8675,1707.845,1567.9325,1408.655,1232.3325,947.795,975.3425,884.555,887.0975,932.535,968.6025,916.9125,910.2525,987.795,943.88,932.085,767.7325,749.1125,743.685,717.8100000000001,30.3,29.53,35.47,39.26,47.4,65.97,93.16,139.44,108.51,78.7,50.47,4.02,0.08,0.02,13.16,63.61,99.2,129.7,165.36,149.11,125.64,106.63,101.47,91.11,1,1,0,1,1,0,0,0,0,0,1,1,1,0,0,0,0,1,0,0,1,1,0,0
822,913.31,924.8175,1009.4024999999999,1231.8600000000001,1494.8675,1707.845,1567.9325,1408.655,1232.3325,947.795,975.3425,884.555,887.0975,932.535,968.6025,916.9125,910.2525,987.795,943.88,932.085,767.7325,749.1125,743.685,717.8100000000001,30.3,29.53,35.47,39.26,47.4,65.97,93.16,139.44,108.51,78.7,50.47,4.02,0.08,0.02,13.16,63.61,99.2,129.7,165.36,149.11,125.64,106.63,101.47,91.11,0,1,0,0,0,1,0,1,1,1,0,0,0,0,0,0,1,1,1,0,0,1,1,0
823,913.31,924.8175,1009.4024999999999,1231.8600000000001,1494.8675,1707.845,1567.9325,1408.655,1232.3325,947.795,975.3425,884.555,887.0975,932.535,968.6025,916.9125,910.2525,987.795,943.88,932.085,767.7325,749.1125,743.685,717.8100000000001,30.3,29.53,35.47,39.26,47.4,65.97,93.16,139.44,108.51,78.7,50.47,4.02,0.08,0.02,13.16,63.61,99.2,129.7,165.36,149.11,125.64,106.63,101.47,91.11,1,1,0,0,0,1,0,0,1,0,1,0,0,0,0,1,1,1,0,0,1,0,1,1
824,913.31,924.8175,1009.4024999999999,1231.8600000000001,1494.8675,1707.845,1567.9325,1408.655,1232.3325,947.795,975.3425,884.555,887.0975,932.535,968.6025,916.9125,910.2525,987.795,943.88,932.085,767.7325,749.1125,743.685,717.8100000000001,90.27,90.27,91.38,91.69,98.13,115.16,135.67,147.7,122.23,83.0,65.3,31.51,13.08,8.08,37.05,90.15,126.99,149.92,216.65,178.68,148.7,132.4,119.11,111.83,0,0,0,1,1,0,1,0,1,1,0,0,1,1,1,1,1,1,0,0,1,0,0,1
825,913.31,924.8175,1009.4024999999999,1231.8600000000001,1494.8675,1707.845,1567.9325,1408.655,1232.3325,947.795,975.3425,884.555,887.0975,932.535,968.6025,916.9125,910.2525,987.795,943.88,932.085,767.7325,749.1125,743.685,717.8100000000001,90.27,90.27,91.38,91.69,98.13,115.16,135.67,147.7,122.23,83.0,65.3,31.51,13.08,8.08,37.05,90.15,126.99,149.92,216.65,178.68,148.7,132.4,119.11,111.83,1,1,0,1,1,0,0,0,0,0,1,1,1,0,0,0,0,1,0,0,1,1,0,0
826,913.31,924.8175,1009.4024999999999,1231.8600000000001,1494.8675,1707.845,1567.9325,1408.655,1232.3325,947.795,975.3425,884.555,887.0975,932.535,968.6025,916.9125,910.2525,987.795,943.88,932.085,767.7325,749.1125,743.685,717.8100000000001,90.27,90.27,91.38,91.69,98.13,115.16,135.67,147.7,122.23,83.0,65.3,31.51,13.08,8.08,37.05,90.15,126.99,149.92,216.65,178.68,148.7,132.4,119.11,111.83,0,1,0,0,0,1,0,1,1,1,0,0,0,0,0,0,1,1,1,0,0,1,1,0
827,913.31,924.8175,1009.4024999999999,1231.8600000000001,1494.8675,1707.845,1567.9325,1408.655,1232.3325,947.795,975.3425,884.555,887.0975,932.535,968.6025,916.9125,910.2525,987.795,943.88,932.085,767.7325,749.1125,743.685,717.8100000000001,90.27,90.27,91.38,91.69,98.13,115.16,135.67,147.7,122.23,83.0,65.3,31.51,13.08,8.08,37.05,90.15,126.99,149.92,216.65,178.68,148.7,132.4,119.11,111.83,1,1,0,0,0,1,0,0,1,0,1,0,0,0,0,1,1,1,0,0,1,0,1,1
828,913.31,924.8175,1009.4024999999999,1231.8600000000001,1494.8675,1707.845,1567.9325,1408.655,1232.3325,947.795,975.3425,884.555,887.0975,932.535,968.6025,916.9125,910.2525,987.795,943.88,932.085,767.7325,749.1125,743.685,717.8100000000001,124.97,113.94,117.22,116.76,118.42,121.3,127.82,120.6,98.05,72.54,18.05,2.07,-0.33,-0.1,2.76,53.53,100.87,145.58,174.04,140.03,111.21,100.01,99.24,97.9,0,0,0,1,1,0,1,0,1,1,0,0,1,1,1,1,1,1,0,0,1,0,0,1
829,913.31,924.8175,1009.4024999999999,1231.8600000000001,1494.8675,1707.845,1567.9325,1408.655,1232.3325,947.795,975.3425,884.555,887.0975,932.535,968.6025,916.9125,910.2525,987.795,943.88,932.085,767.7325,749.1125,743.685,717.8100000000001,124.97,113.94,117.22,116.76,118.42,121.3,127.82,120.6,98.05,72.54,18.05,2.07,-0.33,-0.1,2.76,53.53,100.87,145.58,174.04,140.03,111.21,100.01,99.24,97.9,1,1,0,1,1,0,0,0,0,0,1,1,1,0,0,0,0,1,0,0,1,1,0,0
830,913.31,924.8175,1009.4024999999999,1231.8600000000001,1494.8675,1707.845,1567.9325,1408.655,1232.3325,947.795,975.3425,884.555,887.0975,932.535,968.6025,916.9125,910.2525,987.795,943.88,932.085,767.7325,749.1125,743.685,717.8100000000001,124.97,113.94,117.22,116.76,118.42,121.3,127.82,120.6,98.05,72.54,18.05,2.07,-0.33,-0.1,2.76,53.53,100.87,145.58,174.04,140.03,111.21,100.01,99.24,97.9,0,1,0,0,0,1,0,1,1,1,0,0,0,0,0,0,1,1,1,0,0,1,1,0
831,913.31,924.8175,1009.4024999999999,1231.8600000000001,1494.8675,1707.845,1567.9325,1408.655,1232.3325,947.795,975.3425,884.555,887.0975,932.535,968.6025,916.9125,910.2525,987.795,943.88,932.085,767.7325,749.1125,743.685,717.8100000000001,124.97,113.94,117.22,116.76,118.42,121.3,127.82,120.6,98.05,72.54,18.05,2.07,-0.33,-0.1,2.76,53.53,100.87,145.58,174.04,140.03,111.21,100.01,99.24,97.9,1,1,0,0,0,1,0,0,1,0,1,0,0,0,0,1,1,1,0,0,1,0,1,1
832,913.31,924.8175,1009.4024999999999,1231.8600000000001,1494.8675,1707.845,1567.9325,1408.655,1232.3325,947.795,975.3425,884.555,887.0975,932.535,968.6025,916.9125,910.2525,987.795,943.88,932.085,767.7325,749.1125,743.685,717.8100000000001,95.19,94.81,94.44,96.51,98.67,101.51,100.0,93.0,59.02,24.41,21.32,3.95,1.29,3.95,11.03,28.01,68.99,107.86,134.15,132.71,114.54,107.87,104.56,103.64,0,0,0,1,1,0,1,0,1,1,0,0,1,1,1,1,1,1,0,0,1,0,0,1
833,913.31,924.8175,1009.4024999999999,1231.8600000000001,1494.8675,1707.845,1567.9325,1408.655,1232.3325,947.795,975.3425,884.555,887.0975,932.535,968.6025,916.9125,910.2525,987.795,943.88,932.085,767.7325,749.1125,743.685,717.8100000000001,95.19,94.81,94.44,96.51,98.67,101.51,100.0,93.0,59.02,24.41,21.32,3.95,1.29,3.95,11.03,28.01,68.99,107.86,134.15,132.71,114.54,107.87,104.56,103.64,1,1,0,1,1,0,0,0,0,0,1,1,1,0,0,0,0,1,0,0,1,1,0,0
834,913.31,924.8175,1009.4024999999999,1231.8600000000001,1494.8675,1707.845,1567.9325,1408.655,1232.3325,947.795,975.3425,884.555,887.0975,932.535,968.6025,916.9125,910.2525,987.795,943.88,932.085,767.7325,749.1125,743.685,717.8100000000001,95.19,94.81,94.44,96.51,98.67,101.51,100.0,93.0,59.02,24.41,21.32,3.95,1.29,3.95,11.03,28.01,68.99,107.86,134.15,132.71,114.54,107.87,104.56,103.64,0,1,0,0,0,1,0,1,1,1,0,0,0,0,0,0,1,1,1,0,0,1,1,0
835,913.31,924.8175,1009.4024999999999,1231.8600000000001,1494.8675,1707.845,1567.9325,1408.655,1232.3325,947.795,975.3425,884.555,887.0975,932.535,968.6025,916.9125,910.2525,987.795,943.88,932.085,767.7325,749.1125,743.685,717.8100000000001,95.19,94.81,94.44,96.51,98.67,101.51,100.0,93.0,59.02,24.41,21.32,3.95,1.29,3.95,11.03,28.01,68.99,107.86,134.15,132.71,114.54,107.87,104.56,103.64,1,1,0,0,0,1,0,0,1,0,1,0,0,0,0,1,1,1,0,0,1,0,1,1
836,913.31,924.8175,1009.4024999999999,1231.8600000000001,1494.8675,1707.845,1567.9325,1408.655,1232.3325,947.795,975.3425,884.555,887.0975,932.535,968.6025,916.9125,910.2525,987.795,943.88,932.085,767.7325,749.1125,743.685,717.8100000000001,95.84,94.92,96.7,96.86,89.98,101.13,148.63,159.87,134.08,98.92,84.44,77.92,76.06,77.36,83.96,97.54,127.59,148.1,175.06,160.4,142.28,126.68,106.87,97.93,0,0,0,1,1,0,1,0,1,1,0,0,1,1,1,1,1,1,0,0,1,0,0,1
837,913.31,924.8175,1009.4024999999999,1231.8600000000001,1494.8675,1707.845,1567.9325,1408.655,1232.3325,947.795,975.3425,884.555,887.0975,932.535,968.6025,916.9125,910.2525,987.795,943.88,932.085,767.7325,749.1125,743.685,717.8100000000001,95.84,94.92,96.7,96.86,89.98,101.13,148.63,159.87,134.08,98.92,84.44,77.92,76.06,77.36,83.96,97.54,127.59,148.1,175.06,160.4,142.28,126.68,106.87,97.93,1,1,0,1,1,0,0,0,0,0,1,1,1,0,0,0,0,1,0,0,1,1,0,0
838,913.31,924.8175,1009.4024999999999,1231.8600000000001,1494.8675,1707.845,1567.9325,1408.655,1232.3325,947.795,975.3425,884.555,887.0975,932.535,968.6025,916.9125,910.2525,987.795,943.88,932.085,767.7325,749.1125,743.685,717.8100000000001,95.84,94.92,96.7,96.86,89.98,101.13,148.63,159.87,134.08,98.92,84.44,77.92,76.06,77.36,83.96,97.54,127.59,148.1,175.06,160.4,142.28,126.68,106.87,97.93,0,1,0,0,0,1,0,1,1,1,0,0,0,0,0,0,1,1,1,0,0,1,1,0
839,913.31,924.8175,1009.4024999999999,1231.8600000000001,1494.8675,1707.845,1567.9325,1408.655,1232.3325,947.795,975.3425,884.555,887.0975,932.535,968.6025,916.9125,910.2525,987.795,943.88,932.085,767.7325,749.1125,743.685,717.8100000000001,95.84,94.92,96.7,96.86,89.98,101.13,148.63,159.87,134.08,98.92,84.44,77.92,76.06,77.36,83.96,97.54,127.59,148.1,175.06,160.4,142.28,126.68,106.87,97.93,1,1,0,0,0,1,0,0,1,0,1,0,0,0,0,1,1,1,0,0,1,0,1,1
840,913.31,924.8175,1009.4024999999999,1231.8600000000001,1494.8675,1707.845,1567.9325,1408.655,1232.3325,947.795,975.3425,884.555,887.0975,932.535,968.6025,916.9125,910.2525,987.795,943.88,932.085,767.7325,749.1125,743.685,717.8100000000001,104.39,101.79,99.72,100.48,102.51,110.88,148.14,153.09,146.54,128.53,102.0,97.48,96.45,98.39,102.35,112.84,132.9,172.03,205.15,181.06,149.49,133.05,121.27,107.36,0,0,0,1,1,0,1,0,1,1,0,0,1,1,1,1,1,1,0,0,1,0,0,1
841,913.31,924.8175,1009.4024999999999,1231.8600000000001,1494.8675,1707.845,1567.9325,1408.655,1232.3325,947.795,975.3425,884.555,887.0975,932.535,968.6025,916.9125,910.2525,987.795,943.88,932.085,767.7325,749.1125,743.685,717.8100000000001,104.39,101.79,99.72,100.48,102.51,110.88,148.14,153.09,146.54,128.53,102.0,97.48,96.45,98.39,102.35,112.84,132.9,172.03,205.15,181.06,149.49,133.05,121.27,107.36,1,1,0,1,1,0,0,0,0,0,1,1,1,0,0,0,0,1,0,0,1,1,0,0
842,913.31,924.8175,1009.4024999999999,1231.8600000000001,1494.8675,1707.845,1567.9325,1408.655,1232.3325,947.795,975.3425,884.555,887.0975,932.535,968.6025,916.9125,910.2525,987.795,943.88,932.085,767.7325,749.1125,743.685,717.8100000000001,104.39,101.79,99.72,100.48,102.51,110.88,148.14,153.09,146.54,128.53,102.0,97.48,96.45,98.39,102.35,112.84,132.9,172.03,205.15,181.06,149.49,133.05,121.27,107.36,0,1,0,0,0,1,0,1,1,1,0,0,0,0,0,0,1,1,1,0,0,1,1,0
843,913.31,924.8175,1009.4024999999999,1231.8600000000001,1494.8675,1707.845,1567.9325,1408.655,1232.3325,947.795,975.3425,884.555,887.0975,932.535,968.6025,916.9125,910.2525,987.795,943.88,932.085,767.7325,749.1125,743.685,717.8100000000001,104.39,101.79,99.72,100.48,102.51,110.88,148.14,153.09,146.54,128.53,102.0,97.48,96.45,98.39,102.35,112.84,132.9,172.03,205.15,181.06,149.49,133.05,121.27,107.36,1,1,0,0,0,1,0,0,1,0,1,0,0,0,0,1,1,1,0,0,1,0,1,1
844,913.31,924.8175,1009.4024999999999,1231.8600000000001,1494.8675,1707.845,1567.9325,1408.655,1232.3325,947.795,975.3425,884.555,887.0975,932.535,968.6025,916.9125,910.2525,987.795,943.88,932.085,767.7325,749.1125,743.685,717.8100000000001,101.74,100.11,97.82,97.43,101.85,110.37,144.57,161.75,148.49,125.02,102.64,99.73,98.11,99.95,101.69,117.81,140.35,159.04,199.9,179.58,148.09,132.26,120.02,109.91,0,0,0,1,1,0,1,0,1,1,0,0,1,1,1,1,1,1,0,0,1,0,0,1
845,913.31,924.8175,1009.4024999999999,1231.8600000000001,1494.8675,1707.845,1567.9325,1408.655,1232.3325,947.795,975.3425,884.555,887.0975,932.535,968.6025,916.9125,910.2525,987.795,943.88,932.085,767.7325,749.1125,743.685,717.8100000000001,101.74,100.11,97.82,97.43,101.85,110.37,144.57,161.75,148.49,125.02,102.64,99.73,98.11,99.95,101.69,117.81,140.35,159.04,199.9,179.58,148.09,132.26,120.02,109.91,1,1,0,1,1,0,0,0,0,0,1,1,1,0,0,0,0,1,0,0,1,1,0,0
846,913.31,924.8175,1009.4024999999999,1231.8600000000001,1494.8675,1707.845,1567.9325,1408.655,1232.3325,947.795,975.3425,884.555,887.0975,932.535,968.6025,916.9125,910.2525,987.795,943.88,932.085,767.7325,749.1125,743.685,717.8100000000001,101.74,100.11,97.82,97.43,101.85,110.37,144.57,161.75,148.49,125.02,102.64,99.73,98.11,99.95,101.69,117.81,140.35,159.04,199.9,179.58,148.09,132.26,120.02,109.91,0,1,0,0,0,1,0,1,1,1,0,0,0,0,0,0,1,1,1,0,0,1,1,0
847,913.31,924.8175,1009.4024999999999,1231.8600000000001,1494.8675,1707.845,1567.9325,1408.655,1232.3325,947.795,975.3425,884.555,887.0975,932.535,968.6025,916.9125,910.2525,987.795,943.88,932.085,767.7325,749.1125,743.685,717.8100000000001,101.74,100.11,97.82,97.43,101.85,110.37,144.57,161.75,148.49,125.02,102.64,99.73,98.11,99.95,101.69,117.81,140.35,159.04,199.9,179.58,148.09,132.26,120.02,109.91,1,1,0,0,0,1,0,0,1,0,1,0,0,0,0,1,1,1,0,0,1,0,1,1
848,913.31,924.8175,1009.4024999999999,1231.8600000000001,1494.8675,1707.845,1567.9325,1408.655,1232.3325,947.795,975.3425,884.555,887.0975,932.535,968.6025,916.9125,910.2525,987.795,943.88,932.085,767.7325,749.1125,743.685,717.8100000000001,108.49,102.22,98.96,96.69,98.33,105.87,132.7,160.74,160.99,154.8,123.84,110.75,110.08,108.28,107.6,110.02,121.56,142.95,166.09,173.42,148.99,135.69,123.41,111.53,0,0,0,1,1,0,1,0,1,1,0,0,1,1,1,1,1,1,0,0,1,0,0,1
849,913.31,924.8175,1009.4024999999999,1231.8600000000001,1494.8675,1707.845,1567.9325,1408.655,1232.3325,947.795,975.3425,884.555,887.0975,932.535,968.6025,916.9125,910.2525,987.795,943.88,932.085,767.7325,749.1125,743.685,717.8100000000001,108.49,102.22,98.96,96.69,98.33,105.87,132.7,160.74,160.99,154.8,123.84,110.75,110.08,108.28,107.6,110.02,121.56,142.95,166.09,173.42,148.99,135.69,123.41,111.53,1,1,0,1,1,0,0,0,0,0,1,1,1,0,0,0,0,1,0,0,1,1,0,0
850,913.31,924.8175,1009.4024999999999,1231.8600000000001,1494.8675,1707.845,1567.9325,1408.655,1232.3325,947.795,975.3425,884.555,887.0975,932.535,968.6025,916.9125,910.2525,987.795,943.88,932.085,767.7325,749.1125,743.685,717.8100000000001,108.49,102.22,98.96,96.69,98.33,105.87,132.7,160.74,160.99,154.8,123.84,110.75,110.08,108.28,107.6,110.02,121.56,142.95,166.09,173.42,148.99,135.69,123.41,111.53,0,1,0,0,0,1,0,1,1,1,0,0,0,0,0,0,1,1,1,0,0,1,1,0
851,913.31,924.8175,1009.4024999999999,1231.8600000000001,1494.8675,1707.845,1567.9325,1408.655,1232.3325,947.795,975.3425,884.555,887.0975,932.535,968.6025,916.9125,910.2525,987.795,943.88,932.085,767.7325,749.1125,743.685,717.8100000000001,108.49,102.22,98.96,96.69,98.33,105.87,132.7,160.74,160.99,154.8,123.84,110.75,110.08,108.28,107.6,110.02,121.56,142.95,166.09,173.42,148.99,135.69,123.41,111.53,1,1,0,0,0,1,0,0,1,0,1,0,0,0,0,1,1,1,0,0,1,0,1,1
852,913.31,924.8175,1009.4024999999999,1231.8600000000001,1494.8675,1707.845,1567.9325,1408.655,1232.3325,947.795,975.3425,884.555,887.0975,932.535,968.6025,916.9125,910.2525,987.795,943.88,932.085,767.7325,749.1125,743.685,717.8100000000001,109.19,106.08,105.97,103.89,105.37,114.08,143.05,155.29,155.08,132.11,112.01,106.37,104.49,104.58,105.38,109.42,124.93,146.56,155.47,151.02,130.1,111.46,114.0,105.15,0,0,0,1,1,0,1,0,1,1,0,0,1,1,1,1,1,1,0,0,1,0,0,1
853,913.31,924.8175,1009.4024999999999,1231.8600000000001,1494.8675,1707.845,1567.9325,1408.655,1232.3325,947.795,975.3425,884.555,887.0975,932.535,968.6025,916.9125,910.2525,987.795,943.88,932.085,767.7325,749.1125,743.685,717.8100000000001,109.19,106.08,105.97,103.89,105.37,114.08,143.05,155.29,155.08,132.11,112.01,106.37,104.49,104.58,105.38,109.42,124.93,146.56,155.47,151.02,130.1,111.46,114.0,105.15,1,1,0,1,1,0,0,0,0,0,1,1,1,0,0,0,0,1,0,0,1,1,0,0
854,913.31,924.8175,1009.4024999999999,1231.8600000000001,1494.8675,1707.845,1567.9325,1408.655,1232.3325,947.795,975.3425,884.555,887.0975,932.535,968.6025,916.9125,910.2525,987.795,943.88,932.085,767.7325,749.1125,743.685,717.8100000000001,109.19,106.08,105.97,103.89,105.37,114.08,143.05,155.29,155.08,132.11,112.01,106.37,104.49,104.58,105.38,109.42,124.93,146.56,155.47,151.02,130.1,111.46,114.0,105.15,0,1,0,0,0,1,0,1,1,1,0,0,0,0,0,0,1,1,1,0,0,1,1,0
855,913.31,924.8175,1009.4024999999999,1231.8600000000001,1494.8675,1707.845,1567.9325,1408.655,1232.3325,947.795,975.3425,884.555,887.0975,932.535,968.6025,916.9125,910.2525,987.795,943.88,932.085,767.7325,749.1125,743.685,717.8100000000001,109.19,106.08,105.97,103.89,105.37,114.08,143.05,155.29,155.08,132.11,112.01,106.37,104.49,104.58,105.38,109.42,124.93,146.56,155.47,151.02,130.1,111.46,114.0,105.15,1,1,0,0,0,1,0,0,1,0,1,0,0,0,0,1,1,1,0,0,1,0,1,1
856,913.31,924.8175,1009.4024999999999,1231.8600000000001,1494.8675,1707.845,1567.9325,1408.655,1232.3325,947.795,975.3425,884.555,887.0975,932.535,968.6025,916.9125,910.2525,987.795,943.88,932.085,767.7325,749.1125,743.685,717.8100000000001,112.16,103.15,96.0,89.89,86.89,90.55,97.0,99.38,98.73,86.36,72.35,67.12,57.28,47.96,54.46,70.76,84.2,121.87,130.26,132.91,121.41,108.46,104.98,95.21,0,0,0,1,1,0,1,0,1,1,0,0,1,1,1,1,1,1,0,0,1,0,0,1
857,913.31,924.8175,1009.4024999999999,1231.8600000000001,1494.8675,1707.845,1567.9325,1408.655,1232.3325,947.795,975.3425,884.555,887.0975,932.535,968.6025,916.9125,910.2525,987.795,943.88,932.085,767.7325,749.1125,743.685,717.8100000000001,112.16,103.15,96.0,89.89,86.89,90.55,97.0,99.38,98.73,86.36,72.35,67.12,57.28,47.96,54.46,70.76,84.2,121.87,130.26,132.91,121.41,108.46,104.98,95.21,1,1,0,1,1,0,0,0,0,0,1,1,1,0,0,0,0,1,0,0,1,1,0,0
858,913.31,924.8175,1009.4024999999999,1231.8600000000001,1494.8675,1707.845,1567.9325,1408.655,1232.3325,947.795,975.3425,884.555,887.0975,932.535,968.6025,916.9125,910.2525,987.795,943.88,932.085,767.7325,749.1125,743.685,717.8100000000001,112.16,103.15,96.0,89.89,86.89,90.55,97.0,99.38,98.73,86.36,72.35,67.12,57.28,47.96,54.46,70.76,84.2,121.87,130.26,132.91,121.41,108.46,104.98,95.21,0,1,0,0,0,1,0,1,1,1,0,0,0,0,0,0,1,1,1,0,0,1,1,0
859,913.31,924.8175,1009.4024999999999,1231.8600000000001,1494.8675,1707.845,1567.9325,1408.655,1232.3325,947.795,975.3425,884.555,887.0975,932.535,968.6025,916.9125,910.2525,987.795,943.88,932.085,767.7325,749.1125,743.685,717.8100000000001,112.16,103.15,96.0,89.89,86.89,90.55,97.0,99.38,98.73,86.36,72.35,67.12,57.28,47.96,54.46,70.76,84.2,121.87,130.26,132.91,121.41,108.46,104.98,95.21,1,1,0,0,0,1,0,0,1,0,1,0,0,0,0,1,1,1,0,0,1,0,1,1
860,913.31,924.8175,1009.4024999999999,1231.8600000000001,1494.8675,1707.845,1567.9325,1408.655,1232.3325,947.795,975.3425,884.555,887.0975,932.535,968.6025,916.9125,910.2525,987.795,943.88,932.085,767.7325,749.1125,743.685,717.8100000000001,89.97,85.75,79.57,78.15,78.55,29.41,30.14,30.7,30.5,28.73,24.06,2.9,1.01,0.19,2.67,30.81,59.97,94.68,83.61,45.54,31.49,31.1,30.69,30.44,0,0,0,1,1,0,1,0,1,1,0,0,1,1,1,1,1,1,0,0,1,0,0,1
861,913.31,924.8175,1009.4024999999999,1231.8600000000001,1494.8675,1707.845,1567.9325,1408.655,1232.3325,947.795,975.3425,884.555,887.0975,932.535,968.6025,916.9125,910.2525,987.795,943.88,932.085,767.7325,749.1125,743.685,717.8100000000001,89.97,85.75,79.57,78.15,78.55,29.41,30.14,30.7,30.5,28.73,24.06,2.9,1.01,0.19,2.67,30.81,59.97,94.68,83.61,45.54,31.49,31.1,30.69,30.44,1,1,0,1,1,0,0,0,0,0,1,1,1,0,0,0,0,1,0,0,1,1,0,0
862,913.31,924.8175,1009.4024999999999,1231.8600000000001,1494.8675,1707.845,1567.9325,1408.655,1232.3325,947.795,975.3425,884.555,887.0975,932.535,968.6025,916.9125,910.2525,987.795,943.88,932.085,767.7325,749.1125,743.685,717.8100000000001,89.97,85.75,79.57,78.15,78.55,29.41,30.14,30.7,30.5,28.73,24.06,2.9,1.01,0.19,2.67,30.81,59.97,94.68,83.61,45.54,31.49,31.1,30.69,30.44,0,1,0,0,0,1,0,1,1,1,0,0,0,0,0,0,1,1,1,0,0,1,1,0
863,913.31,924.8175,1009.4024999999999,1231.8600000000001,1494.8675,1707.845,1567.9325,1408.655,1232.3325,947.795,975.3425,884.555,887.0975,932.535,968.6025,916.9125,910.2525,987.795,943.88,932.085,767.7325,749.1125,743.685,717.8100000000001,89.97,85.75,79.57,78.15,78.55,29.41,30.14,30.7,30.5,28.73,24.06,2.9,1.01,0.19,2.67,30.81,59.97,94.68,83.61,45.54,31.49,31.1,30.69,30.44,1,1,0,0,0,1,0,0,1,0,1,0,0,0,0,1,1,1,0,0,1,0,1,1
864,913.31,924.8175,1009.4024999999999,1231.8600000000001,1494.8675,1707.845,1567.9325,1408.655,1232.3325,947.795,975.3425,884.555,887.0975,932.535,968.6025,916.9125,910.2525,987.795,943.88,932.085,767.7325,749.1125,743.685,717.8100000000001,30.66,40.11,77.6,80.9,85.84,103.33,135.26,152.96,135.32,100.77,68.2,50.53,31.14,27.92,50.12,70.02,98.59,143.14,177.42,170.09,141.58,113.55,106.46,93.49,0,0,0,1,1,0,1,0,1,1,0,0,1,1,1,1,1,1,0,0,1,0,0,1
865,913.31,924.8175,1009.4024999999999,1231.8600000000001,1494.8675,1707.845,1567.9325,1408.655,1232.3325,947.795,975.3425,884.555,887.0975,932.535,968.6025,916.9125,910.2525,987.795,943.88,932.085,767.7325,749.1125,743.685,717.8100000000001,30.66,40.11,77.6,80.9,85.84,103.33,135.26,152.96,135.32,100.77,68.2,50.53,31.14,27.92,50.12,70.02,98.59,143.14,177.42,170.09,141.58,113.55,106.46,93.49,1,1,0,1,1,0,0,0,0,0,1,1,1,0,0,0,0,1,0,0,1,1,0,0
866,913.31,924.8175,1009.4024999999999,1231.8600000000001,1494.8675,1707.845,1567.9325,1408.655,1232.3325,947.795,975.3425,884.555,887.0975,932.535,968.6025,916.9125,910.2525,987.795,943.88,932.085,767.7325,749.1125,743.685,717.8100000000001,30.66,40.11,77.6,80.9,85.84,103.33,135.26,152.96,135.32,100.77,68.2,50.53,31.14,27.92,50.12,70.02,98.59,143.14,177.42,170.09,141.58,113.55,106.46,93.49,0,1,0,0,0,1,0,1,1,1,0,0,0,0,0,0,1,1,1,0,0,1,1,0
867,913.31,924.8175,1009.4024999999999,1231.8600000000001,1494.8675,1707.845,1567.9325,1408.655,1232.3325,947.795,975.3425,884.555,887.0975,932.535,968.6025,916.9125,910.2525,987.795,943.88,932.085,767.7325,749.1125,743.685,717.8100000000001,30.66,40.11,77.6,80.9,85.84,103.33,135.26,152.96,135.32,100.77,68.2,50.53,31.14,27.92,50.12,70.02,98.59,143.14,177.42,170.09,141.58,113.55,106.46,93.49,1,1,0,0,0,1,0,0,1,0,1,0,0,0,0,1,1,1,0,0,1,0,1,1
868,913.31,924.8175,1009.4024999999999,1231.8600000000001,1494.8675,1707.845,1567.9325,1408.655,1232.3325,947.795,975.3425,884.555,887.0975,932.535,968.6025,916.9125,910.2525,987.795,943.88,932.085,767.7325,749.1125,743.685,717.8100000000001,92.18,89.96,89.71,67.1,69.44,102.28,128.02,136.73,106.56,68.46,27.24,1.79,-0.2,-0.28,17.36,38.6,96.03,141.1,171.17,167.77,142.51,117.77,107.46,100.5,0,0,0,1,1,0,1,0,1,1,0,0,1,1,1,1,1,1,0,0,1,0,0,1
869,913.31,924.8175,1009.4024999999999,1231.8600000000001,1494.8675,1707.845,1567.9325,1408.655,1232.3325,947.795,975.3425,884.555,887.0975,932.535,968.6025,916.9125,910.2525,987.795,943.88,932.085,767.7325,749.1125,743.685,717.8100000000001,92.18,89.96,89.71,67.1,69.44,102.28,128.02,136.73,106.56,68.46,27.24,1.79,-0.2,-0.28,17.36,38.6,96.03,141.1,171.17,167.77,142.51,117.77,107.46,100.5,1,1,0,1,1,0,0,0,0,0,1,1,1,0,0,0,0,1,0,0,1,1,0,0
870,913.31,924.8175,1009.4024999999999,1231.8600000000001,1494.8675,1707.845,1567.9325,1408.655,1232.3325,947.795,975.3425,884.555,887.0975,932.535,968.6025,916.9125,910.2525,987.795,943.88,932.085,767.7325,749.1125,743.685,717.8100000000001,92.18,89.96,89.71,67.1,69.44,102.28,128.02,136.73,106.56,68.46,27.24,1.79,-0.2,-0.28,17.36,38.6,96.03,141.1,171.17,167.77,142.51,117.77,107.46,100.5,0,1,0,0,0,1,0,1,1,1,0,0,0,0,0,0,1,1,1,0,0,1,1,0
871,913.31,924.8175,1009.4024999999999,1231.8600000000001,1494.8675,1707.845,1567.9325,1408.655,1232.3325,947.795,975.3425,884.555,887.0975,932.535,968.6025,916.9125,910.2525,987.795,943.88,932.085,767.7325,749.1125,743.685,717.8100000000001,92.18,89.96,89.71,67.1,69.44,102.28,128.02,136.73,106.56,68.46,27.24,1.79,-0.2,-0.28,17.36,38.6,96.03,141.1,171.17,167.77,142.51,117.77,107.46,100.5,1,1,0,0,0,1,0,0,1,0,1,0,0,0,0,1,1,1,0,0,1,0,1,1
872,913.31,924.8175,1009.4024999999999,1231.8600000000001,1494.8675,1707.845,1567.9325,1408.655,1232.3325,947.795,975.3425,884.555,887.0975,932.535,968.6025,916.9125,910.2525,987.795,943.88,932.085,767.7325,749.1125,743.685,717.8100000000001,204.12,101.46,97.67,98.58,101.74,110.71,153.27,140.98,99.91,76.08,38.9,6.7,3.13,3.41,30.98,62.63,120.26,154.93,279.34,251.99,163.48,136.61,124.83,117.5,0,0,0,1,1,0,1,0,1,1,0,0,1,1,1,1,1,1,0,0,1,0,0,1
873,913.31,924.8175,1009.4024999999999,1231.8600000000001,1494.8675,1707.845,1567.9325,1408.655,1232.3325,947.795,975.3425,884.555,887.0975,932.535,968.6025,916.9125,910.2525,987.795,943.88,932.085,767.7325,749.1125,743.685,717.8100000000001,204.12,101.46,97.67,98.58,101.74,110.71,153.27,140.98,99.91,76.08,38.9,6.7,3.13,3.41,30.98,62.63,120.26,154.93,279.34,251.99,163.48,136.61,124.83,117.5,1,1,0,1,1,0,0,0,0,0,1,1,1,0,0,0,0,1,0,0,1,1,0,0
874,913.31,924.8175,1009.4024999999999,1231.8600000000001,1494.8675,1707.845,1567.9325,1408.655,1232.3325,947.795,975.3425,884.555,887.0975,932.535,968.6025,916.9125,910.2525,987.795,943.88,932.085,767.7325,749.1125,743.685,717.8100000000001,204.12,101.46,97.67,98.58,101.74,110.71,153.27,140.98,99.91,76.08,38.9,6.7,3.13,3.41,30.98,62.63,120.26,154.93,279.34,251.99,163.48,136.61,124.83,117.5,0,1,0,0,0,1,0,1,1,1,0,0,0,0,0,0,1,1,1,0,0,1,1,0
875,913.31,924.8175,1009.4024999999999,1231.8600000000001,1494.8675,1707.845,1567.9325,1408.655,1232.3325,947.795,975.3425,884.555,887.0975,932.535,968.6025,916.9125,910.2525,987.795,943.88,932.085,767.7325,749.1125,743.685,717.8100000000001,204.12,101.46,97.67,98.58,101.74,110.71,153.27,140.98,99.91,76.08,38.9,6.7,3.13,3.41,30.98,62.63,120.26,154.93,279.34,251.99,163.48,136.61,124.83,117.5,1,1,0,0,0,1,0,0,1,0,1,0,0,0,0,1,1,1,0,0,1,0,1,1
876,913.31,924.8175,1009.4024999999999,1231.8600000000001,1494.8675,1707.845,1567.9325,1408.655,1232.3325,947.795,975.3425,884.555,887.0975,932.535,968.6025,916.9125,910.2525,987.795,943.88,932.085,767.7325,749.1125,743.685,717.8100000000001,107.45,102.55,101.34,102.15,106.74,122.73,158.29,147.93,108.19,73.39,28.86,3.96,-0.56,-0.16,27.42,40.28,109.8,147.64,248.27,220.53,176.9,138.38,124.58,111.27,0,0,0,1,1,0,1,0,1,1,0,0,1,1,1,1,1,1,0,0,1,0,0,1
877,913.31,924.8175,1009.4024999999999,1231.8600000000001,1494.8675,1707.845,1567.9325,1408.655,1232.3325,947.795,975.3425,884.555,887.0975,932.535,968.6025,916.9125,910.2525,987.795,943.88,932.085,767.7325,749.1125,743.685,717.8100000000001,107.45,102.55,101.34,102.15,106.74,122.73,158.29,147.93,108.19,73.39,28.86,3.96,-0.56,-0.16,27.42,40.28,109.8,147.64,248.27,220.53,176.9,138.38,124.58,111.27,1,1,0,1,1,0,0,0,0,0,1,1,1,0,0,0,0,1,0,0,1,1,0,0
878,913.31,924.8175,1009.4024999999999,1231.8600000000001,1494.8675,1707.845,1567.9325,1408.655,1232.3325,947.795,975.3425,884.555,887.0975,932.535,968.6025,916.9125,910.2525,987.795,943.88,932.085,767.7325,749.1125,743.685,717.8100000000001,107.45,102.55,101.34,102.15,106.74,122.73,158.29,147.93,108.19,73.39,28.86,3.96,-0.56,-0.16,27.42,40.28,109.8,147.64,248.27,220.53,176.9,138.38,124.58,111.27,0,1,0,0,0,1,0,1,1,1,0,0,0,0,0,0,1,1,1,0,0,1,1,0
879,913.31,924.8175,1009.4024999999999,1231.8600000000001,1494.8675,1707.845,1567.9325,1408.655,1232.3325,947.795,975.3425,884.555,887.0975,932.535,968.6025,916.9125,910.2525,987.795,943.88,932.085,767.7325,749.1125,743.685,717.8100000000001,107.45,102.55,101.34,102.15,106.74,122.73,158.29,147.93,108.19,73.39,28.86,3.96,-0.56,-0.16,27.42,40.28,109.8,147.64,248.27,220.53,176.9,138.38,124.58,111.27,1,1,0,0,0,1,0,0,1,0,1,0,0,0,0,1,1,1,0,0,1,0,1,1
880,819.175,602.3275,580.0425,518.1625,460.85,342.0325,234.515,304.22,235.5725,167.32,148.9875,205.97,224.43,299.47249999999997,337.65250000000003,358.0375,273.645,153.2125,99.1875,82.5025,44.8375,62.6175,124.17,123.0,128.2,120.38,117.09,112.15,109.75,111.89,117.11,135.81,138.82,137.77,125.08,112.1,102.21,97.27,99.39,97.8,125.41,145.0,158.55,150.78,133.41,125.42,122.03,119.92,0,0,0,1,1,0,1,0,1,1,0,0,1,1,1,1,1,1,0,0,1,0,0,1
881,819.175,602.3275,580.0425,518.1625,460.85,342.0325,234.515,304.22,235.5725,167.32,148.9875,205.97,224.43,299.47249999999997,337.65250000000003,358.0375,273.645,153.2125,99.1875,82.5025,44.8375,62.6175,124.17,123.0,128.2,120.38,117.09,112.15,109.75,111.89,117.11,135.81,138.82,137.77,125.08,112.1,102.21,97.27,99.39,97.8,125.41,145.0,158.55,150.78,133.41,125.42,122.03,119.92,1,1,0,1,1,0,0,0,0,0,1,1,1,0,0,0,0,1,0,0,1,1,0,0
882,819.175,602.3275,580.0425,518.1625,460.85,342.0325,234.515,304.22,235.5725,167.32,148.9875,205.97,224.43,299.47249999999997,337.65250000000003,358.0375,273.645,153.2125,99.1875,82.5025,44.8375,62.6175,124.17,123.0,128.2,120.38,117.09,112.15,109.75,111.89,117.11,135.81,138.82,137.77,125.08,112.1,102.21,97.27,99.39,97.8,125.41,145.0,158.55,150.78,133.41,125.42,122.03,119.92,0,1,0,0,0,1,0,1,1,1,0,0,0,0,0,0,1,1,1,0,0,1,1,0
883,819.175,602.3275,580.0425,518.1625,460.85,342.0325,234.515,304.22,235.5725,167.32,148.9875,205.97,224.43,299.47249999999997,337.65250000000003,358.0375,273.645,153.2125,99.1875,82.5025,44.8375,62.6175,124.17,123.0,128.2,120.38,117.09,112.15,109.75,111.89,117.11,135.81,138.82,137.77,125.08,112.1,102.21,97.27,99.39,97.8,125.41,145.0,158.55,150.78,133.41,125.42,122.03,119.92,1,1,0,0,0,1,0,0,1,0,1,0,0,0,0,1,1,1,0,0,1,0,1,1
884,819.175,602.3275,580.0425,518.1625,460.85,342.0325,234.515,304.22,235.5725,167.32,148.9875,205.97,224.43,299.47249999999997,337.65250000000003,358.0375,273.645,153.2125,99.1875,82.5025,44.8375,62.6175,124.17,123.0,102.61,57.86,30.22,21.37,19.06,19.05,43.56,90.69,103.11,89.0,33.71,11.22,7.4,3.14,2.85,19.0,54.16,99.69,136.58,117.23,80.9,61.1,35.12,25.41,0,0,0,1,1,0,1,0,1,1,0,0,1,1,1,1,1,1,0,0,1,0,0,1
885,819.175,602.3275,580.0425,518.1625,460.85,342.0325,234.515,304.22,235.5725,167.32,148.9875,205.97,224.43,299.47249999999997,337.65250000000003,358.0375,273.645,153.2125,99.1875,82.5025,44.8375,62.6175,124.17,123.0,102.61,57.86,30.22,21.37,19.06,19.05,43.56,90.69,103.11,89.0,33.71,11.22,7.4,3.14,2.85,19.0,54.16,99.69,136.58,117.23,80.9,61.1,35.12,25.41,1,1,0,1,1,0,0,0,0,0,1,1,1,0,0,0,0,1,0,0,1,1,0,0
886,819.175,602.3275,580.0425,518.1625,460.85,342.0325,234.515,304.22,235.5725,167.32,148.9875,205.97,224.43,299.47249999999997,337.65250000000003,358.0375,273.645,153.2125,99.1875,82.5025,44.8375,62.6175,124.17,123.0,102.61,57.86,30.22,21.37,19.06,19.05,43.56,90.69,103.11,89.0,33.71,11.22,7.4,3.14,2.85,19.0,54.16,99.69,136.58,117.23,80.9,61.1,35.12,25.41,0,1,0,0,0,1,0,1,1,1,0,0,0,0,0,0,1,1,1,0,0,1,1,0
887,819.175,602.3275,580.0425,518.1625,460.85,342.0325,234.515,304.22,235.5725,167.32,148.9875,205.97,224.43,299.47249999999997,337.65250000000003,358.0375,273.645,153.2125,99.1875,82.5025,44.8375,62.6175,124.17,123.0,102.61,57.86,30.22,21.37,19.06,19.05,43.56,90.69,103.11,89.0,33.71,11.22,7.4,3.14,2.85,19.0,54.16,99.69,136.58,117.23,80.9,61.1,35.12,25.41,1,1,0,0,0,1,0,0,1,0,1,0,0,0,0,1,1,1,0,0,1,0,1,1
888,819.175,602.3275,580.0425,518.1625,460.85,342.0325,234.515,304.22,235.5725,167.32,148.9875,205.97,224.43,299.47249999999997,337.65250000000003,358.0375,273.645,153.2125,99.1875,82.5025,44.8375,62.6175,124.17,123.0,28.31,27.04,25.8,20.11,14.94,20.11,41.81,58.7,70.1,44.59,20.1,4.29,2.43,1.67,10.81,34.89,70.65,129.19,163.66,102.7,88.19,79.94,69.01,40.3,0,0,0,1,1,0,1,0,1,1,0,0,1,1,1,1,1,1,0,0,1,0,0,1
889,819.175,602.3275,580.0425,518.1625,460.85,342.0325,234.515,304.22,235.5725,167.32,148.9875,205.97,224.43,299.47249999999997,337.65250000000003,358.0375,273.645,153.2125,99.1875,82.5025,44.8375,62.6175,124.17,123.0,28.31,27.04,25.8,20.11,14.94,20.11,41.81,58.7,70.1,44.59,20.1,4.29,2.43,1.67,10.81,34.89,70.65,129.19,163.66,102.7,88.19,79.94,69.01,40.3,1,1,0,1,1,0,0,0,0,0,1,1,1,0,0,0,0,1,0,0,1,1,0,0
890,819.175,602.3275,580.0425,518.1625,460.85,342.0325,234.515,304.22,235.5725,167.32,148.9875,205.97,224.43,299.47249999999997,337.65250000000003,358.0375,273.645,153.2125,99.1875,82.5025,44.8375,62.6175,124.17,123.0,28.31,27.04,25.8,20.11,14.94,20.11,41.81,58.7,70.1,44.59,20.1,4.29,2.43,1.67,10.81,34.89,70.65,129.19,163.66,102.7,88.19,79.94,69.01,40.3,0,1,0,0,0,1,0,1,1,1,0,0,0,0,0,0,1,1,1,0,0,1,1,0
891,819.175,602.3275,580.0425,518.1625,460.85,342.0325,234.515,304.22,235.5725,167.32,148.9875,205.97,224.43,299.47249999999997,337.65250000000003,358.0375,273.645,153.2125,99.1875,82.5025,44.8375,62.6175,124.17,123.0,28.31,27.04,25.8,20.11,14.94,20.11,41.81,58.7,70.1,44.59,20.1,4.29,2.43,1.67,10.81,34.89,70.65,129.19,163.66,102.7,88.19,79.94,69.01,40.3,1,1,0,0,0,1,0,0,1,0,1,0,0,0,0,1,1,1,0,0,1,0,1,1
892,819.175,602.3275,580.0425,518.1625,460.85,342.0325,234.515,304.22,235.5725,167.32,148.9875,205.97,224.43,299.47249999999997,337.65250000000003,358.0375,273.645,153.2125,99.1875,82.5025,44.8375,62.6175,124.17,123.0,65.55,54.39,32.29,20.11,20.1,42.51,52.96,65.9,62.85,61.23,25.3,13.26,4.0,4.04,10.11,30.07,32.66,74.91,64.54,42.3,29.85,25.33,25.52,20.1,0,0,0,1,1,0,1,0,1,1,0,0,1,1,1,1,1,1,0,0,1,0,0,1
893,819.175,602.3275,580.0425,518.1625,460.85,342.0325,234.515,304.22,235.5725,167.32,148.9875,205.97,224.43,299.47249999999997,337.65250000000003,358.0375,273.645,153.2125,99.1875,82.5025,44.8375,62.6175,124.17,123.0,65.55,54.39,32.29,20.11,20.1,42.51,52.96,65.9,62.85,61.23,25.3,13.26,4.0,4.04,10.11,30.07,32.66,74.91,64.54,42.3,29.85,25.33,25.52,20.1,1,1,0,1,1,0,0,0,0,0,1,1,1,0,0,0,0,1,0,0,1,1,0,0
894,819.175,602.3275,580.0425,518.1625,460.85,342.0325,234.515,304.22,235.5725,167.32,148.9875,205.97,224.43,299.47249999999997,337.65250000000003,358.0375,273.645,153.2125,99.1875,82.5025,44.8375,62.6175,124.17,123.0,65.55,54.39,32.29,20.11,20.1,42.51,52.96,65.9,62.85,61.23,25.3,13.26,4.0,4.04,10.11,30.07,32.66,74.91,64.54,42.3,29.85,25.33,25.52,20.1,0,1,0,0,0,1,0,1,1,1,0,0,0,0,0,0,1,1,1,0,0,1,1,0
895,819.175,602.3275,580.0425,518.1625,460.85,342.0325,234.515,304.22,235.5725,167.32,148.9875,205.97,224.43,299.47249999999997,337.65250000000003,358.0375,273.645,153.2125,99.1875,82.5025,44.8375,62.6175,124.17,123.0,65.55,54.39,32.29,20.11,20.1,42.51,52.96,65.9,62.85,61.23,25.3,13.26,4.0,4.04,10.11,30.07,32.66,74.91,64.54,42.3,29.85,25.33,25.52,20.1,1,1,0,0,0,1,0,0,1,0,1,0,0,0,0,1,1,1,0,0,1,0,1,1
896,819.175,602.3275,580.0425,518.1625,460.85,342.0325,234.515,304.22,235.5725,167.32,148.9875,205.97,224.43,299.47249999999997,337.65250000000003,358.0375,273.645,153.2125,99.1875,82.5025,44.8375,62.6175,124.17,123.0,4.0,4.0,4.0,4.0,9.8,4.0,16.04,43.93,39.29,12.6,0.34,-0.67,-0.7,-0.78,0.01,3.97,13.23,60.4,60.41,43.5,34.76,33.55,31.31,31.16,0,0,0,1,1,0,1,0,1,1,0,0,1,1,1,1,1,1,0,0,1,0,0,1
897,819.175,602.3275,580.0425,518.1625,460.85,342.0325,234.515,304.22,235.5725,167.32,148.9875,205.97,224.43,299.47249999999997,337.65250000000003,358.0375,273.645,153.2125,99.1875,82.5025,44.8375,62.6175,124.17,123.0,4.0,4.0,4.0,4.0,9.8,4.0,16.04,43.93,39.29,12.6,0.34,-0.67,-0.7,-0.78,0.01,3.97,13.23,60.4,60.41,43.5,34.76,33.55,31.31,31.16,1,1,0,1,1,0,0,0,0,0,1,1,1,0,0,0,0,1,0,0,1,1,0,0
898,819.175,602.3275,580.0425,518.1625,460.85,342.0325,234.515,304.22,235.5725,167.32,148.9875,205.97,224.43,299.47249999999997,337.65250000000003,358.0375,273.645,153.2125,99.1875,82.5025,44.8375,62.6175,124.17,123.0,4.0,4.0,4.0,4.0,9.8,4.0,16.04,43.93,39.29,12.6,0.34,-0.67,-0.7,-0.78,0.01,3.97,13.23,60.4,60.41,43.5,34.76,33.55,31.31,31.16,0,1,0,0,0,1,0,1,1,1,0,0,0,0,0,0,1,1,1,0,0,1,1,0
899,819.175,602.3275,580.0425,518.1625,460.85,342.0325,234.515,304.22,235.5725,167.32,148.9875,205.97,224.43,299.47249999999997,337.65250000000003,358.0375,273.645,153.2125,99.1875,82.5025,44.8375,62.6175,124.17,123.0,4.0,4.0,4.0,4.0,9.8,4.0,16.04,43.93,39.29,12.6,0.34,-0.67,-0.7,-0.78,0.01,3.97,13.23,60.4,60.41,43.5,34.76,33.55,31.31,31.16,1,1,0,0,0,1,0,0,1,0,1,0,0,0,0,1,1,1,0,0,1,0,1,1
900,819.175,602.3275,580.0425,518.1625,460.85,342.0325,234.515,304.22,235.5725,167.32,148.9875,205.97,224.43,299.47249999999997,337.65250000000003,358.0375,273.645,153.2125,99.1875,82.5025,44.8375,62.6175,124.17,123.0,30.3,29.53,35.47,39.26,47.4,65.97,93.16,139.44,108.51,78.7,50.47,4.02,0.08,0.02,13.16,63.61,99.2,129.7,165.36,149.11,125.64,106.63,101.47,91.11,0,0,0,1,1,0,1,0,1,1,0,0,1,1,1,1,1,1,0,0,1,0,0,1
901,819.175,602.3275,580.0425,518.1625,460.85,342.0325,234.515,304.22,235.5725,167.32,148.9875,205.97,224.43,299.47249999999997,337.65250000000003,358.0375,273.645,153.2125,99.1875,82.5025,44.8375,62.6175,124.17,123.0,30.3,29.53,35.47,39.26,47.4,65.97,93.16,139.44,108.51,78.7,50.47,4.02,0.08,0.02,13.16,63.61,99.2,129.7,165.36,149.11,125.64,106.63,101.47,91.11,1,1,0,1,1,0,0,0,0,0,1,1,1,0,0,0,0,1,0,0,1,1,0,0
902,819.175,602.3275,580.0425,518.1625,460.85,342.0325,234.515,304.22,235.5725,167.32,148.9875,205.97,224.43,299.47249999999997,337.65250000000003,358.0375,273.645,153.2125,99.1875,82.5025,44.8375,62.6175,124.17,123.0,30.3,29.53,35.47,39.26,47.4,65.97,93.16,139.44,108.51,78.7,50.47,4.02,0.08,0.02,13.16,63.61,99.2,129.7,165.36,149.11,125.64,106.63,101.47,91.11,0,1,0,0,0,1,0,1,1,1,0,0,0,0,0,0,1,1,1,0,0,1,1,0
903,819.175,602.3275,580.0425,518.1625,460.85,342.0325,234.515,304.22,235.5725,167.32,148.9875,205.97,224.43,299.47249999999997,337.65250000000003,358.0375,273.645,153.2125,99.1875,82.5025,44.8375,62.6175,124.17,123.0,30.3,29.53,35.47,39.26,47.4,65.97,93.16,139.44,108.51,78.7,50.47,4.02,0.08,0.02,13.16,63.61,99.2,129.7,165.36,149.11,125.64,106.63,101.47,91.11,1,1,0,0,0,1,0,0,1,0,1,0,0,0,0,1,1,1,0,0,1,0,1,1
904,819.175,602.3275,580.0425,518.1625,460.85,342.0325,234.515,304.22,235.5725,167.32,148.9875,205.97,224.43,299.47249999999997,337.65250000000003,358.0375,273.645,153.2125,99.1875,82.5025,44.8375,62.6175,124.17,123.0,90.27,90.27,91.38,91.69,98.13,115.16,135.67,147.7,122.23,83.0,65.3,31.51,13.08,8.08,37.05,90.15,126.99,149.92,216.65,178.68,148.7,132.4,119.11,111.83,0,0,0,1,1,0,1,0,1,1,0,0,1,1,1,1,1,1,0,0,1,0,0,1
905,819.175,602.3275,580.0425,518.1625,460.85,342.0325,234.515,304.22,235.5725,167.32,148.9875,205.97,224.43,299.47249999999997,337.65250000000003,358.0375,273.645,153.2125,99.1875,82.5025,44.8375,62.6175,124.17,123.0,90.27,90.27,91.38,91.69,98.13,115.16,135.67,147.7,122.23,83.0,65.3,31.51,13.08,8.08,37.05,90.15,126.99,149.92,216.65,178.68,148.7,132.4,119.11,111.83,1,1,0,1,1,0,0,0,0,0,1,1,1,0,0,0,0,1,0,0,1,1,0,0
906,819.175,602.3275,580.0425,518.1625,460.85,342.0325,234.515,304.22,235.5725,167.32,148.9875,205.97,224.43,299.47249999999997,337.65250000000003,358.0375,273.645,153.2125,99.1875,82.5025,44.8375,62.6175,124.17,123.0,90.27,90.27,91.38,91.69,98.13,115.16,135.67,147.7,122.23,83.0,65.3,31.51,13.08,8.08,37.05,90.15,126.99,149.92,216.65,178.68,148.7,132.4,119.11,111.83,0,1,0,0,0,1,0,1,1,1,0,0,0,0,0,0,1,1,1,0,0,1,1,0
907,819.175,602.3275,580.0425,518.1625,460.85,342.0325,234.515,304.22,235.5725,167.32,148.9875,205.97,224.43,299.47249999999997,337.65250000000003,358.0375,273.645,153.2125,99.1875,82.5025,44.8375,62.6175,124.17,123.0,90.27,90.27,91.38,91.69,98.13,115.16,135.67,147.7,122.23,83.0,65.3,31.51,13.08,8.08,37.05,90.15,126.99,149.92,216.65,178.68,148.7,132.4,119.11,111.83,1,1,0,0,0,1,0,0,1,0,1,0,0,0,0,1,1,1,0,0,1,0,1,1
908,819.175,602.3275,580.0425,518.1625,460.85,342.0325,234.515,304.22,235.5725,167.32,148.9875,205.97,224.43,299.47249999999997,337.65250000000003,358.0375,273.645,153.2125,99.1875,82.5025,44.8375,62.6175,124.17,123.0,124.97,113.94,117.22,116.76,118.42,121.3,127.82,120.6,98.05,72.54,18.05,2.07,-0.33,-0.1,2.76,53.53,100.87,145.58,174.04,140.03,111.21,100.01,99.24,97.9,0,0,0,1,1,0,1,0,1,1,0,0,1,1,1,1,1,1,0,0,1,0,0,1
909,819.175,602.3275,580.0425,518.1625,460.85,342.0325,234.515,304.22,235.5725,167.32,148.9875,205.97,224.43,299.47249999999997,337.65250000000003,358.0375,273.645,153.2125,99.1875,82.5025,44.8375,62.6175,124.17,123.0,124.97,113.94,117.22,116.76,118.42,121.3,127.82,120.6,98.05,72.54,18.05,2.07,-0.33,-0.1,2.76,53.53,100.87,145.58,174.04,140.03,111.21,100.01,99.24,97.9,1,1,0,1,1,0,0,0,0,0,1,1,1,0,0,0,0,1,0,0,1,1,0,0
910,819.175,602.3275,580.0425,518.1625,460.85,342.0325,234.515,304.22,235.5725,167.32,148.9875,205.97,224.43,299.47249999999997,337.65250000000003,358.0375,273.645,153.2125,99.1875,82.5025,44.8375,62.6175,124.17,123.0,124.97,113.94,117.22,116.76,118.42,121.3,127.82,120.6,98.05,72.54,18.05,2.07,-0.33,-0.1,2.76,53.53,100.87,145.58,174.04,140.03,111.21,100.01,99.24,97.9,0,1,0,0,0,1,0,1,1,1,0,0,0,0,0,0,1,1,1,0,0,1,1,0
911,819.175,602.3275,580.0425,518.1625,460.85,342.0325,234.515,304.22,235.5725,167.32,148.9875,205.97,224.43,299.47249999999997,337.65250000000003,358.0375,273.645,153.2125,99.1875,82.5025,44.8375,62.6175,124.17,123.0,124.97,113.94,117.22,116.76,118.42,121.3,127.82,120.6,98.05,72.54,18.05,2.07,-0.33,-0.1,2.76,53.53,100.87,145.58,174.04,140.03,111.21,100.01,99.24,97.9,1,1,0,0,0,1,0,0,1,0,1,0,0,0,0,1,1,1,0,0,1,0,1,1
912,819.175,602.3275,580.0425,518.1625,460.85,342.0325,234.515,304.22,235.5725,167.32,148.9875,205.97,224.43,299.47249999999997,337.65250000000003,358.0375,273.645,153.2125,99.1875,82.5025,44.8375,62.6175,124.17,123.0,95.19,94.81,94.44,96.51,98.67,101.51,100.0,93.0,59.02,24.41,21.32,3.95,1.29,3.95,11.03,28.01,68.99,107.86,134.15,132.71,114.54,107.87,104.56,103.64,0,0,0,1,1,0,1,0,1,1,0,0,1,1,1,1,1,1,0,0,1,0,0,1
913,819.175,602.3275,580.0425,518.1625,460.85,342.0325,234.515,304.22,235.5725,167.32,148.9875,205.97,224.43,299.47249999999997,337.65250000000003,358.0375,273.645,153.2125,99.1875,82.5025,44.8375,62.6175,124.17,123.0,95.19,94.81,94.44,96.51,98.67,101.51,100.0,93.0,59.02,24.41,21.32,3.95,1.29,3.95,11.03,28.01,68.99,107.86,134.15,132.71,114.54,107.87,104.56,103.64,1,1,0,1,1,0,0,0,0,0,1,1,1,0,0,0,0,1,0,0,1,1,0,0
914,819.175,602.3275,580.0425,518.1625,460.85,342.0325,234.515,304.22,235.5725,167.32,148.9875,205.97,224.43,299.47249999999997,337.65250000000003,358.0375,273.645,153.2125,99.1875,82.5025,44.8375,62.6175,124.17,123.0,95.19,94.81,94.44,96.51,98.67,101.51,100.0,93.0,59.02,24.41,21.32,3.95,1.29,3.95,11.03,28.01,68.99,107.86,134.15,132.71,114.54,107.87,104.56,103.64,0,1,0,0,0,1,0,1,1,1,0,0,0,0,0,0,1,1,1,0,0,1,1,0
915,819.175,602.3275,580.0425,518.1625,460.85,342.0325,234.515,304.22,235.5725,167.32,148.9875,205.97,224.43,299.47249999999997,337.65250000000003,358.0375,273.645,153.2125,99.1875,82.5025,44.8375,62.6175,124.17,123.0,95.19,94.81,94.44,96.51,98.67,101.51,100.0,93.0,59.02,24.41,21.32,3.95,1.29,3.95,11.03,28.01,68.99,107.86,134.15,132.71,114.54,107.87,104.56,103.64,1,1,0,0,0,1,0,0,1,0,1,0,0,0,0,1,1,1,0,0,1,0,1,1
916,819.175,602.3275,580.0425,518.1625,460.85,342.0325,234.515,304.22,235.5725,167.32,148.9875,205.97,224.43,299.47249999999997,337.65250000000003,358.0375,273.645,153.2125,99.1875,82.5025,44.8375,62.6175,124.17,123.0,95.84,94.92,96.7,96.86,89.98,101.13,148.63,159.87,134.08,98.92,84.44,77.92,76.06,77.36,83.96,97.54,127.59,148.1,175.06,160.4,142.28,126.68,106.87,97.93,0,0,0,1,1,0,1,0,1,1,0,0,1,1,1,1,1,1,0,0,1,0,0,1
917,819.175,602.3275,580.0425,518.1625,460.85,342.0325,234.515,304.22,235.5725,167.32,148.9875,205.97,224.43,299.47249999999997,337.65250000000003,358.0375,273.645,153.2125,99.1875,82.5025,44.8375,62.6175,124.17,123.0,95.84,94.92,96.7,96.86,89.98,101.13,148.63,159.87,134.08,98.92,84.44,77.92,76.06,77.36,83.96,97.54,127.59,148.1,175.06,160.4,142.28,126.68,106.87,97.93,1,1,0,1,1,0,0,0,0,0,1,1,1,0,0,0,0,1,0,0,1,1,0,0
918,819.175,602.3275,580.0425,518.1625,460.85,342.0325,234.515,304.22,235.5725,167.32,148.9875,205.97,224.43,299.47249999999997,337.65250000000003,358.0375,273.645,153.2125,99.1875,82.5025,44.8375,62.6175,124.17,123.0,95.84,94.92,96.7,96.86,89.98,101.13,148.63,159.87,134.08,98.92,84.44,77.92,76.06,77.36,83.96,97.54,127.59,148.1,175.06,160.4,142.28,126.68,106.87,97.93,0,1,0,0,0,1,0,1,1,1,0,0,0,0,0,0,1,1,1,0,0,1,1,0
919,819.175,602.3275,580.0425,518.1625,460.85,342.0325,234.515,304.22,235.5725,167.32,148.9875,205.97,224.43,299.47249999999997,337.65250000000003,358.0375,273.645,153.2125,99.1875,82.5025,44.8375,62.6175,124.17,123.0,95.84,94.92,96.7,96.86,89.98,101.13,148.63,159.87,134.08,98.92,84.44,77.92,76.06,77.36,83.96,97.54,127.59,148.1,175.06,160.4,142.28,126.68,106.87,97.93,1,1,0,0,0,1,0,0,1,0,1,0,0,0,0,1,1,1,0,0,1,0,1,1
920,819.175,602.3275,580.0425,518.1625,460.85,342.0325,234.515,304.22,235.5725,167.32,148.9875,205.97,224.43,299.47249999999997,337.65250000000003,358.0375,273.645,153.2125,99.1875,82.5025,44.8375,62.6175,124.17,123.0,104.39,101.79,99.72,100.48,102.51,110.88,148.14,153.09,146.54,128.53,102.0,97.48,96.45,98.39,102.35,112.84,132.9,172.03,205.15,181.06,149.49,133.05,121.27,107.36,0,0,0,1,1,0,1,0,1,1,0,0,1,1,1,1,1,1,0,0,1,0,0,1
921,819.175,602.3275,580.0425,518.1625,460.85,342.0325,234.515,304.22,235.5725,167.32,148.9875,205.97,224.43,299.47249999999997,337.65250000000003,358.0375,273.645,153.2125,99.1875,82.5025,44.8375,62.6175,124.17,123.0,104.39,101.79,99.72,100.48,102.51,110.88,148.14,153.09,146.54,128.53,102.0,97.48,96.45,98.39,102.35,112.84,132.9,172.03,205.15,181.06,149.49,133.05,121.27,107.36,1,1,0,1,1,0,0,0,0,0,1,1,1,0,0,0,0,1,0,0,1,1,0,0
922,819.175,602.3275,580.0425,518.1625,460.85,342.0325,234.515,304.22,235.5725,167.32,148.9875,205.97,224.43,299.47249999999997,337.65250000000003,358.0375,273.645,153.2125,99.1875,82.5025,44.8375,62.6175,124.17,123.0,104.39,101.79,99.72,100.48,102.51,110.88,148.14,153.09,146.54,128.53,102.0,97.48,96.45,98.39,102.35,112.84,132.9,172.03,205.15,181.06,149.49,133.05,121.27,107.36,0,1,0,0,0,1,0,1,1,1,0,0,0,0,0,0,1,1,1,0,0,1,1,0
923,819.175,602.3275,580.0425,518.1625,460.85,342.0325,234.515,304.22,235.5725,167.32,148.9875,205.97,224.43,299.47249999999997,337.65250000000003,358.0375,273.645,153.2125,99.1875,82.5025,44.8375,62.6175,124.17,123.0,104.39,101.79,99.72,100.48,102.51,110.88,148.14,153.09,146.54,128.53,102.0,97.48,96.45,98.39,102.35,112.84,132.9,172.03,205.15,181.06,149.49,133.05,121.27,107.36,1,1,0,0,0,1,0,0,1,0,1,0,0,0,0,1,1,1,0,0,1,0,1,1
924,819.175,602.3275,580.0425,518.1625,460.85,342.0325,234.515,304.22,235.5725,167.32,148.9875,205.97,224.43,299.47249999999997,337.65250000000003,358.0375,273.645,153.2125,99.1875,82.5025,44.8375,62.6175,124.17,123.0,101.74,100.11,97.82,97.43,101.85,110.37,144.57,161.75,148.49,125.02,102.64,99.73,98.11,99.95,101.69,117.81,140.35,159.04,199.9,179.58,148.09,132.26,120.02,109.91,0,0,0,1,1,0,1,0,1,1,0,0,1,1,1,1,1,1,0,0,1,0,0,1
925,819.175,602.3275,580.0425,518.1625,460.85,342.0325,234.515,304.22,235.5725,167.32,148.9875,205.97,224.43,299.47249999999997,337.65250000000003,358.0375,273.645,153.2125,99.1875,82.5025,44.8375,62.6175,124.17,123.0,101.74,100.11,97.82,97.43,101.85,110.37,144.57,161.75,148.49,125.02,102.64,99.73,98.11,99.95,101.69,117.81,140.35,159.04,199.9,179.58,148.09,132.26,120.02,109.91,1,1,0,1,1,0,0,0,0,0,1,1,1,0,0,0,0,1,0,0,1,1,0,0
926,819.175,602.3275,580.0425,518.1625,460.85,342.0325,234.515,304.22,235.5725,167.32,148.9875,205.97,224.43,299.47249999999997,337.65250000000003,358.0375,273.645,153.2125,99.1875,82.5025,44.8375,62.6175,124.17,123.0,101.74,100.11,97.82,97.43,101.85,110.37,144.57,161.75,148.49,125.02,102.64,99.73,98.11,99.95,101.69,117.81,140.35,159.04,199.9,179.58,148.09,132.26,120.02,109.91,0,1,0,0,0,1,0,1,1,1,0,0,0,0,0,0,1,1,1,0,0,1,1,0
927,819.175,602.3275,580.0425,518.1625,460.85,342.0325,234.515,304.22,235.5725,167.32,148.9875,205.97,224.43,299.47249999999997,337.65250000000003,358.0375,273.645,153.2125,99.1875,82.5025,44.8375,62.6175,124.17,123.0,101.74,100.11,97.82,97.43,101.85,110.37,144.57,161.75,148.49,125.02,102.64,99.73,98.11,99.95,101.69,117.81,140.35,159.04,199.9,179.58,148.09,132.26,120.02,109.91,1,1,0,0,0,1,0,0,1,0,1,0,0,0,0,1,1,1,0,0,1,0,1,1
928,819.175,602.3275,580.0425,518.1625,460.85,342.0325,234.515,304.22,235.5725,167.32,148.9875,205.97,224.43,299.47249999999997,337.65250000000003,358.0375,273.645,153.2125,99.1875,82.5025,44.8375,62.6175,124.17,123.0,108.49,102.22,98.96,96.69,98.33,105.87,132.7,160.74,160.99,154.8,123.84,110.75,110.08,108.28,107.6,110.02,121.56,142.95,166.09,173.42,148.99,135.69,123.41,111.53,0,0,0,1,1,0,1,0,1,1,0,0,1,1,1,1,1,1,0,0,1,0,0,1
929,819.175,602.3275,580.0425,518.1625,460.85,342.0325,234.515,304.22,235.5725,167.32,148.9875,205.97,224.43,299.47249999999997,337.65250000000003,358.0375,273.645,153.2125,99.1875,82.5025,44.8375,62.6175,124.17,123.0,108.49,102.22,98.96,96.69,98.33,105.87,132.7,160.74,160.99,154.8,123.84,110.75,110.08,108.28,107.6,110.02,121.56,142.95,166.09,173.42,148.99,135.69,123.41,111.53,1,1,0,1,1,0,0,0,0,0,1,1,1,0,0,0,0,1,0,0,1,1,0,0
930,819.175,602.3275,580.0425,518.1625,460.85,342.0325,234.515,304.22,235.5725,167.32,148.9875,205.97,224.43,299.47249999999997,337.65250000000003,358.0375,273.645,153.2125,99.1875,82.5025,44.8375,62.6175,124.17,123.0,108.49,102.22,98.96,96.69,98.33,105.87,132.7,160.74,160.99,154.8,123.84,110.75,110.08,108.28,107.6,110.02,121.56,142.95,166.09,173.42,148.99,135.69,123.41,111.53,0,1,0,0,0,1,0,1,1,1,0,0,0,0,0,0,1,1,1,0,0,1,1,0
931,819.175,602.3275,580.0425,518.1625,460.85,342.0325,234.515,304.22,235.5725,167.32,148.9875,205.97,224.43,299.47249999999997,337.65250000000003,358.0375,273.645,153.2125,99.1875,82.5025,44.8375,62.6175,124.17,123.0,108.49,102.22,98.96,96.69,98.33,105.87,132.7,160.74,160.99,154.8,123.84,110.75,110.08,108.28,107.6,110.02,121.56,142.95,166.09,173.42,148.99,135.69,123.41,111.53,1,1,0,0,0,1,0,0,1,0,1,0,0,0,0,1,1,1,0,0,1,0,1,1
932,819.175,602.3275,580.0425,518.1625,460.85,342.0325,234.515,304.22,235.5725,167.32,148.9875,205.97,224.43,299.47249999999997,337.65250000000003,358.0375,273.645,153.2125,99.1875,82.5025,44.8375,62.6175,124.17,123.0,109.19,106.08,105.97,103.89,105.37,114.08,143.05,155.29,155.08,132.11,112.01,106.37,104.49,104.58,105.38,109.42,124.93,146.56,155.47,151.02,130.1,111.46,114.0,105.15,0,0,0,1,1,0,1,0,1,1,0,0,1,1,1,1,1,1,0,0,1,0,0,1
933,819.175,602.3275,580.0425,518.1625,460.85,342.0325,234.515,304.22,235.5725,167.32,148.9875,205.97,224.43,299.47249999999997,337.65250000000003,358.0375,273.645,153.2125,99.1875,82.5025,44.8375,62.6175,124.17,123.0,109.19,106.08,105.97,103.89,105.37,114.08,143.05,155.29,155.08,132.11,112.01,106.37,104.49,104.58,105.38,109.42,124.93,146.56,155.47,151.02,130.1,111.46,114.0,105.15,1,1,0,1,1,0,0,0,0,0,1,1,1,0,0,0,0,1,0,0,1,1,0,0
934,819.175,602.3275,580.0425,518.1625,460.85,342.0325,234.515,304.22,235.5725,167.32,148.9875,205.97,224.43,299.47249999999997,337.65250000000003,358.0375,273.645,153.2125,99.1875,82.5025,44.8375,62.6175,124.17,123.0,109.19,106.08,105.97,103.89,105.37,114.08,143.05,155.29,155.08,132.11,112.01,106.37,104.49,104.58,105.38,109.42,124.93,146.56,155.47,151.02,130.1,111.46,114.0,105.15,0,1,0,0,0,1,0,1,1,1,0,0,0,0,0,0,1,1,1,0,0,1,1,0
935,819.175,602.3275,580.0425,518.1625,460.85,342.0325,234.515,304.22,235.5725,167.32,148.9875,205.97,224.43,299.47249999999997,337.65250000000003,358.0375,273.645,153.2125,99.1875,82.5025,44.8375,62.6175,124.17,123.0,109.19,106.08,105.97,103.89,105.37,114.08,143.05,155.29,155.08,132.11,112.01,106.37,104.49,104.58,105.38,109.42,124.93,146.56,155.47,151.02,130.1,111.46,114.0,105.15,1,1,0,0,0,1,0,0,1,0,1,0,0,0,0,1,1,1,0,0,1,0,1,1
936,819.175,602.3275,580.0425,518.1625,460.85,342.0325,234.515,304.22,235.5725,167.32,148.9875,205.97,224.43,299.47249999999997,337.65250000000003,358.0375,273.645,153.2125,99.1875,82.5025,44.8375,62.6175,124.17,123.0,112.16,103.15,96.0,89.89,86.89,90.55,97.0,99.38,98.73,86.36,72.35,67.12,57.28,47.96,54.46,70.76,84.2,121.87,130.26,132.91,121.41,108.46,104.98,95.21,0,0,0,1,1,0,1,0,1,1,0,0,1,1,1,1,1,1,0,0,1,0,0,1
937,819.175,602.3275,580.0425,518.1625,460.85,342.0325,234.515,304.22,235.5725,167.32,148.9875,205.97,224.43,299.47249999999997,337.65250000000003,358.0375,273.645,153.2125,99.1875,82.5025,44.8375,62.6175,124.17,123.0,112.16,103.15,96.0,89.89,86.89,90.55,97.0,99.38,98.73,86.36,72.35,67.12,57.28,47.96,54.46,70.76,84.2,121.87,130.26,132.91,121.41,108.46,104.98,95.21,1,1,0,1,1,0,0,0,0,0,1,1,1,0,0,0,0,1,0,0,1,1,0,0
938,819.175,602.3275,580.0425,518.1625,460.85,342.0325,234.515,304.22,235.5725,167.32,148.9875,205.97,224.43,299.47249999999997,337.65250000000003,358.0375,273.645,153.2125,99.1875,82.5025,44.8375,62.6175,124.17,123.0,112.16,103.15,96.0,89.89,86.89,90.55,97.0,99.38,98.73,86.36,72.35,67.12,57.28,47.96,54.46,70.76,84.2,121.87,130.26,132.91,121.41,108.46,104.98,95.21,0,1,0,0,0,1,0,1,1,1,0,0,0,0,0,0,1,1,1,0,0,1,1,0
939,819.175,602.3275,580.0425,518.1625,460.85,342.0325,234.515,304.22,235.5725,167.32,148.9875,205.97,224.43,299.47249999999997,337.65250000000003,358.0375,273.645,153.2125,99.1875,82.5025,44.8375,62.6175,124.17,123.0,112.16,103.15,96.0,89.89,86.89,90.55,97.0,99.38,98.73,86.36,72.35,67.12,57.28,47.96,54.46,70.76,84.2,121.87,130.26,132.91,121.41,108.46,104.98,95.21,1,1,0,0,0,1,0,0,1,0,1,0,0,0,0,1,1,1,0,0,1,0,1,1
940,819.175,602.3275,580.0425,518.1625,460.85,342.0325,234.515,304.22,235.5725,167.32,148.9875,205.97,224.43,299.47249999999997,337.65250000000003,358.0375,273.645,153.2125,99.1875,82.5025,44.8375,62.6175,124.17,123.0,89.97,85.75,79.57,78.15,78.55,29.41,30.14,30.7,30.5,28.73,24.06,2.9,1.01,0.19,2.67,30.81,59.97,94.68,83.61,45.54,31.49,31.1,30.69,30.44,0,0,0,1,1,0,1,0,1,1,0,0,1,1,1,1,1,1,0,0,1,0,0,1
941,819.175,602.3275,580.0425,518.1625,460.85,342.0325,234.515,304.22,235.5725,167.32,148.9875,205.97,224.43,299.47249999999997,337.65250000000003,358.0375,273.645,153.2125,99.1875,82.5025,44.8375,62.6175,124.17,123.0,89.97,85.75,79.57,78.15,78.55,29.41,30.14,30.7,30.5,28.73,24.06,2.9,1.01,0.19,2.67,30.81,59.97,94.68,83.61,45.54,31.49,31.1,30.69,30.44,1,1,0,1,1,0,0,0,0,0,1,1,1,0,0,0,0,1,0,0,1,1,0,0
942,819.175,602.3275,580.0425,518.1625,460.85,342.0325,234.515,304.22,235.5725,167.32,148.9875,205.97,224.43,299.47249999999997,337.65250000000003,358.0375,273.645,153.2125,99.1875,82.5025,44.8375,62.6175,124.17,123.0,89.97,85.75,79.57,78.15,78.55,29.41,30.14,30.7,30.5,28.73,24.06,2.9,1.01,0.19,2.67,30.81,59.97,94.68,83.61,45.54,31.49,31.1,30.69,30.44,0,1,0,0,0,1,0,1,1,1,0,0,0,0,0,0,1,1,1,0,0,1,1,0
943,819.175,602.3275,580.0425,518.1625,460.85,342.0325,234.515,304.22,235.5725,167.32,148.9875,205.97,224.43,299.47249999999997,337.65250000000003,358.0375,273.645,153.2125,99.1875,82.5025,44.8375,62.6175,124.17,123.0,89.97,85.75,79.57,78.15,78.55,29.41,30.14,30.7,30.5,28.73,24.06,2.9,1.01,0.19,2.67,30.81,59.97,94.68,83.61,45.54,31.49,31.1,30.69,30.44,1,1,0,0,0,1,0,0,1,0,1,0,0,0,0,1,1,1,0,0,1,0,1,1
944,819.175,602.3275,580.0425,518.1625,460.85,342.0325,234.515,304.22,235.5725,167.32,148.9875,205.97,224.43,299.47249999999997,337.65250000000003,358.0375,273.645,153.2125,99.1875,82.5025,44.8375,62.6175,124.17,123.0,30.66,40.11,77.6,80.9,85.84,103.33,135.26,152.96,135.32,100.77,68.2,50.53,31.14,27.92,50.12,70.02,98.59,143.14,177.42,170.09,141.58,113.55,106.46,93.49,0,0,0,1,1,0,1,0,1,1,0,0,1,1,1,1,1,1,0,0,1,0,0,1
945,819.175,602.3275,580.0425,518.1625,460.85,342.0325,234.515,304.22,235.5725,167.32,148.9875,205.97,224.43,299.47249999999997,337.65250000000003,358.0375,273.645,153.2125,99.1875,82.5025,44.8375,62.6175,124.17,123.0,30.66,40.11,77.6,80.9,85.84,103.33,135.26,152.96,135.32,100.77,68.2,50.53,31.14,27.92,50.12,70.02,98.59,143.14,177.42,170.09,141.58,113.55,106.46,93.49,1,1,0,1,1,0,0,0,0,0,1,1,1,0,0,0,0,1,0,0,1,1,0,0
946,819.175,602.3275,580.0425,518.1625,460.85,342.0325,234.515,304.22,235.5725,167.32,148.9875,205.97,224.43,299.47249999999997,337.65250000000003,358.0375,273.645,153.2125,99.1875,82.5025,44.8375,62.6175,124.17,123.0,30.66,40.11,77.6,80.9,85.84,103.33,135.26,152.96,135.32,100.77,68.2,50.53,31.14,27.92,50.12,70.02,98.59,143.14,177.42,170.09,141.58,113.55,106.46,93.49,0,1,0,0,0,1,0,1,1,1,0,0,0,0,0,0,1,1,1,0,0,1,1,0
947,819.175,602.3275,580.0425,518.1625,460.85,342.0325,234.515,304.22,235.5725,167.32,148.9875,205.97,224.43,299.47249999999997,337.65250000000003,358.0375,273.645,153.2125,99.1875,82.5025,44.8375,62.6175,124.17,123.0,30.66,40.11,77.6,80.9,85.84,103.33,135.26,152.96,135.32,100.77,68.2,50.53,31.14,27.92,50.12,70.02,98.59,143.14,177.42,170.09,141.58,113.55,106.46,93.49,1,1,0,0,0,1,0,0,1,0,1,0,0,0,0,1,1,1,0,0,1,0,1,1
948,819.175,602.3275,580.0425,518.1625,460.85,342.0325,234.515,304.22,235.5725,167.32,148.9875,205.97,224.43,299.47249999999997,337.65250000000003,358.0375,273.645,153.2125,99.1875,82.5025,44.8375,62.6175,124.17,123.0,92.18,89.96,89.71,67.1,69.44,102.28,128.02,136.73,106.56,68.46,27.24,1.79,-0.2,-0.28,17.36,38.6,96.03,141.1,171.17,167.77,142.51,117.77,107.46,100.5,0,0,0,1,1,0,1,0,1,1,0,0,1,1,1,1,1,1,0,0,1,0,0,1
949,819.175,602.3275,580.0425,518.1625,460.85,342.0325,234.515,304.22,235.5725,167.32,148.9875,205.97,224.43,299.47249999999997,337.65250000000003,358.0375,273.645,153.2125,99.1875,82.5025,44.8375,62.6175,124.17,123.0,92.18,89.96,89.71,67.1,69.44,102.28,128.02,136.73,106.56,68.46,27.24,1.79,-0.2,-0.28,17.36,38.6,96.03,141.1,171.17,167.77,142.51,117.77,107.46,100.5,1,1,0,1,1,0,0,0,0,0,1,1,1,0,0,0,0,1,0,0,1,1,0,0
950,819.175,602.3275,580.0425,518.1625,460.85,342.0325,234.515,304.22,235.5725,167.32,148.9875,205.97,224.43,299.47249999999997,337.65250000000003,358.0375,273.645,153.2125,99.1875,82.5025,44.8375,62.6175,124.17,123.0,92.18,89.96,89.71,67.1,69.44,102.28,128.02,136.73,106.56,68.46,27.24,1.79,-0.2,-0.28,17.36,38.6,96.03,141.1,171.17,167.77,142.51,117.77,107.46,100.5,0,1,0,0,0,1,0,1,1,1,0,0,0,0,0,0,1,1,1,0,0,1,1,0
951,819.175,602.3275,580.0425,518.1625,460.85,342.0325,234.515,304.22,235.5725,167.32,148.9875,205.97,224.43,299.47249999999997,337.65250000000003,358.0375,273.645,153.2125,99.1875,82.5025,44.8375,62.6175,124.17,123.0,92.18,89.96,89.71,67.1,69.44,102.28,128.02,136.73,106.56,68.46,27.24,1.79,-0.2,-0.28,17.36,38.6,96.03,141.1,171.17,167.77,142.51,117.77,107.46,100.5,1,1,0,0,0,1,0,0,1,0,1,0,0,0,0,1,1,1,0,0,1,0,1,1
952,819.175,602.3275,580.0425,518.1625,460.85,342.0325,234.515,304.22,235.5725,167.32,148.9875,205.97,224.43,299.47249999999997,337.65250000000003,358.0375,273.645,153.2125,99.1875,82.5025,44.8375,62.6175,124.17,123.0,204.12,101.46,97.67,98.58,101.74,110.71,153.27,140.98,99.91,76.08,38.9,6.7,3.13,3.41,30.98,62.63,120.26,154.93,279.34,251.99,163.48,136.61,124.83,117.5,0,0,0,1,1,0,1,0,1,1,0,0,1,1,1,1,1,1,0,0,1,0,0,1
953,819.175,602.3275,580.0425,518.1625,460.85,342.0325,234.515,304.22,235.5725,167.32,148.9875,205.97,224.43,299.47249999999997,337.65250000000003,358.0375,273.645,153.2125,99.1875,82.5025,44.8375,62.6175,124.17,123.0,204.12,101.46,97.67,98.58,101.74,110.71,153.27,140.98,99.91,76.08,38.9,6.7,3.13,3.41,30.98,62.63,120.26,154.93,279.34,251.99,163.48,136.61,124.83,117.5,1,1,0,1,1,0,0,0,0,0,1,1,1,0,0,0,0,1,0,0,1,1,0,0
954,819.175,602.3275,580.0425,518.1625,460.85,342.0325,234.515,304.22,235.5725,167.32,148.9875,205.97,224.43,299.47249999999997,337.65250000000003,358.0375,273.645,153.2125,99.1875,82.5025,44.8375,62.6175,124.17,123.0,204.12,101.46,97.67,98.58,101.74,110.71,153.27,140.98,99.91,76.08,38.9,6.7,3.13,3.41,30.98,62.63,120.26,154.93,279.34,251.99,163.48,136.61,124.83,117.5,0,1,0,0,0,1,0,1,1,1,0,0,0,0,0,0,1,1,1,0,0,1,1,0
955,819.175,602.3275,580.0425,518.1625,460.85,342.0325,234.515,304.22,235.5725,167.32,148.9875,205.97,224.43,299.47249999999997,337.65250000000003,358.0375,273.645,153.2125,99.1875,82.5025,44.8375,62.6175,124.17,123.0,204.12,101.46,97.67,98.58,101.74,110.71,153.27,140.98,99.91,76.08,38.9,6.7,3.13,3.41,30.98,62.63,120.26,154.93,279.34,251.99,163.48,136.61,124.83,117.5,1,1,0,0,0,1,0,0,1,0,1,0,0,0,0,1,1,1,0,0,1,0,1,1
956,819.175,602.3275,580.0425,518.1625,460.85,342.0325,234.515,304.22,235.5725,167.32,148.9875,205.97,224.43,299.47249999999997,337.65250000000003,358.0375,273.645,153.2125,99.1875,82.5025,44.8375,62.6175,124.17,123.0,107.45,102.55,101.34,102.15,106.74,122.73,158.29,147.93,108.19,73.39,28.86,3.96,-0.56,-0.16,27.42,40.28,109.8,147.64,248.27,220.53,176.9,138.38,124.58,111.27,0,0,0,1,1,0,1,0,1,1,0,0,1,1,1,1,1,1,0,0,1,0,0,1
957,819.175,602.3275,580.0425,518.1625,460.85,342.0325,234.515,304.22,235.5725,167.32,148.9875,205.97,224.43,299.47249999999997,337.65250000000003,358.0375,273.645,153.2125,99.1875,82.5025,44.8375,62.6175,124.17,123.0,107.45,102.55,101.34,102.15,106.74,122.73,158.29,147.93,108.19,73.39,28.86,3.96,-0.56,-0.16,27.42,40.28,109.8,147.64,248.27,220.53,176.9,138.38,124.58,111.27,1,1,0,1,1,0,0,0,0,0,1,1,1,0,0,0,0,1,0,0,1,1,0,0
958,819.175,602.3275,580.0425,518.1625,460.85,342.0325,234.515,304.22,235.5725,167.32,148.9875,205.97,224.43,299.47249999999997,337.65250000000003,358.0375,273.645,153.2125,99.1875,82.5025,44.8375,62.6175,124.17,123.0,107.45,102.55,101.34,102.15,106.74,122.73,158.29,147.93,108.19,73.39,28.86,3.96,-0.56,-0.16,27.42,40.28,109.8,147.64,248.27,220.53,176.9,138.38,124.58,111.27,0,1,0,0,0,1,0,1,1,1,0,0,0,0,0,0,1,1,1,0,0,1,1,0
959,819.175,602.3275,580.0425,518.1625,460.85,342.0325,234.515,304.22,235.5725,167.32,148.9875,205.97,224.43,299.47249999999997,337.65250000000003,358.0375,273.645,153.2125,99.1875,82.5025,44.8375,62.6175,124.17,123.0,107.45,102.55,101.34,102.15,106.74,122.73,158.29,147.93,108.19,73.39,28.86,3.96,-0.56,-0.16,27.42,40.28,109.8,147.64,248.27,220.53,176.9,138.38,124.58,111.27,1,1,0,0,0,1,0,0,1,0,1,0,0,0,0,1,1,1,0,0,1,0,1,1
960,206.63750000000002,378.11,522.1375,441.58750000000003,394.52250000000004,413.1175,467.2075,450.8025,490.92499999999995,400.155,350.7025,451.235,439.9475,558.38,544.9525,504.6425,594.0550000000001,757.925,718.2375,835.34,712.7875,863.8175,653.2175,380.01,128.2,120.38,117.09,112.15,109.75,111.89,117.11,135.81,138.82,137.77,125.08,112.1,102.21,97.27,99.39,97.8,125.41,145.0,158.55,150.78,133.41,125.42,122.03,119.92,0,0,0,1,1,0,1,0,1,1,0,0,1,1,1,1,1,1,0,0,1,0,0,1
961,206.63750000000002,378.11,522.1375,441.58750000000003,394.52250000000004,413.1175,467.2075,450.8025,490.92499999999995,400.155,350.7025,451.235,439.9475,558.38,544.9525,504.6425,594.0550000000001,757.925,718.2375,835.34,712.7875,863.8175,653.2175,380.01,128.2,120.38,117.09,112.15,109.75,111.89,117.11,135.81,138.82,137.77,125.08,112.1,102.21,97.27,99.39,97.8,125.41,145.0,158.55,150.78,133.41,125.42,122.03,119.92,1,1,0,1,1,0,0,0,0,0,1,1,1,0,0,0,0,1,0,0,1,1,0,0
962,206.63750000000002,378.11,522.1375,441.58750000000003,394.52250000000004,413.1175,467.2075,450.8025,490.92499999999995,400.155,350.7025,451.235,439.9475,558.38,544.9525,504.6425,594.0550000000001,757.925,718.2375,835.34,712.7875,863.8175,653.2175,380.01,128.2,120.38,117.09,112.15,109.75,111.89,117.11,135.81,138.82,137.77,125.08,112.1,102.21,97.27,99.39,97.8,125.41,145.0,158.55,150.78,133.41,125.42,122.03,119.92,0,1,0,0,0,1,0,1,1,1,0,0,0,0,0,0,1,1,1,0,0,1,1,0
963,206.63750000000002,378.11,522.1375,441.58750000000003,394.52250000000004,413.1175,467.2075,450.8025,490.92499999999995,400.155,350.7025,451.235,439.9475,558.38,544.9525,504.6425,594.0550000000001,757.925,718.2375,835.34,712.7875,863.8175,653.2175,380.01,128.2,120.38,117.09,112.15,109.75,111.89,117.11,135.81,138.82,137.77,125.08,112.1,102.21,97.27,99.39,97.8,125.41,145.0,158.55,150.78,133.41,125.42,122.03,119.92,1,1,0,0,0,1,0,0,1,0,1,0,0,0,0,1,1,1,0,0,1,0,1,1
964,206.63750000000002,378.11,522.1375,441.58750000000003,394.52250000000004,413.1175,467.2075,450.8025,490.92499999999995,400.155,350.7025,451.235,439.9475,558.38,544.9525,504.6425,594.0550000000001,757.925,718.2375,835.34,712.7875,863.8175,653.2175,380.01,102.61,57.86,30.22,21.37,19.06,19.05,43.56,90.69,103.11,89.0,33.71,11.22,7.4,3.14,2.85,19.0,54.16,99.69,136.58,117.23,80.9,61.1,35.12,25.41,0,0,0,1,1,0,1,0,1,1,0,0,1,1,1,1,1,1,0,0,1,0,0,1
965,206.63750000000002,378.11,522.1375,441.58750000000003,394.52250000000004,413.1175,467.2075,450.8025,490.92499999999995,400.155,350.7025,451.235,439.9475,558.38,544.9525,504.6425,594.0550000000001,757.925,718.2375,835.34,712.7875,863.8175,653.2175,380.01,102.61,57.86,30.22,21.37,19.06,19.05,43.56,90.69,103.11,89.0,33.71,11.22,7.4,3.14,2.85,19.0,54.16,99.69,136.58,117.23,80.9,61.1,35.12,25.41,1,1,0,1,1,0,0,0,0,0,1,1,1,0,0,0,0,1,0,0,1,1,0,0
966,206.63750000000002,378.11,522.1375,441.58750000000003,394.52250000000004,413.1175,467.2075,450.8025,490.92499999999995,400.155,350.7025,451.235,439.9475,558.38,544.9525,504.6425,594.0550000000001,757.925,718.2375,835.34,712.7875,863.8175,653.2175,380.01,102.61,57.86,30.22,21.37,19.06,19.05,43.56,90.69,103.11,89.0,33.71,11.22,7.4,3.14,2.85,19.0,54.16,99.69,136.58,117.23,80.9,61.1,35.12,25.41,0,1,0,0,0,1,0,1,1,1,0,0,0,0,0,0,1,1,1,0,0,1,1,0
967,206.63750000000002,378.11,522.1375,441.58750000000003,394.52250000000004,413.1175,467.2075,450.8025,490.92499999999995,400.155,350.7025,451.235,439.9475,558.38,544.9525,504.6425,594.0550000000001,757.925,718.2375,835.34,712.7875,863.8175,653.2175,380.01,102.61,57.86,30.22,21.37,19.06,19.05,43.56,90.69,103.11,89.0,33.71,11.22,7.4,3.14,2.85,19.0,54.16,99.69,136.58,117.23,80.9,61.1,35.12,25.41,1,1,0,0,0,1,0,0,1,0,1,0,0,0,0,1,1,1,0,0,1,0,1,1
968,206.63750000000002,378.11,522.1375,441.58750000000003,394.52250000000004,413.1175,467.2075,450.8025,490.92499999999995,400.155,350.7025,451.235,439.9475,558.38,544.9525,504.6425,594.0550000000001,757.925,718.2375,835.34,712.7875,863.8175,653.2175,380.01,28.31,27.04,25.8,20.11,14.94,20.11,41.81,58.7,70.1,44.59,20.1,4.29,2.43,1.67,10.81,34.89,70.65,129.19,163.66,102.7,88.19,79.94,69.01,40.3,0,0,0,1,1,0,1,0,1,1,0,0,1,1,1,1,1,1,0,0,1,0,0,1
969,206.63750000000002,378.11,522.1375,441.58750000000003,394.52250000000004,413.1175,467.2075,450.8025,490.92499999999995,400.155,350.7025,451.235,439.9475,558.38,544.9525,504.6425,594.0550000000001,757.925,718.2375,835.34,712.7875,863.8175,653.2175,380.01,28.31,27.04,25.8,20.11,14.94,20.11,41.81,58.7,70.1,44.59,20.1,4.29,2.43,1.67,10.81,34.89,70.65,129.19,163.66,102.7,88.19,79.94,69.01,40.3,1,1,0,1,1,0,0,0,0,0,1,1,1,0,0,0,0,1,0,0,1,1,0,0
970,206.63750000000002,378.11,522.1375,441.58750000000003,394.52250000000004,413.1175,467.2075,450.8025,490.92499999999995,400.155,350.7025,451.235,439.9475,558.38,544.9525,504.6425,594.0550000000001,757.925,718.2375,835.34,712.7875,863.8175,653.2175,380.01,28.31,27.04,25.8,20.11,14.94,20.11,41.81,58.7,70.1,44.59,20.1,4.29,2.43,1.67,10.81,34.89,70.65,129.19,163.66,102.7,88.19,79.94,69.01,40.3,0,1,0,0,0,1,0,1,1,1,0,0,0,0,0,0,1,1,1,0,0,1,1,0
971,206.63750000000002,378.11,522.1375,441.58750000000003,394.52250000000004,413.1175,467.2075,450.8025,490.92499999999995,400.155,350.7025,451.235,439.9475,558.38,544.9525,504.6425,594.0550000000001,757.925,718.2375,835.34,712.7875,863.8175,653.2175,380.01,28.31,27.04,25.8,20.11,14.94,20.11,41.81,58.7,70.1,44.59,20.1,4.29,2.43,1.67,10.81,34.89,70.65,129.19,163.66,102.7,88.19,79.94,69.01,40.3,1,1,0,0,0,1,0,0,1,0,1,0,0,0,0,1,1,1,0,0,1,0,1,1
972,206.63750000000002,378.11,522.1375,441.58750000000003,394.52250000000004,413.1175,467.2075,450.8025,490.92499999999995,400.155,350.7025,451.235,439.9475,558.38,544.9525,504.6425,594.0550000000001,757.925,718.2375,835.34,712.7875,863.8175,653.2175,380.01,65.55,54.39,32.29,20.11,20.1,42.51,52.96,65.9,62.85,61.23,25.3,13.26,4.0,4.04,10.11,30.07,32.66,74.91,64.54,42.3,29.85,25.33,25.52,20.1,0,0,0,1,1,0,1,0,1,1,0,0,1,1,1,1,1,1,0,0,1,0,0,1
973,206.63750000000002,378.11,522.1375,441.58750000000003,394.52250000000004,413.1175,467.2075,450.8025,490.92499999999995,400.155,350.7025,451.235,439.9475,558.38,544.9525,504.6425,594.0550000000001,757.925,718.2375,835.34,712.7875,863.8175,653.2175,380.01,65.55,54.39,32.29,20.11,20.1,42.51,52.96,65.9,62.85,61.23,25.3,13.26,4.0,4.04,10.11,30.07,32.66,74.91,64.54,42.3,29.85,25.33,25.52,20.1,1,1,0,1,1,0,0,0,0,0,1,1,1,0,0,0,0,1,0,0,1,1,0,0
974,206.63750000000002,378.11,522.1375,441.58750000000003,394.52250000000004,413.1175,467.2075,450.8025,490.92499999999995,400.155,350.7025,451.235,439.9475,558.38,544.9525,504.6425,594.0550000000001,757.925,718.2375,835.34,712.7875,863.8175,653.2175,380.01,65.55,54.39,32.29,20.11,20.1,42.51,52.96,65.9,62.85,61.23,25.3,13.26,4.0,4.04,10.11,30.07,32.66,74.91,64.54,42.3,29.85,25.33,25.52,20.1,0,1,0,0,0,1,0,1,1,1,0,0,0,0,0,0,1,1,1,0,0,1,1,0
975,206.63750000000002,378.11,522.1375,441.58750000000003,394.52250000000004,413.1175,467.2075,450.8025,490.92499999999995,400.155,350.7025,451.235,439.9475,558.38,544.9525,504.6425,594.0550000000001,757.925,718.2375,835.34,712.7875,863.8175,653.2175,380.01,65.55,54.39,32.29,20.11,20.1,42.51,52.96,65.9,62.85,61.23,25.3,13.26,4.0,4.04,10.11,30.07,32.66,74.91,64.54,42.3,29.85,25.33,25.52,20.1,1,1,0,0,0,1,0,0,1,0,1,0,0,0,0,1,1,1,0,0,1,0,1,1
976,206.63750000000002,378.11,522.1375,441.58750000000003,394.52250000000004,413.1175,467.2075,450.8025,490.92499999999995,400.155,350.7025,451.235,439.9475,558.38,544.9525,504.6425,594.0550000000001,757.925,718.2375,835.34,712.7875,863.8175,653.2175,380.01,4.0,4.0,4.0,4.0,9.8,4.0,16.04,43.93,39.29,12.6,0.34,-0.67,-0.7,-0.78,0.01,3.97,13.23,60.4,60.41,43.5,34.76,33.55,31.31,31.16,0,0,0,1,1,0,1,0,1,1,0,0,1,1,1,1,1,1,0,0,1,0,0,1
977,206.63750000000002,378.11,522.1375,441.58750000000003,394.52250000000004,413.1175,467.2075,450.8025,490.92499999999995,400.155,350.7025,451.235,439.9475,558.38,544.9525,504.6425,594.0550000000001,757.925,718.2375,835.34,712.7875,863.8175,653.2175,380.01,4.0,4.0,4.0,4.0,9.8,4.0,16.04,43.93,39.29,12.6,0.34,-0.67,-0.7,-0.78,0.01,3.97,13.23,60.4,60.41,43.5,34.76,33.55,31.31,31.16,1,1,0,1,1,0,0,0,0,0,1,1,1,0,0,0,0,1,0,0,1,1,0,0
978,206.63750000000002,378.11,522.1375,441.58750000000003,394.52250000000004,413.1175,467.2075,450.8025,490.92499999999995,400.155,350.7025,451.235,439.9475,558.38,544.9525,504.6425,594.0550000000001,757.925,718.2375,835.34,712.7875,863.8175,653.2175,380.01,4.0,4.0,4.0,4.0,9.8,4.0,16.04,43.93,39.29,12.6,0.34,-0.67,-0.7,-0.78,0.01,3.97,13.23,60.4,60.41,43.5,34.76,33.55,31.31,31.16,0,1,0,0,0,1,0,1,1,1,0,0,0,0,0,0,1,1,1,0,0,1,1,0
979,206.63750000000002,378.11,522.1375,441.58750000000003,394.52250000000004,413.1175,467.2075,450.8025,490.92499999999995,400.155,350.7025,451.235,439.9475,558.38,544.9525,504.6425,594.0550000000001,757.925,718.2375,835.34,712.7875,863.8175,653.2175,380.01,4.0,4.0,4.0,4.0,9.8,4.0,16.04,43.93,39.29,12.6,0.34,-0.67,-0.7,-0.78,0.01,3.97,13.23,60.4,60.41,43.5,34.76,33.55,31.31,31.16,1,1,0,0,0,1,0,0,1,0,1,0,0,0,0,1,1,1,0,0,1,0,1,1
980,206.63750000000002,378.11,522.1375,441.58750000000003,394.52250000000004,413.1175,467.2075,450.8025,490.92499999999995,400.155,350.7025,451.235,439.9475,558.38,544.9525,504.6425,594.0550000000001,757.925,718.2375,835.34,712.7875,863.8175,653.2175,380.01,30.3,29.53,35.47,39.26,47.4,65.97,93.16,139.44,108.51,78.7,50.47,4.02,0.08,0.02,13.16,63.61,99.2,129.7,165.36,149.11,125.64,106.63,101.47,91.11,0,0,0,1,1,0,1,0,1,1,0,0,1,1,1,1,1,1,0,0,1,0,0,1
981,206.63750000000002,378.11,522.1375,441.58750000000003,394.52250000000004,413.1175,467.2075,450.8025,490.92499999999995,400.155,350.7025,451.235,439.9475,558.38,544.9525,504.6425,594.0550000000001,757.925,718.2375,835.34,712.7875,863.8175,653.2175,380.01,30.3,29.53,35.47,39.26,47.4,65.97,93.16,139.44,108.51,78.7,50.47,4.02,0.08,0.02,13.16,63.61,99.2,129.7,165.36,149.11,125.64,106.63,101.47,91.11,1,1,0,1,1,0,0,0,0,0,1,1,1,0,0,0,0,1,0,0,1,1,0,0
982,206.63750000000002,378.11,522.1375,441.58750000000003,394.52250000000004,413.1175,467.2075,450.8025,490.92499999999995,400.155,350.7025,451.235,439.9475,558.38,544.9525,504.6425,594.0550000000001,757.925,718.2375,835.34,712.7875,863.8175,653.2175,380.01,30.3,29.53,35.47,39.26,47.4,65.97,93.16,139.44,108.51,78.7,50.47,4.02,0.08,0.02,13.16,63.61,99.2,129.7,165.36,149.11,125.64,106.63,101.47,91.11,0,1,0,0,0,1,0,1,1,1,0,0,0,0,0,0,1,1,1,0,0,1,1,0
983,206.63750000000002,378.11,522.1375,441.58750000000003,394.52250000000004,413.1175,467.2075,450.8025,490.92499999999995,400.155,350.7025,451.235,439.9475,558.38,544.9525,504.6425,594.0550000000001,757.925,718.2375,835.34,712.7875,863.8175,653.2175,380.01,30.3,29.53,35.47,39.26,47.4,65.97,93.16,139.44,108.51,78.7,50.47,4.02,0.08,0.02,13.16,63.61,99.2,129.7,165.36,149.11,125.64,106.63,101.47,91.11,1,1,0,0,0,1,0,0,1,0,1,0,0,0,0,1,1,1,0,0,1,0,1,1
984,206.63750000000002,378.11,522.1375,441.58750000000003,394.52250000000004,413.1175,467.2075,450.8025,490.92499999999995,400.155,350.7025,451.235,439.9475,558.38,544.9525,504.6425,594.0550000000001,757.925,718.2375,835.34,712.7875,863.8175,653.2175,380.01,90.27,90.27,91.38,91.69,98.13,115.16,135.67,147.7,122.23,83.0,65.3,31.51,13.08,8.08,37.05,90.15,126.99,149.92,216.65,178.68,148.7,132.4,119.11,111.83,0,0,0,1,1,0,1,0,1,1,0,0,1,1,1,1,1,1,0,0,1,0,0,1
985,206.63750000000002,378.11,522.1375,441.58750000000003,394.52250000000004,413.1175,467.2075,450.8025,490.92499999999995,400.155,350.7025,451.235,439.9475,558.38,544.9525,504.6425,594.0550000000001,757.925,718.2375,835.34,712.7875,863.8175,653.2175,380.01,90.27,90.27,91.38,91.69,98.13,115.16,135.67,147.7,122.23,83.0,65.3,31.51,13.08,8.08,37.05,90.15,126.99,149.92,216.65,178.68,148.7,132.4,119.11,111.83,1,1,0,1,1,0,0,0,0,0,1,1,1,0,0,0,0,1,0,0,1,1,0,0
986,206.63750000000002,378.11,522.1375,441.58750000000003,394.52250000000004,413.1175,467.2075,450.8025,490.92499999999995,400.155,350.7025,451.235,439.9475,558.38,544.9525,504.6425,594.0550000000001,757.925,718.2375,835.34,712.7875,863.8175,653.2175,380.01,90.27,90.27,91.38,91.69,98.13,115.16,135.67,147.7,122.23,83.0,65.3,31.51,13.08,8.08,37.05,90.15,126.99,149.92,216.65,178.68,148.7,132.4,119.11,111.83,0,1,0,0,0,1,0,1,1,1,0,0,0,0,0,0,1,1,1,0,0,1,1,0
987,206.63750000000002,378.11,522.1375,441.58750000000003,394.52250000000004,413.1175,467.2075,450.8025,490.92499999999995,400.155,350.7025,451.235,439.9475,558.38,544.9525,504.6425,594.0550000000001,757.925,718.2375,835.34,712.7875,863.8175,653.2175,380.01,90.27,90.27,91.38,91.69,98.13,115.16,135.67,147.7,122.23,83.0,65.3,31.51,13.08,8.08,37.05,90.15,126.99,149.92,216.65,178.68,148.7,132.4,119.11,111.83,1,1,0,0,0,1,0,0,1,0,1,0,0,0,0,1,1,1,0,0,1,0,1,1
988,206.63750000000002,378.11,522.1375,441.58750000000003,394.52250000000004,413.1175,467.2075,450.8025,490.92499999999995,400.155,350.7025,451.235,439.9475,558.38,544.9525,504.6425,594.0550000000001,757.925,718.2375,835.34,712.7875,863.8175,653.2175,380.01,124.97,113.94,117.22,116.76,118.42,121.3,127.82,120.6,98.05,72.54,18.05,2.07,-0.33,-0.1,2.76,53.53,100.87,145.58,174.04,140.03,111.21,100.01,99.24,97.9,0,0,0,1,1,0,1,0,1,1,0,0,1,1,1,1,1,1,0,0,1,0,0,1
989,206.63750000000002,378.11,522.1375,441.58750000000003,394.52250000000004,413.1175,467.2075,450.8025,490.92499999999995,400.155,350.7025,451.235,439.9475,558.38,544.9525,504.6425,594.0550000000001,757.925,718.2375,835.34,712.7875,863.8175,653.2175,380.01,124.97,113.94,117.22,116.76,118.42,121.3,127.82,120.6,98.05,72.54,18.05,2.07,-0.33,-0.1,2.76,53.53,100.87,145.58,174.04,140.03,111.21,100.01,99.24,97.9,1,1,0,1,1,0,0,0,0,0,1,1,1,0,0,0,0,1,0,0,1,1,0,0
990,206.63750000000002,378.11,522.1375,441.58750000000003,394.52250000000004,413.1175,467.2075,450.8025,490.92499999999995,400.155,350.7025,451.235,439.9475,558.38,544.9525,504.6425,594.0550000000001,757.925,718.2375,835.34,712.7875,863.8175,653.2175,380.01,124.97,113.94,117.22,116.76,118.42,121.3,127.82,120.6,98.05,72.54,18.05,2.07,-0.33,-0.1,2.76,53.53,100.87,145.58,174.04,140.03,111.21,100.01,99.24,97.9,0,1,0,0,0,1,0,1,1,1,0,0,0,0,0,0,1,1,1,0,0,1,1,0
991,206.63750000000002,378.11,522.1375,441.58750000000003,394.52250000000004,413.1175,467.2075,450.8025,490.92499999999995,400.155,350.7025,451.235,439.9475,558.38,544.9525,504.6425,594.0550000000001,757.925,718.2375,835.34,712.7875,863.8175,653.2175,380.01,124.97,113.94,117.22,116.76,118.42,121.3,127.82,120.6,98.05,72.54,18.05,2.07,-0.33,-0.1,2.76,53.53,100.87,145.58,174.04,140.03,111.21,100.01,99.24,97.9,1,1,0,0,0,1,0,0,1,0,1,0,0,0,0,1,1,1,0,0,1,0,1,1
992,206.63750000000002,378.11,522.1375,441.58750000000003,394.52250000000004,413.1175,467.2075,450.8025,490.92499999999995,400.155,350.7025,451.235,439.9475,558.38,544.9525,504.6425,594.0550000000001,757.925,718.2375,835.34,712.7875,863.8175,653.2175,380.01,95.19,94.81,94.44,96.51,98.67,101.51,100.0,93.0,59.02,24.41,21.32,3.95,1.29,3.95,11.03,28.01,68.99,107.86,134.15,132.71,114.54,107.87,104.56,103.64,0,0,0,1,1,0,1,0,1,1,0,0,1,1,1,1,1,1,0,0,1,0,0,1
993,206.63750000000002,378.11,522.1375,441.58750000000003,394.52250000000004,413.1175,467.2075,450.8025,490.92499999999995,400.155,350.7025,451.235,439.9475,558.38,544.9525,504.6425,594.0550000000001,757.925,718.2375,835.34,712.7875,863.8175,653.2175,380.01,95.19,94.81,94.44,96.51,98.67,101.51,100.0,93.0,59.02,24.41,21.32,3.95,1.29,3.95,11.03,28.01,68.99,107.86,134.15,132.71,114.54,107.87,104.56,103.64,1,1,0,1,1,0,0,0,0,0,1,1,1,0,0,0,0,1,0,0,1,1,0,0
994,206.63750000000002,378.11,522.1375,441.58750000000003,394.52250000000004,413.1175,467.2075,450.8025,490.92499999999995,400.155,350.7025,451.235,439.9475,558.38,544.9525,504.6425,594.0550000000001,757.925,718.2375,835.34,712.7875,863.8175,653.2175,380.01,95.19,94.81,94.44,96.51,98.67,101.51,100.0,93.0,59.02,24.41,21.32,3.95,1.29,3.95,11.03,28.01,68.99,107.86,134.15,132.71,114.54,107.87,104.56,103.64,0,1,0,0,0,1,0,1,1,1,0,0,0,0,0,0,1,1,1,0,0,1,1,0
995,206.63750000000002,378.11,522.1375,441.58750000000003,394.52250000000004,413.1175,467.2075,450.8025,490.92499999999995,400.155,350.7025,451.235,439.9475,558.38,544.9525,504.6425,594.0550000000001,757.925,718.2375,835.34,712.7875,863.8175,653.2175,380.01,95.19,94.81,94.44,96.51,98.67,101.51,100.0,93.0,59.02,24.41,21.32,3.95,1.29,3.95,11.03,28.01,68.99,107.86,134.15,132.71,114.54,107.87,104.56,103.64,1,1,0,0,0,1,0,0,1,0,1,0,0,0,0,1,1,1,0,0,1,0,1,1
996,206.63750000000002,378.11,522.1375,441.58750000000003,394.52250000000004,413.1175,467.2075,450.8025,490.92499999999995,400.155,350.7025,451.235,439.9475,558.38,544.9525,504.6425,594.0550000000001,757.925,718.2375,835.34,712.7875,863.8175,653.2175,380.01,95.84,94.92,96.7,96.86,89.98,101.13,148.63,159.87,134.08,98.92,84.44,77.92,76.06,77.36,83.96,97.54,127.59,148.1,175.06,160.4,142.28,126.68,106.87,97.93,0,0,0,1,1,0,1,0,1,1,0,0,1,1,1,1,1,1,0,0,1,0,0,1
997,206.63750000000002,378.11,522.1375,441.58750000000003,394.52250000000004,413.1175,467.2075,450.8025,490.92499999999995,400.155,350.7025,451.235,439.9475,558.38,544.9525,504.6425,594.0550000000001,757.925,718.2375,835.34,712.7875,863.8175,653.2175,380.01,95.84,94.92,96.7,96.86,89.98,101.13,148.63,159.87,134.08,98.92,84.44,77.92,76.06,77.36,83.96,97.54,127.59,148.1,175.06,160.4,142.28,126.68,106.87,97.93,1,1,0,1,1,0,0,0,0,0,1,1,1,0,0,0,0,1,0,0,1,1,0,0
998,206.63750000000002,378.11,522.1375,441.58750000000003,394.52250000000004,413.1175,467.2075,450.8025,490.92499999999995,400.155,350.7025,451.235,439.9475,558.38,544.9525,504.6425,594.0550000000001,757.925,718.2375,835.34,712.7875,863.8175,653.2175,380.01,95.84,94.92,96.7,96.86,89.98,101.13,148.63,159.87,134.08,98.92,84.44,77.92,76.06,77.36,83.96,97.54,127.59,148.1,175.06,160.4,142.28,126.68,106.87,97.93,0,1,0,0,0,1,0,1,1,1,0,0,0,0,0,0,1,1,1,0,0,1,1,0
999,206.63750000000002,378.11,522.1375,441.58750000000003,394.52250000000004,413.1175,467.2075,450.8025,490.92499999999995,400.155,350.7025,451.235,439.9475,558.38,544.9525,504.6425,594.0550000000001,757.925,718.2375,835.34,712.7875,863.8175,653.2175,380.01,95.84,94.92,96.7,96.86,89.98,101.13,148.63,159.87,134.08,98.92,84.44,77.92,76.06,77.36,83.96,97.54,127.59,148.1,175.06,160.4,142.28,126.68,106.87,97.93,1,1,0,0,0,1,0,0,1,0,1,0,0,0,0,1,1,1,0,0,1,0,1,1
1000,206.63750000000002,378.11,522.1375,441.58750000000003,394.52250000000004,413.1175,467.2075,450.8025,490.92499999999995,400.155,350.7025,451.235,439.9475,558.38,544.9525,504.6425,594.0550000000001,757.925,718.2375,835.34,712.7875,863.8175,653.2175,380.01,104.39,101.79,99.72,100.48,102.51,110.88,148.14,153.09,146.54,128.53,102.0,97.48,96.45,98.39,102.35,112.84,132.9,172.03,205.15,181.06,149.49,133.05,121.27,107.36,0,0,0,1,1,0,1,0,1,1,0,0,1,1,1,1,1,1,0,0,1,0,0,1
1001,206.63750000000002,378.11,522.1375,441.58750000000003,394.52250000000004,413.1175,467.2075,450.8025,490.92499999999995,400.155,350.7025,451.235,439.9475,558.38,544.9525,504.6425,594.0550000000001,757.925,718.2375,835.34,712.7875,863.8175,653.2175,380.01,104.39,101.79,99.72,100.48,102.51,110.88,148.14,153.09,146.54,128.53,102.0,97.48,96.45,98.39,102.35,112.84,132.9,172.03,205.15,181.06,149.49,133.05,121.27,107.36,1,1,0,1,1,0,0,0,0,0,1,1,1,0,0,0,0,1,0,0,1,1,0,0
1002,206.63750000000002,378.11,522.1375,441.58750000000003,394.52250000000004,413.1175,467.2075,450.8025,490.92499999999995,400.155,350.7025,451.235,439.9475,558.38,544.9525,504.6425,594.0550000000001,757.925,718.2375,835.34,712.7875,863.8175,653.2175,380.01,104.39,101.79,99.72,100.48,102.51,110.88,148.14,153.09,146.54,128.53,102.0,97.48,96.45,98.39,102.35,112.84,132.9,172.03,205.15,181.06,149.49,133.05,121.27,107.36,0,1,0,0,0,1,0,1,1,1,0,0,0,0,0,0,1,1,1,0,0,1,1,0
1003,206.63750000000002,378.11,522.1375,441.58750000000003,394.52250000000004,413.1175,467.2075,450.8025,490.92499999999995,400.155,350.7025,451.235,439.9475,558.38,544.9525,504.6425,594.0550000000001,757.925,718.2375,835.34,712.7875,863.8175,653.2175,380.01,104.39,101.79,99.72,100.48,102.51,110.88,148.14,153.09,146.54,128.53,102.0,97.48,96.45,98.39,102.35,112.84,132.9,172.03,205.15,181.06,149.49,133.05,121.27,107.36,1,1,0,0,0,1,0,0,1,0,1,0,0,0,0,1,1,1,0,0,1,0,1,1
1004,206.63750000000002,378.11,522.1375,441.58750000000003,394.52250000000004,413.1175,467.2075,450.8025,490.92499999999995,400.155,350.7025,451.235,439.9475,558.38,544.9525,504.6425,594.0550000000001,757.925,718.2375,835.34,712.7875,863.8175,653.2175,380.01,101.74,100.11,97.82,97.43,101.85,110.37,144.57,161.75,148.49,125.02,102.64,99.73,98.11,99.95,101.69,117.81,140.35,159.04,199.9,179.58,148.09,132.26,120.02,109.91,0,0,0,1,1,0,1,0,1,1,0,0,1,1,1,1,1,1,0,0,1,0,0,1
1005,206.63750000000002,378.11,522.1375,441.58750000000003,394.52250000000004,413.1175,467.2075,450.8025,490.92499999999995,400.155,350.7025,451.235,439.9475,558.38,544.9525,504.6425,594.0550000000001,757.925,718.2375,835.34,712.7875,863.8175,653.2175,380.01,101.74,100.11,97.82,97.43,101.85,110.37,144.57,161.75,148.49,125.02,102.64,99.73,98.11,99.95,101.69,117.81,140.35,159.04,199.9,179.58,148.09,132.26,120.02,109.91,1,1,0,1,1,0,0,0,0,0,1,1,1,0,0,0,0,1,0,0,1,1,0,0
1006,206.63750000000002,378.11,522.1375,441.58750000000003,394.52250000000004,413.1175,467.2075,450.8025,490.92499999999995,400.155,350.7025,451.235,439.9475,558.38,544.9525,504.6425,594.0550000000001,757.925,718.2375,835.34,712.7875,863.8175,653.2175,380.01,101.74,100.11,97.82,97.43,101.85,110.37,144.57,161.75,148.49,125.02,102.64,99.73,98.11,99.95,101.69,117.81,140.35,159.04,199.9,179.58,148.09,132.26,120.02,109.91,0,1,0,0,0,1,0,1,1,1,0,0,0,0,0,0,1,1,1,0,0,1,1,0
1007,206.63750000000002,378.11,522.1375,441.58750000000003,394.52250000000004,413.1175,467.2075,450.8025,490.92499999999995,400.155,350.7025,451.235,439.9475,558.38,544.9525,504.6425,594.0550000000001,757.925,718.2375,835.34,712.7875,863.8175,653.2175,380.01,101.74,100.11,97.82,97.43,101.85,110.37,144.57,161.75,148.49,125.02,102.64,99.73,98.11,99.95,101.69,117.81,140.35,159.04,199.9,179.58,148.09,132.26,120.02,109.91,1,1,0,0,0,1,0,0,1,0,1,0,0,0,0,1,1,1,0,0,1,0,1,1
1008,206.63750000000002,378.11,522.1375,441.58750000000003,394.52250000000004,413.1175,467.2075,450.8025,490.92499999999995,400.155,350.7025,451.235,439.9475,558.38,544.9525,504.6425,594.0550000000001,757.925,718.2375,835.34,712.7875,863.8175,653.2175,380.01,108.49,102.22,98.96,96.69,98.33,105.87,132.7,160.74,160.99,154.8,123.84,110.75,110.08,108.28,107.6,110.02,121.56,142.95,166.09,173.42,148.99,135.69,123.41,111.53,0,0,0,1,1,0,1,0,1,1,0,0,1,1,1,1,1,1,0,0,1,0,0,1
1009,206.63750000000002,378.11,522.1375,441.58750000000003,394.52250000000004,413.1175,467.2075,450.8025,490.92499999999995,400.155,350.7025,451.235,439.9475,558.38,544.9525,504.6425,594.0550000000001,757.925,718.2375,835.34,712.7875,863.8175,653.2175,380.01,108.49,102.22,98.96,96.69,98.33,105.87,132.7,160.74,160.99,154.8,123.84,110.75,110.08,108.28,107.6,110.02,121.56,142.95,166.09,173.42,148.99,135.69,123.41,111.53,1,1,0,1,1,0,0,0,0,0,1,1,1,0,0,0,0,1,0,0,1,1,0,0
1010,206.63750000000002,378.11,522.1375,441.58750000000003,394.52250000000004,413.1175,467.2075,450.8025,490.92499999999995,400.155,350.7025,451.235,439.9475,558.38,544.9525,504.6425,594.0550000000001,757.925,718.2375,835.34,712.7875,863.8175,653.2175,380.01,108.49,102.22,98.96,96.69,98.33,105.87,132.7,160.74,160.99,154.8,123.84,110.75,110.08,108.28,107.6,110.02,121.56,142.95,166.09,173.42,148.99,135.69,123.41,111.53,0,1,0,0,0,1,0,1,1,1,0,0,0,0,0,0,1,1,1,0,0,1,1,0
1011,206.63750000000002,378.11,522.1375,441.58750000000003,394.52250000000004,413.1175,467.2075,450.8025,490.92499999999995,400.155,350.7025,451.235,439.9475,558.38,544.9525,504.6425,594.0550000000001,757.925,718.2375,835.34,712.7875,863.8175,653.2175,380.01,108.49,102.22,98.96,96.69,98.33,105.87,132.7,160.74,160.99,154.8,123.84,110.75,110.08,108.28,107.6,110.02,121.56,142.95,166.09,173.42,148.99,135.69,123.41,111.53,1,1,0,0,0,1,0,0,1,0,1,0,0,0,0,1,1,1,0,0,1,0,1,1
1012,206.63750000000002,378.11,522.1375,441.58750000000003,394.52250000000004,413.1175,467.2075,450.8025,490.92499999999995,400.155,350.7025,451.235,439.9475,558.38,544.9525,504.6425,594.0550000000001,757.925,718.2375,835.34,712.7875,863.8175,653.2175,380.01,109.19,106.08,105.97,103.89,105.37,114.08,143.05,155.29,155.08,132.11,112.01,106.37,104.49,104.58,105.38,109.42,124.93,146.56,155.47,151.02,130.1,111.46,114.0,105.15,0,0,0,1,1,0,1,0,1,1,0,0,1,1,1,1,1,1,0,0,1,0,0,1
1013,206.63750000000002,378.11,522.1375,441.58750000000003,394.52250000000004,413.1175,467.2075,450.8025,490.92499999999995,400.155,350.7025,451.235,439.9475,558.38,544.9525,504.6425,594.0550000000001,757.925,718.2375,835.34,712.7875,863.8175,653.2175,380.01,109.19,106.08,105.97,103.89,105.37,114.08,143.05,155.29,155.08,132.11,112.01,106.37,104.49,104.58,105.38,109.42,124.93,146.56,155.47,151.02,130.1,111.46,114.0,105.15,1,1,0,1,1,0,0,0,0,0,1,1,1,0,0,0,0,1,0,0,1,1,0,0
1014,206.63750000000002,378.11,522.1375,441.58750000000003,394.52250000000004,413.1175,467.2075,450.8025,490.92499999999995,400.155,350.7025,451.235,439.9475,558.38,544.9525,504.6425,594.0550000000001,757.925,718.2375,835.34,712.7875,863.8175,653.2175,380.01,109.19,106.08,105.97,103.89,105.37,114.08,143.05,155.29,155.08,132.11,112.01,106.37,104.49,104.58,105.38,109.42,124.93,146.56,155.47,151.02,130.1,111.46,114.0,105.15,0,1,0,0,0,1,0,1,1,1,0,0,0,0,0,0,1,1,1,0,0,1,1,0
1015,206.63750000000002,378.11,522.1375,441.58750000000003,394.52250000000004,413.1175,467.2075,450.8025,490.92499999999995,400.155,350.7025,451.235,439.9475,558.38,544.9525,504.6425,594.0550000000001,757.925,718.2375,835.34,712.7875,863.8175,653.2175,380.01,109.19,106.08,105.97,103.89,105.37,114.08,143.05,155.29,155.08,132.11,112.01,106.37,104.49,104.58,105.38,109.42,124.93,146.56,155.47,151.02,130.1,111.46,114.0,105.15,1,1,0,0,0,1,0,0,1,0,1,0,0,0,0,1,1,1,0,0,1,0,1,1
1016,206.63750000000002,378.11,522.1375,441.58750000000003,394.52250000000004,413.1175,467.2075,450.8025,490.92499999999995,400.155,350.7025,451.235,439.9475,558.38,544.9525,504.6425,594.0550000000001,757.925,718.2375,835.34,712.7875,863.8175,653.2175,380.01,112.16,103.15,96.0,89.89,86.89,90.55,97.0,99.38,98.73,86.36,72.35,67.12,57.28,47.96,54.46,70.76,84.2,121.87,130.26,132.91,121.41,108.46,104.98,95.21,0,0,0,1,1,0,1,0,1,1,0,0,1,1,1,1,1,1,0,0,1,0,0,1
1017,206.63750000000002,378.11,522.1375,441.58750000000003,394.52250000000004,413.1175,467.2075,450.8025,490.92499999999995,400.155,350.7025,451.235,439.9475,558.38,544.9525,504.6425,594.0550000000001,757.925,718.2375,835.34,712.7875,863.8175,653.2175,380.01,112.16,103.15,96.0,89.89,86.89,90.55,97.0,99.38,98.73,86.36,72.35,67.12,57.28,47.96,54.46,70.76,84.2,121.87,130.26,132.91,121.41,108.46,104.98,95.21,1,1,0,1,1,0,0,0,0,0,1,1,1,0,0,0,0,1,0,0,1,1,0,0
1018,206.63750000000002,378.11,522.1375,441.58750000000003,394.52250000000004,413.1175,467.2075,450.8025,490.92499999999995,400.155,350.7025,451.235,439.9475,558.38,544.9525,504.6425,594.0550000000001,757.925,718.2375,835.34,712.7875,863.8175,653.2175,380.01,112.16,103.15,96.0,89.89,86.89,90.55,97.0,99.38,98.73,86.36,72.35,67.12,57.28,47.96,54.46,70.76,84.2,121.87,130.26,132.91,121.41,108.46,104.98,95.21,0,1,0,0,0,1,0,1,1,1,0,0,0,0,0,0,1,1,1,0,0,1,1,0
1019,206.63750000000002,378.11,522.1375,441.58750000000003,394.52250000000004,413.1175,467.2075,450.8025,490.92499999999995,400.155,350.7025,451.235,439.9475,558.38,544.9525,504.6425,594.0550000000001,757.925,718.2375,835.34,712.7875,863.8175,653.2175,380.01,112.16,103.15,96.0,89.89,86.89,90.55,97.0,99.38,98.73,86.36,72.35,67.12,57.28,47.96,54.46,70.76,84.2,121.87,130.26,132.91,121.41,108.46,104.98,95.21,1,1,0,0,0,1,0,0,1,0,1,0,0,0,0,1,1,1,0,0,1,0,1,1
1020,206.63750000000002,378.11,522.1375,441.58750000000003,394.52250000000004,413.1175,467.2075,450.8025,490.92499999999995,400.155,350.7025,451.235,439.9475,558.38,544.9525,504.6425,594.0550000000001,757.925,718.2375,835.34,712.7875,863.8175,653.2175,380.01,89.97,85.75,79.57,78.15,78.55,29.41,30.14,30.7,30.5,28.73,24.06,2.9,1.01,0.19,2.67,30.81,59.97,94.68,83.61,45.54,31.49,31.1,30.69,30.44,0,0,0,1,1,0,1,0,1,1,0,0,1,1,1,1,1,1,0,0,1,0,0,1
1021,206.63750000000002,378.11,522.1375,441.58750000000003,394.52250000000004,413.1175,467.2075,450.8025,490.92499999999995,400.155,350.7025,451.235,439.9475,558.38,544.9525,504.6425,594.0550000000001,757.925,718.2375,835.34,712.7875,863.8175,653.2175,380.01,89.97,85.75,79.57,78.15,78.55,29.41,30.14,30.7,30.5,28.73,24.06,2.9,1.01,0.19,2.67,30.81,59.97,94.68,83.61,45.54,31.49,31.1,30.69,30.44,1,1,0,1,1,0,0,0,0,0,1,1,1,0,0,0,0,1,0,0,1,1,0,0
1022,206.63750000000002,378.11,522.1375,441.58750000000003,394.52250000000004,413.1175,467.2075,450.8025,490.92499999999995,400.155,350.7025,451.235,439.9475,558.38,544.9525,504.6425,594.0550000000001,757.925,718.2375,835.34,712.7875,863.8175,653.2175,380.01,89.97,85.75,79.57,78.15,78.55,29.41,30.14,30.7,30.5,28.73,24.06,2.9,1.01,0.19,2.67,30.81,59.97,94.68,83.61,45.54,31.49,31.1,30.69,30.44,0,1,0,0,0,1,0,1,1,1,0,0,0,0,0,0,1,1,1,0,0,1,1,0
1023,206.63750000000002,378.11,522.1375,441.58750000000003,394.52250000000004,413.1175,467.2075,450.8025,490.92499999999995,400.155,350.7025,451.235,439.9475,558.38,544.9525,504.6425,594.0550000000001,757.925,718.2375,835.34,712.7875,863.8175,653.2175,380.01,89.97,85.75,79.57,78.15,78.55,29.41,30.14,30.7,30.5,28.73,24.06,2.9,1.01,0.19,2.67,30.81,59.97,94.68,83.61,45.54,31.49,31.1,30.69,30.44,1,1,0,0,0,1,0,0,1,0,1,0,0,0,0,1,1,1,0,0,1,0,1,1
1024,206.63750000000002,378.11,522.1375,441.58750000000003,394.52250000000004,413.1175,467.2075,450.8025,490.92499999999995,400.155,350.7025,451.235,439.9475,558.38,544.9525,504.6425,594.0550000000001,757.925,718.2375,835.34,712.7875,863.8175,653.2175,380.01,30.66,40.11,77.6,80.9,85.84,103.33,135.26,152.96,135.32,100.77,68.2,50.53,31.14,27.92,50.12,70.02,98.59,143.14,177.42,170.09,141.58,113.55,106.46,93.49,0,0,0,1,1,0,1,0,1,1,0,0,1,1,1,1,1,1,0,0,1,0,0,1
1025,206.63750000000002,378.11,522.1375,441.58750000000003,394.52250000000004,413.1175,467.2075,450.8025,490.92499999999995,400.155,350.7025,451.235,439.9475,558.38,544.9525,504.6425,594.0550000000001,757.925,718.2375,835.34,712.7875,863.8175,653.2175,380.01,30.66,40.11,77.6,80.9,85.84,103.33,135.26,152.96,135.32,100.77,68.2,50.53,31.14,27.92,50.12,70.02,98.59,143.14,177.42,170.09,141.58,113.55,106.46,93.49,1,1,0,1,1,0,0,0,0,0,1,1,1,0,0,0,0,1,0,0,1,1,0,0
1026,206.63750000000002,378.11,522.1375,441.58750000000003,394.52250000000004,413.1175,467.2075,450.8025,490.92499999999995,400.155,350.7025,451.235,439.9475,558.38,544.9525,504.6425,594.0550000000001,757.925,718.2375,835.34,712.7875,863.8175,653.2175,380.01,30.66,40.11,77.6,80.9,85.84,103.33,135.26,152.96,135.32,100.77,68.2,50.53,31.14,27.92,50.12,70.02,98.59,143.14,177.42,170.09,141.58,113.55,106.46,93.49,0,1,0,0,0,1,0,1,1,1,0,0,0,0,0,0,1,1,1,0,0,1,1,0
1027,206.63750000000002,378.11,522.1375,441.58750000000003,394.52250000000004,413.1175,467.2075,450.8025,490.92499999999995,400.155,350.7025,451.235,439.9475,558.38,544.9525,504.6425,594.0550000000001,757.925,718.2375,835.34,712.7875,863.8175,653.2175,380.01,30.66,40.11,77.6,80.9,85.84,103.33,135.26,152.96,135.32,100.77,68.2,50.53,31.14,27.92,50.12,70.02,98.59,143.14,177.42,170.09,141.58,113.55,106.46,93.49,1,1,0,0,0,1,0,0,1,0,1,0,0,0,0,1,1,1,0,0,1,0,1,1
1028,206.63750000000002,378.11,522.1375,441.58750000000003,394.52250000000004,413.1175,467.2075,450.8025,490.92499999999995,400.155,350.7025,451.235,439.9475,558.38,544.9525,504.6425,594.0550000000001,757.925,718.2375,835.34,712.7875,863.8175,653.2175,380.01,92.18,89.96,89.71,67.1,69.44,102.28,128.02,136.73,106.56,68.46,27.24,1.79,-0.2,-0.28,17.36,38.6,96.03,141.1,171.17,167.77,142.51,117.77,107.46,100.5,0,0,0,1,1,0,1,0,1,1,0,0,1,1,1,1,1,1,0,0,1,0,0,1
1029,206.63750000000002,378.11,522.1375,441.58750000000003,394.52250000000004,413.1175,467.2075,450.8025,490.92499999999995,400.155,350.7025,451.235,439.9475,558.38,544.9525,504.6425,594.0550000000001,757.925,718.2375,835.34,712.7875,863.8175,653.2175,380.01,92.18,89.96,89.71,67.1,69.44,102.28,128.02,136.73,106.56,68.46,27.24,1.79,-0.2,-0.28,17.36,38.6,96.03,141.1,171.17,167.77,142.51,117.77,107.46,100.5,1,1,0,1,1,0,0,0,0,0,1,1,1,0,0,0,0,1,0,0,1,1,0,0
1030,206.63750000000002,378.11,522.1375,441.58750000000003,394.52250000000004,413.1175,467.2075,450.8025,490.92499999999995,400.155,350.7025,451.235,439.9475,558.38,544.9525,504.6425,594.0550000000001,757.925,718.2375,835.34,712.7875,863.8175,653.2175,380.01,92.18,89.96,89.71,67.1,69.44,102.28,128.02,136.73,106.56,68.46,27.24,1.79,-0.2,-0.28,17.36,38.6,96.03,141.1,171.17,167.77,142.51,117.77,107.46,100.5,0,1,0,0,0,1,0,1,1,1,0,0,0,0,0,0,1,1,1,0,0,1,1,0
1031,206.63750000000002,378.11,522.1375,441.58750000000003,394.52250000000004,413.1175,467.2075,450.8025,490.92499999999995,400.155,350.7025,451.235,439.9475,558.38,544.9525,504.6425,594.0550000000001,757.925,718.2375,835.34,712.7875,863.8175,653.2175,380.01,92.18,89.96,89.71,67.1,69.44,102.28,128.02,136.73,106.56,68.46,27.24,1.79,-0.2,-0.28,17.36,38.6,96.03,141.1,171.17,167.77,142.51,117.77,107.46,100.5,1,1,0,0,0,1,0,0,1,0,1,0,0,0,0,1,1,1,0,0,1,0,1,1
1032,206.63750000000002,378.11,522.1375,441.58750000000003,394.52250000000004,413.1175,467.2075,450.8025,490.92499999999995,400.155,350.7025,451.235,439.9475,558.38,544.9525,504.6425,594.0550000000001,757.925,718.2375,835.34,712.7875,863.8175,653.2175,380.01,204.12,101.46,97.67,98.58,101.74,110.71,153.27,140.98,99.91,76.08,38.9,6.7,3.13,3.41,30.98,62.63,120.26,154.93,279.34,251.99,163.48,136.61,124.83,117.5,0,0,0,1,1,0,1,0,1,1,0,0,1,1,1,1,1,1,0,0,1,0,0,1
1033,206.63750000000002,378.11,522.1375,441.58750000000003,394.52250000000004,413.1175,467.2075,450.8025,490.92499999999995,400.155,350.7025,451.235,439.9475,558.38,544.9525,504.6425,594.0550000000001,757.925,718.2375,835.34,712.7875,863.8175,653.2175,380.01,204.12,101.46,97.67,98.58,101.74,110.71,153.27,140.98,99.91,76.08,38.9,6.7,3.13,3.41,30.98,62.63,120.26,154.93,279.34,251.99,163.48,136.61,124.83,117.5,1,1,0,1,1,0,0,0,0,0,1,1,1,0,0,0,0,1,0,0,1,1,0,0
1034,206.63750000000002,378.11,522.1375,441.58750000000003,394.52250000000004,413.1175,467.2075,450.8025,490.92499999999995,400.155,350.7025,451.235,439.9475,558.38,544.9525,504.6425,594.0550000000001,757.925,718.2375,835.34,712.7875,863.8175,653.2175,380.01,204.12,101.46,97.67,98.58,101.74,110.71,153.27,140.98,99.91,76.08,38.9,6.7,3.13,3.41,30.98,62.63,120.26,154.93,279.34,251.99,163.48,136.61,124.83,117.5,0,1,0,0,0,1,0,1,1,1,0,0,0,0,0,0,1,1,1,0,0,1,1,0
1035,206.63750000000002,378.11,522.1375,441.58750000000003,394.52250000000004,413.1175,467.2075,450.8025,490.92499999999995,400.155,350.7025,451.235,439.9475,558.38,544.9525,504.6425,594.0550000000001,757.925,718.2375,835.34,712.7875,863.8175,653.2175,380.01,204.12,101.46,97.67,98.58,101.74,110.71,153.27,140.98,99.91,76.08,38.9,6.7,3.13,3.41,30.98,62.63,120.26,154.93,279.34,251.99,163.48,136.61,124.83,117.5,1,1,0,0,0,1,0,0,1,0,1,0,0,0,0,1,1,1,0,0,1,0,1,1
1036,206.63750000000002,378.11,522.1375,441.58750000000003,394.52250000000004,413.1175,467.2075,450.8025,490.92499999999995,400.155,350.7025,451.235,439.9475,558.38,544.9525,504.6425,594.0550000000001,757.925,718.2375,835.34,712.7875,863.8175,653.2175,380.01,107.45,102.55,101.34,102.15,106.74,122.73,158.29,147.93,108.19,73.39,28.86,3.96,-0.56,-0.16,27.42,40.28,109.8,147.64,248.27,220.53,176.9,138.38,124.58,111.27,0,0,0,1,1,0,1,0,1,1,0,0,1,1,1,1,1,1,0,0,1,0,0,1
1037,206.63750000000002,378.11,522.1375,441.58750000000003,394.52250000000004,413.1175,467.2075,450.8025,490.92499999999995,400.155,350.7025,451.235,439.9475,558.38,544.9525,504.6425,594.0550000000001,757.925,718.2375,835.34,712.7875,863.8175,653.2175,380.01,107.45,102.55,101.34,102.15,106.74,122.73,158.29,147.93,108.19,73.39,28.86,3.96,-0.56,-0.16,27.42,40.28,109.8,147.64,248.27,220.53,176.9,138.38,124.58,111.27,1,1,0,1,1,0,0,0,0,0,1,1,1,0,0,0,0,1,0,0,1,1,0,0
1038,206.63750000000002,378.11,522.1375,441.58750000000003,394.52250000000004,413.1175,467.2075,450.8025,490.92499999999995,400.155,350.7025,451.235,439.9475,558.38,544.9525,504.6425,594.0550000000001,757.925,718.2375,835.34,712.7875,863.8175,653.2175,380.01,107.45,102.55,101.34,102.15,106.74,122.73,158.29,147.93,108.19,73.39,28.86,3.96,-0.56,-0.16,27.42,40.28,109.8,147.64,248.27,220.53,176.9,138.38,124.58,111.27,0,1,0,0,0,1,0,1,1,1,0,0,0,0,0,0,1,1,1,0,0,1,1,0
1039,206.63750000000002,378.11,522.1375,441.58750000000003,394.52250000000004,413.1175,467.2075,450.8025,490.92499999999995,400.155,350.7025,451.235,439.9475,558.38,544.9525,504.6425,594.0550000000001,757.925,718.2375,835.34,712.7875,863.8175,653.2175,380.01,107.45,102.55,101.34,102.15,106.74,122.73,158.29,147.93,108.19,73.39,28.86,3.96,-0.56,-0.16,27.42,40.28,109.8,147.64,248.27,220.53,176.9,138.38,124.58,111.27,1,1,0,0,0,1,0,0,1,0,1,0,0,0,0,1,1,1,0,0,1,0,1,1
1040,441.51250000000005,452.97,315.34749999999997,240.7125,363.1375,129.9975,129.7975,107.74249999999999,53.685,33.81,189.4475,140.0675,162.0225,252.125,393.53999999999996,530.0550000000001,793.2025,1083.0125,1312.5774999999999,1520.4850000000001,1773.925,1890.9225,2118.5125,2209.5225,128.2,120.38,117.09,112.15,109.75,111.89,117.11,135.81,138.82,137.77,125.08,112.1,102.21,97.27,99.39,97.8,125.41,145.0,158.55,150.78,133.41,125.42,122.03,119.92,0,0,0,1,1,0,1,0,1,1,0,0,1,1,1,1,1,1,0,0,1,0,0,1
1041,441.51250000000005,452.97,315.34749999999997,240.7125,363.1375,129.9975,129.7975,107.74249999999999,53.685,33.81,189.4475,140.0675,162.0225,252.125,393.53999999999996,530.0550000000001,793.2025,1083.0125,1312.5774999999999,1520.4850000000001,1773.925,1890.9225,2118.5125,2209.5225,128.2,120.38,117.09,112.15,109.75,111.89,117.11,135.81,138.82,137.77,125.08,112.1,102.21,97.27,99.39,97.8,125.41,145.0,158.55,150.78,133.41,125.42,122.03,119.92,1,1,0,1,1,0,0,0,0,0,1,1,1,0,0,0,0,1,0,0,1,1,0,0
1042,441.51250000000005,452.97,315.34749999999997,240.7125,363.1375,129.9975,129.7975,107.74249999999999,53.685,33.81,189.4475,140.0675,162.0225,252.125,393.53999999999996,530.0550000000001,793.2025,1083.0125,1312.5774999999999,1520.4850000000001,1773.925,1890.9225,2118.5125,2209.5225,128.2,120.38,117.09,112.15,109.75,111.89,117.11,135.81,138.82,137.77,125.08,112.1,102.21,97.27,99.39,97.8,125.41,145.0,158.55,150.78,133.41,125.42,122.03,119.92,0,1,0,0,0,1,0,1,1,1,0,0,0,0,0,0,1,1,1,0,0,1,1,0
1043,441.51250000000005,452.97,315.34749999999997,240.7125,363.1375,129.9975,129.7975,107.74249999999999,53.685,33.81,189.4475,140.0675,162.0225,252.125,393.53999999999996,530.0550000000001,793.2025,1083.0125,1312.5774999999999,1520.4850000000001,1773.925,1890.9225,2118.5125,2209.5225,128.2,120.38,117.09,112.15,109.75,111.89,117.11,135.81,138.82,137.77,125.08,112.1,102.21,97.27,99.39,97.8,125.41,145.0,158.55,150.78,133.41,125.42,122.03,119.92,1,1,0,0,0,1,0,0,1,0,1,0,0,0,0,1,1,1,0,0,1,0,1,1
1044,441.51250000000005,452.97,315.34749999999997,240.7125,363.1375,129.9975,129.7975,107.74249999999999,53.685,33.81,189.4475,140.0675,162.0225,252.125,393.53999999999996,530.0550000000001,793.2025,1083.0125,1312.5774999999999,1520.4850000000001,1773.925,1890.9225,2118.5125,2209.5225,102.61,57.86,30.22,21.37,19.06,19.05,43.56,90.69,103.11,89.0,33.71,11.22,7.4,3.14,2.85,19.0,54.16,99.69,136.58,117.23,80.9,61.1,35.12,25.41,0,0,0,1,1,0,1,0,1,1,0,0,1,1,1,1,1,1,0,0,1,0,0,1
1045,441.51250000000005,452.97,315.34749999999997,240.7125,363.1375,129.9975,129.7975,107.74249999999999,53.685,33.81,189.4475,140.0675,162.0225,252.125,393.53999999999996,530.0550000000001,793.2025,1083.0125,1312.5774999999999,1520.4850000000001,1773.925,1890.9225,2118.5125,2209.5225,102.61,57.86,30.22,21.37,19.06,19.05,43.56,90.69,103.11,89.0,33.71,11.22,7.4,3.14,2.85,19.0,54.16,99.69,136.58,117.23,80.9,61.1,35.12,25.41,1,1,0,1,1,0,0,0,0,0,1,1,1,0,0,0,0,1,0,0,1,1,0,0
1046,441.51250000000005,452.97,315.34749999999997,240.7125,363.1375,129.9975,129.7975,107.74249999999999,53.685,33.81,189.4475,140.0675,162.0225,252.125,393.53999999999996,530.0550000000001,793.2025,1083.0125,1312.5774999999999,1520.4850000000001,1773.925,1890.9225,2118.5125,2209.5225,102.61,57.86,30.22,21.37,19.06,19.05,43.56,90.69,103.11,89.0,33.71,11.22,7.4,3.14,2.85,19.0,54.16,99.69,136.58,117.23,80.9,61.1,35.12,25.41,0,1,0,0,0,1,0,1,1,1,0,0,0,0,0,0,1,1,1,0,0,1,1,0
1047,441.51250000000005,452.97,315.34749999999997,240.7125,363.1375,129.9975,129.7975,107.74249999999999,53.685,33.81,189.4475,140.0675,162.0225,252.125,393.53999999999996,530.0550000000001,793.2025,1083.0125,1312.5774999999999,1520.4850000000001,1773.925,1890.9225,2118.5125,2209.5225,102.61,57.86,30.22,21.37,19.06,19.05,43.56,90.69,103.11,89.0,33.71,11.22,7.4,3.14,2.85,19.0,54.16,99.69,136.58,117.23,80.9,61.1,35.12,25.41,1,1,0,0,0,1,0,0,1,0,1,0,0,0,0,1,1,1,0,0,1,0,1,1
1048,441.51250000000005,452.97,315.34749999999997,240.7125,363.1375,129.9975,129.7975,107.74249999999999,53.685,33.81,189.4475,140.0675,162.0225,252.125,393.53999999999996,530.0550000000001,793.2025,1083.0125,1312.5774999999999,1520.4850000000001,1773.925,1890.9225,2118.5125,2209.5225,28.31,27.04,25.8,20.11,14.94,20.11,41.81,58.7,70.1,44.59,20.1,4.29,2.43,1.67,10.81,34.89,70.65,129.19,163.66,102.7,88.19,79.94,69.01,40.3,0,0,0,1,1,0,1,0,1,1,0,0,1,1,1,1,1,1,0,0,1,0,0,1
1049,441.51250000000005,452.97,315.34749999999997,240.7125,363.1375,129.9975,129.7975,107.74249999999999,53.685,33.81,189.4475,140.0675,162.0225,252.125,393.53999999999996,530.0550000000001,793.2025,1083.0125,1312.5774999999999,1520.4850000000001,1773.925,1890.9225,2118.5125,2209.5225,28.31,27.04,25.8,20.11,14.94,20.11,41.81,58.7,70.1,44.59,20.1,4.29,2.43,1.67,10.81,34.89,70.65,129.19,163.66,102.7,88.19,79.94,69.01,40.3,1,1,0,1,1,0,0,0,0,0,1,1,1,0,0,0,0,1,0,0,1,1,0,0
1050,441.51250000000005,452.97,315.34749999999997,240.7125,363.1375,129.9975,129.7975,107.74249999999999,53.685,33.81,189.4475,140.0675,162.0225,252.125,393.53999999999996,530.0550000000001,793.2025,1083.0125,1312.5774999999999,1520.4850000000001,1773.925,1890.9225,2118.5125,2209.5225,28.31,27.04,25.8,20.11,14.94,20.11,41.81,58.7,70.1,44.59,20.1,4.29,2.43,1.67,10.81,34.89,70.65,129.19,163.66,102.7,88.19,79.94,69.01,40.3,0,1,0,0,0,1,0,1,1,1,0,0,0,0,0,0,1,1,1,0,0,1,1,0
1051,441.51250000000005,452.97,315.34749999999997,240.7125,363.1375,129.9975,129.7975,107.74249999999999,53.685,33.81,189.4475,140.0675,162.0225,252.125,393.53999999999996,530.0550000000001,793.2025,1083.0125,1312.5774999999999,1520.4850000000001,1773.925,1890.9225,2118.5125,2209.5225,28.31,27.04,25.8,20.11,14.94,20.11,41.81,58.7,70.1,44.59,20.1,4.29,2.43,1.67,10.81,34.89,70.65,129.19,163.66,102.7,88.19,79.94,69.01,40.3,1,1,0,0,0,1,0,0,1,0,1,0,0,0,0,1,1,1,0,0,1,0,1,1
1052,441.51250000000005,452.97,315.34749999999997,240.7125,363.1375,129.9975,129.7975,107.74249999999999,53.685,33.81,189.4475,140.0675,162.0225,252.125,393.53999999999996,530.0550000000001,793.2025,1083.0125,1312.5774999999999,1520.4850000000001,1773.925,1890.9225,2118.5125,2209.5225,65.55,54.39,32.29,20.11,20.1,42.51,52.96,65.9,62.85,61.23,25.3,13.26,4.0,4.04,10.11,30.07,32.66,74.91,64.54,42.3,29.85,25.33,25.52,20.1,0,0,0,1,1,0,1,0,1,1,0,0,1,1,1,1,1,1,0,0,1,0,0,1
1053,441.51250000000005,452.97,315.34749999999997,240.7125,363.1375,129.9975,129.7975,107.74249999999999,53.685,33.81,189.4475,140.0675,162.0225,252.125,393.53999999999996,530.0550000000001,793.2025,1083.0125,1312.5774999999999,1520.4850000000001,1773.925,1890.9225,2118.5125,2209.5225,65.55,54.39,32.29,20.11,20.1,42.51,52.96,65.9,62.85,61.23,25.3,13.26,4.0,4.04,10.11,30.07,32.66,74.91,64.54,42.3,29.85,25.33,25.52,20.1,1,1,0,1,1,0,0,0,0,0,1,1,1,0,0,0,0,1,0,0,1,1,0,0
1054,441.51250000000005,452.97,315.34749999999997,240.7125,363.1375,129.9975,129.7975,107.74249999999999,53.685,33.81,189.4475,140.0675,162.0225,252.125,393.53999999999996,530.0550000000001,793.2025,1083.0125,1312.5774999999999,1520.4850000000001,1773.925,1890.9225,2118.5125,2209.5225,65.55,54.39,32.29,20.11,20.1,42.51,52.96,65.9,62.85,61.23,25.3,13.26,4.0,4.04,10.11,30.07,32.66,74.91,64.54,42.3,29.85,25.33,25.52,20.1,0,1,0,0,0,1,0,1,1,1,0,0,0,0,0,0,1,1,1,0,0,1,1,0
1055,441.51250000000005,452.97,315.34749999999997,240.7125,363.1375,129.9975,129.7975,107.74249999999999,53.685,33.81,189.4475,140.0675,162.0225,252.125,393.53999999999996,530.0550000000001,793.2025,1083.0125,1312.5774999999999,1520.4850000000001,1773.925,1890.9225,2118.5125,2209.5225,65.55,54.39,32.29,20.11,20.1,42.51,52.96,65.9,62.85,61.23,25.3,13.26,4.0,4.04,10.11,30.07,32.66,74.91,64.54,42.3,29.85,25.33,25.52,20.1,1,1,0,0,0,1,0,0,1,0,1,0,0,0,0,1,1,1,0,0,1,0,1,1
1056,441.51250000000005,452.97,315.34749999999997,240.7125,363.1375,129.9975,129.7975,107.74249999999999,53.685,33.81,189.4475,140.0675,162.0225,252.125,393.53999999999996,530.0550000000001,793.2025,1083.0125,1312.5774999999999,1520.4850000000001,1773.925,1890.9225,2118.5125,2209.5225,4.0,4.0,4.0,4.0,9.8,4.0,16.04,43.93,39.29,12.6,0.34,-0.67,-0.7,-0.78,0.01,3.97,13.23,60.4,60.41,43.5,34.76,33.55,31.31,31.16,0,0,0,1,1,0,1,0,1,1,0,0,1,1,1,1,1,1,0,0,1,0,0,1
1057,441.51250000000005,452.97,315.34749999999997,240.7125,363.1375,129.9975,129.7975,107.74249999999999,53.685,33.81,189.4475,140.0675,162.0225,252.125,393.53999999999996,530.0550000000001,793.2025,1083.0125,1312.5774999999999,1520.4850000000001,1773.925,1890.9225,2118.5125,2209.5225,4.0,4.0,4.0,4.0,9.8,4.0,16.04,43.93,39.29,12.6,0.34,-0.67,-0.7,-0.78,0.01,3.97,13.23,60.4,60.41,43.5,34.76,33.55,31.31,31.16,1,1,0,1,1,0,0,0,0,0,1,1,1,0,0,0,0,1,0,0,1,1,0,0
1058,441.51250000000005,452.97,315.34749999999997,240.7125,363.1375,129.9975,129.7975,107.74249999999999,53.685,33.81,189.4475,140.0675,162.0225,252.125,393.53999999999996,530.0550000000001,793.2025,1083.0125,1312.5774999999999,1520.4850000000001,1773.925,1890.9225,2118.5125,2209.5225,4.0,4.0,4.0,4.0,9.8,4.0,16.04,43.93,39.29,12.6,0.34,-0.67,-0.7,-0.78,0.01,3.97,13.23,60.4,60.41,43.5,34.76,33.55,31.31,31.16,0,1,0,0,0,1,0,1,1,1,0,0,0,0,0,0,1,1,1,0,0,1,1,0
1059,441.51250000000005,452.97,315.34749999999997,240.7125,363.1375,129.9975,129.7975,107.74249999999999,53.685,33.81,189.4475,140.0675,162.0225,252.125,393.53999999999996,530.0550000000001,793.2025,1083.0125,1312.5774999999999,1520.4850000000001,1773.925,1890.9225,2118.5125,2209.5225,4.0,4.0,4.0,4.0,9.8,4.0,16.04,43.93,39.29,12.6,0.34,-0.67,-0.7,-0.78,0.01,3.97,13.23,60.4,60.41,43.5,34.76,33.55,31.31,31.16,1,1,0,0,0,1,0,0,1,0,1,0,0,0,0,1,1,1,0,0,1,0,1,1
1060,441.51250000000005,452.97,315.34749999999997,240.7125,363.1375,129.9975,129.7975,107.74249999999999,53.685,33.81,189.4475,140.0675,162.0225,252.125,393.53999999999996,530.0550000000001,793.2025,1083.0125,1312.5774999999999,1520.4850000000001,1773.925,1890.9225,2118.5125,2209.5225,30.3,29.53,35.47,39.26,47.4,65.97,93.16,139.44,108.51,78.7,50.47,4.02,0.08,0.02,13.16,63.61,99.2,129.7,165.36,149.11,125.64,106.63,101.47,91.11,0,0,0,1,1,0,1,0,1,1,0,0,1,1,1,1,1,1,0,0,1,0,0,1
1061,441.51250000000005,452.97,315.34749999999997,240.7125,363.1375,129.9975,129.7975,107.74249999999999,53.685,33.81,189.4475,140.0675,162.0225,252.125,393.53999999999996,530.0550000000001,793.2025,1083.0125,1312.5774999999999,1520.4850000000001,1773.925,1890.9225,2118.5125,2209.5225,30.3,29.53,35.47,39.26,47.4,65.97,93.16,139.44,108.51,78.7,50.47,4.02,0.08,0.02,13.16,63.61,99.2,129.7,165.36,149.11,125.64,106.63,101.47,91.11,1,1,0,1,1,0,0,0,0,0,1,1,1,0,0,0,0,1,0,0,1,1,0,0
1062,441.51250000000005,452.97,315.34749999999997,240.7125,363.1375,129.9975,129.7975,107.74249999999999,53.685,33.81,189.4475,140.0675,162.0225,252.125,393.53999999999996,530.0550000000001,793.2025,1083.0125,1312.5774999999999,1520.4850000000001,1773.925,1890.9225,2118.5125,2209.5225,30.3,29.53,35.47,39.26,47.4,65.97,93.16,139.44,108.51,78.7,50.47,4.02,0.08,0.02,13.16,63.61,99.2,129.7,165.36,149.11,125.64,106.63,101.47,91.11,0,1,0,0,0,1,0,1,1,1,0,0,0,0,0,0,1,1,1,0,0,1,1,0
1063,441.51250000000005,452.97,315.34749999999997,240.7125,363.1375,129.9975,129.7975,107.74249999999999,53.685,33.81,189.4475,140.0675,162.0225,252.125,393.53999999999996,530.0550000000001,793.2025,1083.0125,1312.5774999999999,1520.4850000000001,1773.925,1890.9225,2118.5125,2209.5225,30.3,29.53,35.47,39.26,47.4,65.97,93.16,139.44,108.51,78.7,50.47,4.02,0.08,0.02,13.16,63.61,99.2,129.7,165.36,149.11,125.64,106.63,101.47,91.11,1,1,0,0,0,1,0,0,1,0,1,0,0,0,0,1,1,1,0,0,1,0,1,1
1064,441.51250000000005,452.97,315.34749999999997,240.7125,363.1375,129.9975,129.7975,107.74249999999999,53.685,33.81,189.4475,140.0675,162.0225,252.125,393.53999999999996,530.0550000000001,793.2025,1083.0125,1312.5774999999999,1520.4850000000001,1773.925,1890.9225,2118.5125,2209.5225,90.27,90.27,91.38,91.69,98.13,115.16,135.67,147.7,122.23,83.0,65.3,31.51,13.08,8.08,37.05,90.15,126.99,149.92,216.65,178.68,148.7,132.4,119.11,111.83,0,0,0,1,1,0,1,0,1,1,0,0,1,1,1,1,1,1,0,0,1,0,0,1
1065,441.51250000000005,452.97,315.34749999999997,240.7125,363.1375,129.9975,129.7975,107.74249999999999,53.685,33.81,189.4475,140.0675,162.0225,252.125,393.53999999999996,530.0550000000001,793.2025,1083.0125,1312.5774999999999,1520.4850000000001,1773.925,1890.9225,2118.5125,2209.5225,90.27,90.27,91.38,91.69,98.13,115.16,135.67,147.7,122.23,83.0,65.3,31.51,13.08,8.08,37.05,90.15,126.99,149.92,216.65,178.68,148.7,132.4,119.11,111.83,1,1,0,1,1,0,0,0,0,0,1,1,1,0,0,0,0,1,0,0,1,1,0,0
1066,441.51250000000005,452.97,315.34749999999997,240.7125,363.1375,129.9975,129.7975,107.74249999999999,53.685,33.81,189.4475,140.0675,162.0225,252.125,393.53999999999996,530.0550000000001,793.2025,1083.0125,1312.5774999999999,1520.4850000000001,1773.925,1890.9225,2118.5125,2209.5225,90.27,90.27,91.38,91.69,98.13,115.16,135.67,147.7,122.23,83.0,65.3,31.51,13.08,8.08,37.05,90.15,126.99,149.92,216.65,178.68,148.7,132.4,119.11,111.83,0,1,0,0,0,1,0,1,1,1,0,0,0,0,0,0,1,1,1,0,0,1,1,0
1067,441.51250000000005,452.97,315.34749999999997,240.7125,363.1375,129.9975,129.7975,107.74249999999999,53.685,33.81,189.4475,140.0675,162.0225,252.125,393.53999999999996,530.0550000000001,793.2025,1083.0125,1312.5774999999999,1520.4850000000001,1773.925,1890.9225,2118.5125,2209.5225,90.27,90.27,91.38,91.69,98.13,115.16,135.67,147.7,122.23,83.0,65.3,31.51,13.08,8.08,37.05,90.15,126.99,149.92,216.65,178.68,148.7,132.4,119.11,111.83,1,1,0,0,0,1,0,0,1,0,1,0,0,0,0,1,1,1,0,0,1,0,1,1
1068,441.51250000000005,452.97,315.34749999999997,240.7125,363.1375,129.9975,129.7975,107.74249999999999,53.685,33.81,189.4475,140.0675,162.0225,252.125,393.53999999999996,530.0550000000001,793.2025,1083.0125,1312.5774999999999,1520.4850000000001,1773.925,1890.9225,2118.5125,2209.5225,124.97,113.94,117.22,116.76,118.42,121.3,127.82,120.6,98.05,72.54,18.05,2.07,-0.33,-0.1,2.76,53.53,100.87,145.58,174.04,140.03,111.21,100.01,99.24,97.9,0,0,0,1,1,0,1,0,1,1,0,0,1,1,1,1,1,1,0,0,1,0,0,1
1069,441.51250000000005,452.97,315.34749999999997,240.7125,363.1375,129.9975,129.7975,107.74249999999999,53.685,33.81,189.4475,140.0675,162.0225,252.125,393.53999999999996,530.0550000000001,793.2025,1083.0125,1312.5774999999999,1520.4850000000001,1773.925,1890.9225,2118.5125,2209.5225,124.97,113.94,117.22,116.76,118.42,121.3,127.82,120.6,98.05,72.54,18.05,2.07,-0.33,-0.1,2.76,53.53,100.87,145.58,174.04,140.03,111.21,100.01,99.24,97.9,1,1,0,1,1,0,0,0,0,0,1,1,1,0,0,0,0,1,0,0,1,1,0,0
1070,441.51250000000005,452.97,315.34749999999997,240.7125,363.1375,129.9975,129.7975,107.74249999999999,53.685,33.81,189.4475,140.0675,162.0225,252.125,393.53999999999996,530.0550000000001,793.2025,1083.0125,1312.5774999999999,1520.4850000000001,1773.925,1890.9225,2118.5125,2209.5225,124.97,113.94,117.22,116.76,118.42,121.3,127.82,120.6,98.05,72.54,18.05,2.07,-0.33,-0.1,2.76,53.53,100.87,145.58,174.04,140.03,111.21,100.01,99.24,97.9,0,1,0,0,0,1,0,1,1,1,0,0,0,0,0,0,1,1,1,0,0,1,1,0
1071,441.51250000000005,452.97,315.34749999999997,240.7125,363.1375,129.9975,129.7975,107.74249999999999,53.685,33.81,189.4475,140.0675,162.0225,252.125,393.53999999999996,530.0550000000001,793.2025,1083.0125,1312.5774999999999,1520.4850000000001,1773.925,1890.9225,2118.5125,2209.5225,124.97,113.94,117.22,116.76,118.42,121.3,127.82,120.6,98.05,72.54,18.05,2.07,-0.33,-0.1,2.76,53.53,100.87,145.58,174.04,140.03,111.21,100.01,99.24,97.9,1,1,0,0,0,1,0,0,1,0,1,0,0,0,0,1,1,1,0,0,1,0,1,1
1072,441.51250000000005,452.97,315.34749999999997,240.7125,363.1375,129.9975,129.7975,107.74249999999999,53.685,33.81,189.4475,140.0675,162.0225,252.125,393.53999999999996,530.0550000000001,793.2025,1083.0125,1312.5774999999999,1520.4850000000001,1773.925,1890.9225,2118.5125,2209.5225,95.19,94.81,94.44,96.51,98.67,101.51,100.0,93.0,59.02,24.41,21.32,3.95,1.29,3.95,11.03,28.01,68.99,107.86,134.15,132.71,114.54,107.87,104.56,103.64,0,0,0,1,1,0,1,0,1,1,0,0,1,1,1,1,1,1,0,0,1,0,0,1
1073,441.51250000000005,452.97,315.34749999999997,240.7125,363.1375,129.9975,129.7975,107.74249999999999,53.685,33.81,189.4475,140.0675,162.0225,252.125,393.53999999999996,530.0550000000001,793.2025,1083.0125,1312.5774999999999,1520.4850000000001,1773.925,1890.9225,2118.5125,2209.5225,95.19,94.81,94.44,96.51,98.67,101.51,100.0,93.0,59.02,24.41,21.32,3.95,1.29,3.95,11.03,28.01,68.99,107.86,134.15,132.71,114.54,107.87,104.56,103.64,1,1,0,1,1,0,0,0,0,0,1,1,1,0,0,0,0,1,0,0,1,1,0,0
1074,441.51250000000005,452.97,315.34749999999997,240.7125,363.1375,129.9975,129.7975,107.74249999999999,53.685,33.81,189.4475,140.0675,162.0225,252.125,393.53999999999996,530.0550000000001,793.2025,1083.0125,1312.5774999999999,1520.4850000000001,1773.925,1890.9225,2118.5125,2209.5225,95.19,94.81,94.44,96.51,98.67,101.51,100.0,93.0,59.02,24.41,21.32,3.95,1.29,3.95,11.03,28.01,68.99,107.86,134.15,132.71,114.54,107.87,104.56,103.64,0,1,0,0,0,1,0,1,1,1,0,0,0,0,0,0,1,1,1,0,0,1,1,0
1075,441.51250000000005,452.97,315.34749999999997,240.7125,363.1375,129.9975,129.7975,107.74249999999999,53.685,33.81,189.4475,140.0675,162.0225,252.125,393.53999999999996,530.0550000000001,793.2025,1083.0125,1312.5774999999999,1520.4850000000001,1773.925,1890.9225,2118.5125,2209.5225,95.19,94.81,94.44,96.51,98.67,101.51,100.0,93.0,59.02,24.41,21.32,3.95,1.29,3.95,11.03,28.01,68.99,107.86,134.15,132.71,114.54,107.87,104.56,103.64,1,1,0,0,0,1,0,0,1,0,1,0,0,0,0,1,1,1,0,0,1,0,1,1
1076,441.51250000000005,452.97,315.34749999999997,240.7125,363.1375,129.9975,129.7975,107.74249999999999,53.685,33.81,189.4475,140.0675,162.0225,252.125,393.53999999999996,530.0550000000001,793.2025,1083.0125,1312.5774999999999,1520.4850000000001,1773.925,1890.9225,2118.5125,2209.5225,95.84,94.92,96.7,96.86,89.98,101.13,148.63,159.87,134.08,98.92,84.44,77.92,76.06,77.36,83.96,97.54,127.59,148.1,175.06,160.4,142.28,126.68,106.87,97.93,0,0,0,1,1,0,1,0,1,1,0,0,1,1,1,1,1,1,0,0,1,0,0,1
1077,441.51250000000005,452.97,315.34749999999997,240.7125,363.1375,129.9975,129.7975,107.74249999999999,53.685,33.81,189.4475,140.0675,162.0225,252.125,393.53999999999996,530.0550000000001,793.2025,1083.0125,1312.5774999999999,1520.4850000000001,1773.925,1890.9225,2118.5125,2209.5225,95.84,94.92,96.7,96.86,89.98,101.13,148.63,159.87,134.08,98.92,84.44,77.92,76.06,77.36,83.96,97.54,127.59,148.1,175.06,160.4,142.28,126.68,106.87,97.93,1,1,0,1,1,0,0,0,0,0,1,1,1,0,0,0,0,1,0,0,1,1,0,0
1078,441.51250000000005,452.97,315.34749999999997,240.7125,363.1375,129.9975,129.7975,107.74249999999999,53.685,33.81,189.4475,140.0675,162.0225,252.125,393.53999999999996,530.0550000000001,793.2025,1083.0125,1312.5774999999999,1520.4850000000001,1773.925,1890.9225,2118.5125,2209.5225,95.84,94.92,96.7,96.86,89.98,101.13,148.63,159.87,134.08,98.92,84.44,77.92,76.06,77.36,83.96,97.54,127.59,148.1,175.06,160.4,142.28,126.68,106.87,97.93,0,1,0,0,0,1,0,1,1,1,0,0,0,0,0,0,1,1,1,0,0,1,1,0
1079,441.51250000000005,452.97,315.34749999999997,240.7125,363.1375,129.9975,129.7975,107.74249999999999,53.685,33.81,189.4475,140.0675,162.0225,252.125,393.53999999999996,530.0550000000001,793.2025,1083.0125,1312.5774999999999,1520.4850000000001,1773.925,1890.9225,2118.5125,2209.5225,95.84,94.92,96.7,96.86,89.98,101.13,148.63,159.87,134.08,98.92,84.44,77.92,76.06,77.36,83.96,97.54,127.59,148.1,175.06,160.4,142.28,126.68,106.87,97.93,1,1,0,0,0,1,0,0,1,0,1,0,0,0,0,1,1,1,0,0,1,0,1,1
1080,441.51250000000005,452.97,315.34749999999997,240.7125,363.1375,129.9975,129.7975,107.74249999999999,53.685,33.81,189.4475,140.0675,162.0225,252.125,393.53999999999996,530.0550000000001,793.2025,1083.0125,1312.5774999999999,1520.4850000000001,1773.925,1890.9225,2118.5125,2209.5225,104.39,101.79,99.72,100.48,102.51,110.88,148.14,153.09,146.54,128.53,102.0,97.48,96.45,98.39,102.35,112.84,132.9,172.03,205.15,181.06,149.49,133.05,121.27,107.36,0,0,0,1,1,0,1,0,1,1,0,0,1,1,1,1,1,1,0,0,1,0,0,1
1081,441.51250000000005,452.97,315.34749999999997,240.7125,363.1375,129.9975,129.7975,107.74249999999999,53.685,33.81,189.4475,140.0675,162.0225,252.125,393.53999999999996,530.0550000000001,793.2025,1083.0125,1312.5774999999999,1520.4850000000001,1773.925,1890.9225,2118.5125,2209.5225,104.39,101.79,99.72,100.48,102.51,110.88,148.14,153.09,146.54,128.53,102.0,97.48,96.45,98.39,102.35,112.84,132.9,172.03,205.15,181.06,149.49,133.05,121.27,107.36,1,1,0,1,1,0,0,0,0,0,1,1,1,0,0,0,0,1,0,0,1,1,0,0
1082,441.51250000000005,452.97,315.34749999999997,240.7125,363.1375,129.9975,129.7975,107.74249999999999,53.685,33.81,189.4475,140.0675,162.0225,252.125,393.53999999999996,530.0550000000001,793.2025,1083.0125,1312.5774999999999,1520.4850000000001,1773.925,1890.9225,2118.5125,2209.5225,104.39,101.79,99.72,100.48,102.51,110.88,148.14,153.09,146.54,128.53,102.0,97.48,96.45,98.39,102.35,112.84,132.9,172.03,205.15,181.06,149.49,133.05,121.27,107.36,0,1,0,0,0,1,0,1,1,1,0,0,0,0,0,0,1,1,1,0,0,1,1,0
1083,441.51250000000005,452.97,315.34749999999997,240.7125,363.1375,129.9975,129.7975,107.74249999999999,53.685,33.81,189.4475,140.0675,162.0225,252.125,393.53999999999996,530.0550000000001,793.2025,1083.0125,1312.5774999999999,1520.4850000000001,1773.925,1890.9225,2118.5125,2209.5225,104.39,101.79,99.72,100.48,102.51,110.88,148.14,153.09,146.54,128.53,102.0,97.48,96.45,98.39,102.35,112.84,132.9,172.03,205.15,181.06,149.49,133.05,121.27,107.36,1,1,0,0,0,1,0,0,1,0,1,0,0,0,0,1,1,1,0,0,1,0,1,1
1084,441.51250000000005,452.97,315.34749999999997,240.7125,363.1375,129.9975,129.7975,107.74249999999999,53.685,33.81,189.4475,140.0675,162.0225,252.125,393.53999999999996,530.0550000000001,793.2025,1083.0125,1312.5774999999999,1520.4850000000001,1773.925,1890.9225,2118.5125,2209.5225,101.74,100.11,97.82,97.43,101.85,110.37,144.57,161.75,148.49,125.02,102.64,99.73,98.11,99.95,101.69,117.81,140.35,159.04,199.9,179.58,148.09,132.26,120.02,109.91,0,0,0,1,1,0,1,0,1,1,0,0,1,1,1,1,1,1,0,0,1,0,0,1
1085,441.51250000000005,452.97,315.34749999999997,240.7125,363.1375,129.9975,129.7975,107.74249999999999,53.685,33.81,189.4475,140.0675,162.0225,252.125,393.53999999999996,530.0550000000001,793.2025,1083.0125,1312.5774999999999,1520.4850000000001,1773.925,1890.9225,2118.5125,2209.5225,101.74,100.11,97.82,97.43,101.85,110.37,144.57,161.75,148.49,125.02,102.64,99.73,98.11,99.95,101.69,117.81,140.35,159.04,199.9,179.58,148.09,132.26,120.02,109.91,1,1,0,1,1,0,0,0,0,0,1,1,1,0,0,0,0,1,0,0,1,1,0,0
1086,441.51250000000005,452.97,315.34749999999997,240.7125,363.1375,129.9975,129.7975,107.74249999999999,53.685,33.81,189.4475,140.0675,162.0225,252.125,393.53999999999996,530.0550000000001,793.2025,1083.0125,1312.5774999999999,1520.4850000000001,1773.925,1890.9225,2118.5125,2209.5225,101.74,100.11,97.82,97.43,101.85,110.37,144.57,161.75,148.49,125.02,102.64,99.73,98.11,99.95,101.69,117.81,140.35,159.04,199.9,179.58,148.09,132.26,120.02,109.91,0,1,0,0,0,1,0,1,1,1,0,0,0,0,0,0,1,1,1,0,0,1,1,0
1087,441.51250000000005,452.97,315.34749999999997,240.7125,363.1375,129.9975,129.7975,107.74249999999999,53.685,33.81,189.4475,140.0675,162.0225,252.125,393.53999999999996,530.0550000000001,793.2025,1083.0125,1312.5774999999999,1520.4850000000001,1773.925,1890.9225,2118.5125,2209.5225,101.74,100.11,97.82,97.43,101.85,110.37,144.57,161.75,148.49,125.02,102.64,99.73,98.11,99.95,101.69,117.81,140.35,159.04,199.9,179.58,148.09,132.26,120.02,109.91,1,1,0,0,0,1,0,0,1,0,1,0,0,0,0,1,1,1,0,0,1,0,1,1
1088,441.51250000000005,452.97,315.34749999999997,240.7125,363.1375,129.9975,129.7975,107.74249999999999,53.685,33.81,189.4475,140.0675,162.0225,252.125,393.53999999999996,530.0550000000001,793.2025,1083.0125,1312.5774999999999,1520.4850000000001,1773.925,1890.9225,2118.5125,2209.5225,108.49,102.22,98.96,96.69,98.33,105.87,132.7,160.74,160.99,154.8,123.84,110.75,110.08,108.28,107.6,110.02,121.56,142.95,166.09,173.42,148.99,135.69,123.41,111.53,0,0,0,1,1,0,1,0,1,1,0,0,1,1,1,1,1,1,0,0,1,0,0,1
1089,441.51250000000005,452.97,315.34749999999997,240.7125,363.1375,129.9975,129.7975,107.74249999999999,53.685,33.81,189.4475,140.0675,162.0225,252.125,393.53999999999996,530.0550000000001,793.2025,1083.0125,1312.5774999999999,1520.4850000000001,1773.925,1890.9225,2118.5125,2209.5225,108.49,102.22,98.96,96.69,98.33,105.87,132.7,160.74,160.99,154.8,123.84,110.75,110.08,108.28,107.6,110.02,121.56,142.95,166.09,173.42,148.99,135.69,123.41,111.53,1,1,0,1,1,0,0,0,0,0,1,1,1,0,0,0,0,1,0,0,1,1,0,0
1090,441.51250000000005,452.97,315.34749999999997,240.7125,363.1375,129.9975,129.7975,107.74249999999999,53.685,33.81,189.4475,140.0675,162.0225,252.125,393.53999999999996,530.0550000000001,793.2025,1083.0125,1312.5774999999999,1520.4850000000001,1773.925,1890.9225,2118.5125,2209.5225,108.49,102.22,98.96,96.69,98.33,105.87,132.7,160.74,160.99,154.8,123.84,110.75,110.08,108.28,107.6,110.02,121.56,142.95,166.09,173.42,148.99,135.69,123.41,111.53,0,1,0,0,0,1,0,1,1,1,0,0,0,0,0,0,1,1,1,0,0,1,1,0
1091,441.51250000000005,452.97,315.34749999999997,240.7125,363.1375,129.9975,129.7975,107.74249999999999,53.685,33.81,189.4475,140.0675,162.0225,252.125,393.53999999999996,530.0550000000001,793.2025,1083.0125,1312.5774999999999,1520.4850000000001,1773.925,1890.9225,2118.5125,2209.5225,108.49,102.22,98.96,96.69,98.33,105.87,132.7,160.74,160.99,154.8,123.84,110.75,110.08,108.28,107.6,110.02,121.56,142.95,166.09,173.42,148.99,135.69,123.41,111.53,1,1,0,0,0,1,0,0,1,0,1,0,0,0,0,1,1,1,0,0,1,0,1,1
1092,441.51250000000005,452.97,315.34749999999997,240.7125,363.1375,129.9975,129.7975,107.74249999999999,53.685,33.81,189.4475,140.0675,162.0225,252.125,393.53999999999996,530.0550000000001,793.2025,1083.0125,1312.5774999999999,1520.4850000000001,1773.925,1890.9225,2118.5125,2209.5225,109.19,106.08,105.97,103.89,105.37,114.08,143.05,155.29,155.08,132.11,112.01,106.37,104.49,104.58,105.38,109.42,124.93,146.56,155.47,151.02,130.1,111.46,114.0,105.15,0,0,0,1,1,0,1,0,1,1,0,0,1,1,1,1,1,1,0,0,1,0,0,1
1093,441.51250000000005,452.97,315.34749999999997,240.7125,363.1375,129.9975,129.7975,107.74249999999999,53.685,33.81,189.4475,140.0675,162.0225,252.125,393.53999999999996,530.0550000000001,793.2025,1083.0125,1312.5774999999999,1520.4850000000001,1773.925,1890.9225,2118.5125,2209.5225,109.19,106.08,105.97,103.89,105.37,114.08,143.05,155.29,155.08,132.11,112.01,106.37,104.49,104.58,105.38,109.42,124.93,146.56,155.47,151.02,130.1,111.46,114.0,105.15,1,1,0,1,1,0,0,0,0,0,1,1,1,0,0,0,0,1,0,0,1,1,0,0
1094,441.51250000000005,452.97,315.34749999999997,240.7125,363.1375,129.9975,129.7975,107.74249999999999,53.685,33.81,189.4475,140.0675,162.0225,252.125,393.53999999999996,530.0550000000001,793.2025,1083.0125,1312.5774999999999,1520.4850000000001,1773.925,1890.9225,2118.5125,2209.5225,109.19,106.08,105.97,103.89,105.37,114.08,143.05,155.29,155.08,132.11,112.01,106.37,104.49,104.58,105.38,109.42,124.93,146.56,155.47,151.02,130.1,111.46,114.0,105.15,0,1,0,0,0,1,0,1,1,1,0,0,0,0,0,0,1,1,1,0,0,1,1,0
1095,441.51250000000005,452.97,315.34749999999997,240.7125,363.1375,129.9975,129.7975,107.74249999999999,53.685,33.81,189.4475,140.0675,162.0225,252.125,393.53999999999996,530.0550000000001,793.2025,1083.0125,1312.5774999999999,1520.4850000000001,1773.925,1890.9225,2118.5125,2209.5225,109.19,106.08,105.97,103.89,105.37,114.08,143.05,155.29,155.08,132.11,112.01,106.37,104.49,104.58,105.38,109.42,124.93,146.56,155.47,151.02,130.1,111.46,114.0,105.15,1,1,0,0,0,1,0,0,1,0,1,0,0,0,0,1,1,1,0,0,1,0,1,1
1096,441.51250000000005,452.97,315.34749999999997,240.7125,363.1375,129.9975,129.7975,107.74249999999999,53.685,33.81,189.4475,140.0675,162.0225,252.125,393.53999999999996,530.0550000000001,793.2025,1083.0125,1312.5774999999999,1520.4850000000001,1773.925,1890.9225,2118.5125,2209.5225,112.16,103.15,96.0,89.89,86.89,90.55,97.0,99.38,98.73,86.36,72.35,67.12,57.28,47.96,54.46,70.76,84.2,121.87,130.26,132.91,121.41,108.46,104.98,95.21,0,0,0,1,1,0,1,0,1,1,0,0,1,1,1,1,1,1,0,0,1,0,0,1
1097,441.51250000000005,452.97,315.34749999999997,240.7125,363.1375,129.9975,129.7975,107.74249999999999,53.685,33.81,189.4475,140.0675,162.0225,252.125,393.53999999999996,530.0550000000001,793.2025,1083.0125,1312.5774999999999,1520.4850000000001,1773.925,1890.9225,2118.5125,2209.5225,112.16,103.15,96.0,89.89,86.89,90.55,97.0,99.38,98.73,86.36,72.35,67.12,57.28,47.96,54.46,70.76,84.2,121.87,130.26,132.91,121.41,108.46,104.98,95.21,1,1,0,1,1,0,0,0,0,0,1,1,1,0,0,0,0,1,0,0,1,1,0,0
1098,441.51250000000005,452.97,315.34749999999997,240.7125,363.1375,129.9975,129.7975,107.74249999999999,53.685,33.81,189.4475,140.0675,162.0225,252.125,393.53999999999996,530.0550000000001,793.2025,1083.0125,1312.5774999999999,1520.4850000000001,1773.925,1890.9225,2118.5125,2209.5225,112.16,103.15,96.0,89.89,86.89,90.55,97.0,99.38,98.73,86.36,72.35,67.12,57.28,47.96,54.46,70.76,84.2,121.87,130.26,132.91,121.41,108.46,104.98,95.21,0,1,0,0,0,1,0,1,1,1,0,0,0,0,0,0,1,1,1,0,0,1,1,0
1099,441.51250000000005,452.97,315.34749999999997,240.7125,363.1375,129.9975,129.7975,107.74249999999999,53.685,33.81,189.4475,140.0675,162.0225,252.125,393.53999999999996,530.0550000000001,793.2025,1083.0125,1312.5774999999999,1520.4850000000001,1773.925,1890.9225,2118.5125,2209.5225,112.16,103.15,96.0,89.89,86.89,90.55,97.0,99.38,98.73,86.36,72.35,67.12,57.28,47.96,54.46,70.76,84.2,121.87,130.26,132.91,121.41,108.46,104.98,95.21,1,1,0,0,0,1,0,0,1,0,1,0,0,0,0,1,1,1,0,0,1,0,1,1
1100,441.51250000000005,452.97,315.34749999999997,240.7125,363.1375,129.9975,129.7975,107.74249999999999,53.685,33.81,189.4475,140.0675,162.0225,252.125,393.53999999999996,530.0550000000001,793.2025,1083.0125,1312.5774999999999,1520.4850000000001,1773.925,1890.9225,2118.5125,2209.5225,89.97,85.75,79.57,78.15,78.55,29.41,30.14,30.7,30.5,28.73,24.06,2.9,1.01,0.19,2.67,30.81,59.97,94.68,83.61,45.54,31.49,31.1,30.69,30.44,0,0,0,1,1,0,1,0,1,1,0,0,1,1,1,1,1,1,0,0,1,0,0,1
1101,441.51250000000005,452.97,315.34749999999997,240.7125,363.1375,129.9975,129.7975,107.74249999999999,53.685,33.81,189.4475,140.0675,162.0225,252.125,393.53999999999996,530.0550000000001,793.2025,1083.0125,1312.5774999999999,1520.4850000000001,1773.925,1890.9225,2118.5125,2209.5225,89.97,85.75,79.57,78.15,78.55,29.41,30.14,30.7,30.5,28.73,24.06,2.9,1.01,0.19,2.67,30.81,59.97,94.68,83.61,45.54,31.49,31.1,30.69,30.44,1,1,0,1,1,0,0,0,0,0,1,1,1,0,0,0,0,1,0,0,1,1,0,0
1102,441.51250000000005,452.97,315.34749999999997,240.7125,363.1375,129.9975,129.7975,107.74249999999999,53.685,33.81,189.4475,140.0675,162.0225,252.125,393.53999999999996,530.0550000000001,793.2025,1083.0125,1312.5774999999999,1520.4850000000001,1773.925,1890.9225,2118.5125,2209.5225,89.97,85.75,79.57,78.15,78.55,29.41,30.14,30.7,30.5,28.73,24.06,2.9,1.01,0.19,2.67,30.81,59.97,94.68,83.61,45.54,31.49,31.1,30.69,30.44,0,1,0,0,0,1,0,1,1,1,0,0,0,0,0,0,1,1,1,0,0,1,1,0
1103,441.51250000000005,452.97,315.34749999999997,240.7125,363.1375,129.9975,129.7975,107.74249999999999,53.685,33.81,189.4475,140.0675,162.0225,252.125,393.53999999999996,530.0550000000001,793.2025,1083.0125,1312.5774999999999,1520.4850000000001,1773.925,1890.9225,2118.5125,2209.5225,89.97,85.75,79.57,78.15,78.55,29.41,30.14,30.7,30.5,28.73,24.06,2.9,1.01,0.19,2.67,30.81,59.97,94.68,83.61,45.54,31.49,31.1,30.69,30.44,1,1,0,0,0,1,0,0,1,0,1,0,0,0,0,1,1,1,0,0,1,0,1,1
1104,441.51250000000005,452.97,315.34749999999997,240.7125,363.1375,129.9975,129.7975,107.74249999999999,53.685,33.81,189.4475,140.0675,162.0225,252.125,393.53999999999996,530.0550000000001,793.2025,1083.0125,1312.5774999999999,1520.4850000000001,1773.925,1890.9225,2118.5125,2209.5225,30.66,40.11,77.6,80.9,85.84,103.33,135.26,152.96,135.32,100.77,68.2,50.53,31.14,27.92,50.12,70.02,98.59,143.14,177.42,170.09,141.58,113.55,106.46,93.49,0,0,0,1,1,0,1,0,1,1,0,0,1,1,1,1,1,1,0,0,1,0,0,1
1105,441.51250000000005,452.97,315.34749999999997,240.7125,363.1375,129.9975,129.7975,107.74249999999999,53.685,33.81,189.4475,140.0675,162.0225,252.125,393.53999999999996,530.0550000000001,793.2025,1083.0125,1312.5774999999999,1520.4850000000001,1773.925,1890.9225,2118.5125,2209.5225,30.66,40.11,77.6,80.9,85.84,103.33,135.26,152.96,135.32,100.77,68.2,50.53,31.14,27.92,50.12,70.02,98.59,143.14,177.42,170.09,141.58,113.55,106.46,93.49,1,1,0,1,1,0,0,0,0,0,1,1,1,0,0,0,0,1,0,0,1,1,0,0
1106,441.51250000000005,452.97,315.34749999999997,240.7125,363.1375,129.9975,129.7975,107.74249999999999,53.685,33.81,189.4475,140.0675,162.0225,252.125,393.53999999999996,530.0550000000001,793.2025,1083.0125,1312.5774999999999,1520.4850000000001,1773.925,1890.9225,2118.5125,2209.5225,30.66,40.11,77.6,80.9,85.84,103.33,135.26,152.96,135.32,100.77,68.2,50.53,31.14,27.92,50.12,70.02,98.59,143.14,177.42,170.09,141.58,113.55,106.46,93.49,0,1,0,0,0,1,0,1,1,1,0,0,0,0,0,0,1,1,1,0,0,1,1,0
1107,441.51250000000005,452.97,315.34749999999997,240.7125,363.1375,129.9975,129.7975,107.74249999999999,53.685,33.81,189.4475,140.0675,162.0225,252.125,393.53999999999996,530.0550000000001,793.2025,1083.0125,1312.5774999999999,1520.4850000000001,1773.925,1890.9225,2118.5125,2209.5225,30.66,40.11,77.6,80.9,85.84,103.33,135.26,152.96,135.32,100.77,68.2,50.53,31.14,27.92,50.12,70.02,98.59,143.14,177.42,170.09,141.58,113.55,106.46,93.49,1,1,0,0,0,1,0,0,1,0,1,0,0,0,0,1,1,1,0,0,1,0,1,1
1108,441.51250000000005,452.97,315.34749999999997,240.7125,363.1375,129.9975,129.7975,107.74249999999999,53.685,33.81,189.4475,140.0675,162.0225,252.125,393.53999999999996,530.0550000000001,793.2025,1083.0125,1312.5774999999999,1520.4850000000001,1773.925,1890.9225,2118.5125,2209.5225,92.18,89.96,89.71,67.1,69.44,102.28,128.02,136.73,106.56,68.46,27.24,1.79,-0.2,-0.28,17.36,38.6,96.03,141.1,171.17,167.77,142.51,117.77,107.46,100.5,0,0,0,1,1,0,1,0,1,1,0,0,1,1,1,1,1,1,0,0,1,0,0,1
1109,441.51250000000005,452.97,315.34749999999997,240.7125,363.1375,129.9975,129.7975,107.74249999999999,53.685,33.81,189.4475,140.0675,162.0225,252.125,393.53999999999996,530.0550000000001,793.2025,1083.0125,1312.5774999999999,1520.4850000000001,1773.925,1890.9225,2118.5125,2209.5225,92.18,89.96,89.71,67.1,69.44,102.28,128.02,136.73,106.56,68.46,27.24,1.79,-0.2,-0.28,17.36,38.6,96.03,141.1,171.17,167.77,142.51,117.77,107.46,100.5,1,1,0,1,1,0,0,0,0,0,1,1,1,0,0,0,0,1,0,0,1,1,0,0
1110,441.51250000000005,452.97,315.34749999999997,240.7125,363.1375,129.9975,129.7975,107.74249999999999,53.685,33.81,189.4475,140.0675,162.0225,252.125,393.53999999999996,530.0550000000001,793.2025,1083.0125,1312.5774999999999,1520.4850000000001,1773.925,1890.9225,2118.5125,2209.5225,92.18,89.96,89.71,67.1,69.44,102.28,128.02,136.73,106.56,68.46,27.24,1.79,-0.2,-0.28,17.36,38.6,96.03,141.1,171.17,167.77,142.51,117.77,107.46,100.5,0,1,0,0,0,1,0,1,1,1,0,0,0,0,0,0,1,1,1,0,0,1,1,0
1111,441.51250000000005,452.97,315.34749999999997,240.7125,363.1375,129.9975,129.7975,107.74249999999999,53.685,33.81,189.4475,140.0675,162.0225,252.125,393.53999999999996,530.0550000000001,793.2025,1083.0125,1312.5774999999999,1520.4850000000001,1773.925,1890.9225,2118.5125,2209.5225,92.18,89.96,89.71,67.1,69.44,102.28,128.02,136.73,106.56,68.46,27.24,1.79,-0.2,-0.28,17.36,38.6,96.03,141.1,171.17,167.77,142.51,117.77,107.46,100.5,1,1,0,0,0,1,0,0,1,0,1,0,0,0,0,1,1,1,0,0,1,0,1,1
1112,441.51250000000005,452.97,315.34749999999997,240.7125,363.1375,129.9975,129.7975,107.74249999999999,53.685,33.81,189.4475,140.0675,162.0225,252.125,393.53999999999996,530.0550000000001,793.2025,1083.0125,1312.5774999999999,1520.4850000000001,1773.925,1890.9225,2118.5125,2209.5225,204.12,101.46,97.67,98.58,101.74,110.71,153.27,140.98,99.91,76.08,38.9,6.7,3.13,3.41,30.98,62.63,120.26,154.93,279.34,251.99,163.48,136.61,124.83,117.5,0,0,0,1,1,0,1,0,1,1,0,0,1,1,1,1,1,1,0,0,1,0,0,1
1113,441.51250000000005,452.97,315.34749999999997,240.7125,363.1375,129.9975,129.7975,107.74249999999999,53.685,33.81,189.4475,140.0675,162.0225,252.125,393.53999999999996,530.0550000000001,793.2025,1083.0125,1312.5774999999999,1520.4850000000001,1773.925,1890.9225,2118.5125,2209.5225,204.12,101.46,97.67,98.58,101.74,110.71,153.27,140.98,99.91,76.08,38.9,6.7,3.13,3.41,30.98,62.63,120.26,154.93,279.34,251.99,163.48,136.61,124.83,117.5,1,1,0,1,1,0,0,0,0,0,1,1,1,0,0,0,0,1,0,0,1,1,0,0
1114,441.51250000000005,452.97,315.34749999999997,240.7125,363.1375,129.9975,129.7975,107.74249999999999,53.685,33.81,189.4475,140.0675,162.0225,252.125,393.53999999999996,530.0550000000001,793.2025,1083.0125,1312.5774999999999,1520.4850000000001,1773.925,1890.9225,2118.5125,2209.5225,204.12,101.46,97.67,98.58,101.74,110.71,153.27,140.98,99.91,76.08,38.9,6.7,3.13,3.41,30.98,62.63,120.26,154.93,279.34,251.99,163.48,136.61,124.83,117.5,0,1,0,0,0,1,0,1,1,1,0,0,0,0,0,0,1,1,1,0,0,1,1,0
1115,441.51250000000005,452.97,315.34749999999997,240.7125,363.1375,129.9975,129.7975,107.74249999999999,53.685,33.81,189.4475,140.0675,162.0225,252.125,393.53999999999996,530.0550000000001,793.2025,1083.0125,1312.5774999999999,1520.4850000000001,1773.925,1890.9225,2118.5125,2209.5225,204.12,101.46,97.67,98.58,101.74,110.71,153.27,140.98,99.91,76.08,38.9,6.7,3.13,3.41,30.98,62.63,120.26,154.93,279.34,251.99,163.48,136.61,124.83,117.5,1,1,0,0,0,1,0,0,1,0,1,0,0,0,0,1,1,1,0,0,1,0,1,1
1116,441.51250000000005,452.97,315.34749999999997,240.7125,363.1375,129.9975,129.7975,107.74249999999999,53.685,33.81,189.4475,140.0675,162.0225,252.125,393.53999999999996,530.0550000000001,793.2025,1083.0125,1312.5774999999999,1520.4850000000001,1773.925,1890.9225,2118.5125,2209.5225,107.45,102.55,101.34,102.15,106.74,122.73,158.29,147.93,108.19,73.39,28.86,3.96,-0.56,-0.16,27.42,40.28,109.8,147.64,248.27,220.53,176.9,138.38,124.58,111.27,0,0,0,1,1,0,1,0,1,1,0,0,1,1,1,1,1,1,0,0,1,0,0,1
1117,441.51250000000005,452.97,315.34749999999997,240.7125,363.1375,129.9975,129.7975,107.74249999999999,53.685,33.81,189.4475,140.0675,162.0225,252.125,393.53999999999996,530.0550000000001,793.2025,1083.0125,1312.5774999999999,1520.4850000000001,1773.925,1890.9225,2118.5125,2209.5225,107.45,102.55,101.34,102.15,106.74,122.73,158.29,147.93,108.19,73.39,28.86,3.96,-0.56,-0.16,27.42,40.28,109.8,147.64,248.27,220.53,176.9,138.38,124.58,111.27,1,1,0,1,1,0,0,0,0,0,1,1,1,0,0,0,0,1,0,0,1,1,0,0
1118,441.51250000000005,452.97,315.34749999999997,240.7125,363.1375,129.9975,129.7975,107.74249999999999,53.685,33.81,189.4475,140.0675,162.0225,252.125,393.53999999999996,530.0550000000001,793.2025,1083.0125,1312.5774999999999,1520.4850000000001,1773.925,1890.9225,2118.5125,2209.5225,107.45,102.55,101.34,102.15,106.74,122.73,158.29,147.93,108.19,73.39,28.86,3.96,-0.56,-0.16,27.42,40.28,109.8,147.64,248.27,220.53,176.9,138.38,124.58,111.27,0,1,0,0,0,1,0,1,1,1,0,0,0,0,0,0,1,1,1,0,0,1,1,0
1119,441.51250000000005,452.97,315.34749999999997,240.7125,363.1375,129.9975,129.7975,107.74249999999999,53.685,33.81,189.4475,140.0675,162.0225,252.125,393.53999999999996,530.0550000000001,793.2025,1083.0125,1312.5774999999999,1520.4850000000001,1773.925,1890.9225,2118.5125,2209.5225,107.45,102.55,101.34,102.15,106.74,122.73,158.29,147.93,108.19,73.39,28.86,3.96,-0.56,-0.16,27.42,40.28,109.8,147.64,248.27,220.53,176.9,138.38,124.58,111.27,1,1,0,0,0,1,0,0,1,0,1,0,0,0,0,1,1,1,0,0,1,0,1,1
1120,2277.15,2076.73,1908.4025000000001,1990.805,2092.8,1723.73,2049.2174999999997,2452.5,2525.0875,2583.785,2538.28,2272.125,1878.52,1523.9825,1537.8,2219.2475,2671.2925,2737.51,2960.045,2936.0724999999998,2994.8575,2816.7675,2626.1175000000003,2584.9750000000004,128.2,120.38,117.09,112.15,109.75,111.89,117.11,135.81,138.82,137.77,125.08,112.1,102.21,97.27,99.39,97.8,125.41,145.0,158.55,150.78,133.41,125.42,122.03,119.92,0,0,0,1,1,0,1,0,1,1,0,0,1,1,1,1,1,1,0,0,1,0,0,1
1121,2277.15,2076.73,1908.4025000000001,1990.805,2092.8,1723.73,2049.2174999999997,2452.5,2525.0875,2583.785,2538.28,2272.125,1878.52,1523.9825,1537.8,2219.2475,2671.2925,2737.51,2960.045,2936.0724999999998,2994.8575,2816.7675,2626.1175000000003,2584.9750000000004,128.2,120.38,117.09,112.15,109.75,111.89,117.11,135.81,138.82,137.77,125.08,112.1,102.21,97.27,99.39,97.8,125.41,145.0,158.55,150.78,133.41,125.42,122.03,119.92,1,1,0,1,1,0,0,0,0,0,1,1,1,0,0,0,0,1,0,0,1,1,0,0
1122,2277.15,2076.73,1908.4025000000001,1990.805,2092.8,1723.73,2049.2174999999997,2452.5,2525.0875,2583.785,2538.28,2272.125,1878.52,1523.9825,1537.8,2219.2475,2671.2925,2737.51,2960.045,2936.0724999999998,2994.8575,2816.7675,2626.1175000000003,2584.9750000000004,128.2,120.38,117.09,112.15,109.75,111.89,117.11,135.81,138.82,137.77,125.08,112.1,102.21,97.27,99.39,97.8,125.41,145.0,158.55,150.78,133.41,125.42,122.03,119.92,0,1,0,0,0,1,0,1,1,1,0,0,0,0,0,0,1,1,1,0,0,1,1,0
1123,2277.15,2076.73,1908.4025000000001,1990.805,2092.8,1723.73,2049.2174999999997,2452.5,2525.0875,2583.785,2538.28,2272.125,1878.52,1523.9825,1537.8,2219.2475,2671.2925,2737.51,2960.045,2936.0724999999998,2994.8575,2816.7675,2626.1175000000003,2584.9750000000004,128.2,120.38,117.09,112.15,109.75,111.89,117.11,135.81,138.82,137.77,125.08,112.1,102.21,97.27,99.39,97.8,125.41,145.0,158.55,150.78,133.41,125.42,122.03,119.92,1,1,0,0,0,1,0,0,1,0,1,0,0,0,0,1,1,1,0,0,1,0,1,1
1124,2277.15,2076.73,1908.4025000000001,1990.805,2092.8,1723.73,2049.2174999999997,2452.5,2525.0875,2583.785,2538.28,2272.125,1878.52,1523.9825,1537.8,2219.2475,2671.2925,2737.51,2960.045,2936.0724999999998,2994.8575,2816.7675,2626.1175000000003,2584.9750000000004,102.61,57.86,30.22,21.37,19.06,19.05,43.56,90.69,103.11,89.0,33.71,11.22,7.4,3.14,2.85,19.0,54.16,99.69,136.58,117.23,80.9,61.1,35.12,25.41,0,0,0,1,1,0,1,0,1,1,0,0,1,1,1,1,1,1,0,0,1,0,0,1
1125,2277.15,2076.73,1908.4025000000001,1990.805,2092.8,1723.73,2049.2174999999997,2452.5,2525.0875,2583.785,2538.28,2272.125,1878.52,1523.9825,1537.8,2219.2475,2671.2925,2737.51,2960.045,2936.0724999999998,2994.8575,2816.7675,2626.1175000000003,2584.9750000000004,102.61,57.86,30.22,21.37,19.06,19.05,43.56,90.69,103.11,89.0,33.71,11.22,7.4,3.14,2.85,19.0,54.16,99.69,136.58,117.23,80.9,61.1,35.12,25.41,1,1,0,1,1,0,0,0,0,0,1,1,1,0,0,0,0,1,0,0,1,1,0,0
1126,2277.15,2076.73,1908.4025000000001,1990.805,2092.8,1723.73,2049.2174999999997,2452.5,2525.0875,2583.785,2538.28,2272.125,1878.52,1523.9825,1537.8,2219.2475,2671.2925,2737.51,2960.045,2936.0724999999998,2994.8575,2816.7675,2626.1175000000003,2584.9750000000004,102.61,57.86,30.22,21.37,19.06,19.05,43.56,90.69,103.11,89.0,33.71,11.22,7.4,3.14,2.85,19.0,54.16,99.69,136.58,117.23,80.9,61.1,35.12,25.41,0,1,0,0,0,1,0,1,1,1,0,0,0,0,0,0,1,1,1,0,0,1,1,0
1127,2277.15,2076.73,1908.4025000000001,1990.805,2092.8,1723.73,2049.2174999999997,2452.5,2525.0875,2583.785,2538.28,2272.125,1878.52,1523.9825,1537.8,2219.2475,2671.2925,2737.51,2960.045,2936.0724999999998,2994.8575,2816.7675,2626.1175000000003,2584.9750000000004,102.61,57.86,30.22,21.37,19.06,19.05,43.56,90.69,103.11,89.0,33.71,11.22,7.4,3.14,2.85,19.0,54.16,99.69,136.58,117.23,80.9,61.1,35.12,25.41,1,1,0,0,0,1,0,0,1,0,1,0,0,0,0,1,1,1,0,0,1,0,1,1
1128,2277.15,2076.73,1908.4025000000001,1990.805,2092.8,1723.73,2049.2174999999997,2452.5,2525.0875,2583.785,2538.28,2272.125,1878.52,1523.9825,1537.8,2219.2475,2671.2925,2737.51,2960.045,2936.0724999999998,2994.8575,2816.7675,2626.1175000000003,2584.9750000000004,28.31,27.04,25.8,20.11,14.94,20.11,41.81,58.7,70.1,44.59,20.1,4.29,2.43,1.67,10.81,34.89,70.65,129.19,163.66,102.7,88.19,79.94,69.01,40.3,0,0,0,1,1,0,1,0,1,1,0,0,1,1,1,1,1,1,0,0,1,0,0,1
1129,2277.15,2076.73,1908.4025000000001,1990.805,2092.8,1723.73,2049.2174999999997,2452.5,2525.0875,2583.785,2538.28,2272.125,1878.52,1523.9825,1537.8,2219.2475,2671.2925,2737.51,2960.045,2936.0724999999998,2994.8575,2816.7675,2626.1175000000003,2584.9750000000004,28.31,27.04,25.8,20.11,14.94,20.11,41.81,58.7,70.1,44.59,20.1,4.29,2.43,1.67,10.81,34.89,70.65,129.19,163.66,102.7,88.19,79.94,69.01,40.3,1,1,0,1,1,0,0,0,0,0,1,1,1,0,0,0,0,1,0,0,1,1,0,0
1130,2277.15,2076.73,1908.4025000000001,1990.805,2092.8,1723.73,2049.2174999999997,2452.5,2525.0875,2583.785,2538.28,2272.125,1878.52,1523.9825,1537.8,2219.2475,2671.2925,2737.51,2960.045,2936.0724999999998,2994.8575,2816.7675,2626.1175000000003,2584.9750000000004,28.31,27.04,25.8,20.11,14.94,20.11,41.81,58.7,70.1,44.59,20.1,4.29,2.43,1.67,10.81,34.89,70.65,129.19,163.66,102.7,88.19,79.94,69.01,40.3,0,1,0,0,0,1,0,1,1,1,0,0,0,0,0,0,1,1,1,0,0,1,1,0
1131,2277.15,2076.73,1908.4025000000001,1990.805,2092.8,1723.73,2049.2174999999997,2452.5,2525.0875,2583.785,2538.28,2272.125,1878.52,1523.9825,1537.8,2219.2475,2671.2925,2737.51,2960.045,2936.0724999999998,2994.8575,2816.7675,2626.1175000000003,2584.9750000000004,28.31,27.04,25.8,20.11,14.94,20.11,41.81,58.7,70.1,44.59,20.1,4.29,2.43,1.67,10.81,34.89,70.65,129.19,163.66,102.7,88.19,79.94,69.01,40.3,1,1,0,0,0,1,0,0,1,0,1,0,0,0,0,1,1,1,0,0,1,0,1,1
1132,2277.15,2076.73,1908.4025000000001,1990.805,2092.8,1723.73,2049.2174999999997,2452.5,2525.0875,2583.785,2538.28,2272.125,1878.52,1523.9825,1537.8,2219.2475,2671.2925,2737.51,2960.045,2936.0724999999998,2994.8575,2816.7675,2626.1175000000003,2584.9750000000004,65.55,54.39,32.29,20.11,20.1,42.51,52.96,65.9,62.85,61.23,25.3,13.26,4.0,4.04,10.11,30.07,32.66,74.91,64.54,42.3,29.85,25.33,25.52,20.1,0,0,0,1,1,0,1,0,1,1,0,0,1,1,1,1,1,1,0,0,1,0,0,1
1133,2277.15,2076.73,1908.4025000000001,1990.805,2092.8,1723.73,2049.2174999999997,2452.5,2525.0875,2583.785,2538.28,2272.125,1878.52,1523.9825,1537.8,2219.2475,2671.2925,2737.51,2960.045,2936.0724999999998,2994.8575,2816.7675,2626.1175000000003,2584.9750000000004,65.55,54.39,32.29,20.11,20.1,42.51,52.96,65.9,62.85,61.23,25.3,13.26,4.0,4.04,10.11,30.07,32.66,74.91,64.54,42.3,29.85,25.33,25.52,20.1,1,1,0,1,1,0,0,0,0,0,1,1,1,0,0,0,0,1,0,0,1,1,0,0
1134,2277.15,2076.73,1908.4025000000001,1990.805,2092.8,1723.73,2049.2174999999997,2452.5,2525.0875,2583.785,2538.28,2272.125,1878.52,1523.9825,1537.8,2219.2475,2671.2925,2737.51,2960.045,2936.0724999999998,2994.8575,2816.7675,2626.1175000000003,2584.9750000000004,65.55,54.39,32.29,20.11,20.1,42.51,52.96,65.9,62.85,61.23,25.3,13.26,4.0,4.04,10.11,30.07,32.66,74.91,64.54,42.3,29.85,25.33,25.52,20.1,0,1,0,0,0,1,0,1,1,1,0,0,0,0,0,0,1,1,1,0,0,1,1,0
1135,2277.15,2076.73,1908.4025000000001,1990.805,2092.8,1723.73,2049.2174999999997,2452.5,2525.0875,2583.785,2538.28,2272.125,1878.52,1523.9825,1537.8,2219.2475,2671.2925,2737.51,2960.045,2936.0724999999998,2994.8575,2816.7675,2626.1175000000003,2584.9750000000004,65.55,54.39,32.29,20.11,20.1,42.51,52.96,65.9,62.85,61.23,25.3,13.26,4.0,4.04,10.11,30.07,32.66,74.91,64.54,42.3,29.85,25.33,25.52,20.1,1,1,0,0,0,1,0,0,1,0,1,0,0,0,0,1,1,1,0,0,1,0,1,1
1136,2277.15,2076.73,1908.4025000000001,1990.805,2092.8,1723.73,2049.2174999999997,2452.5,2525.0875,2583.785,2538.28,2272.125,1878.52,1523.9825,1537.8,2219.2475,2671.2925,2737.51,2960.045,2936.0724999999998,2994.8575,2816.7675,2626.1175000000003,2584.9750000000004,4.0,4.0,4.0,4.0,9.8,4.0,16.04,43.93,39.29,12.6,0.34,-0.67,-0.7,-0.78,0.01,3.97,13.23,60.4,60.41,43.5,34.76,33.55,31.31,31.16,0,0,0,1,1,0,1,0,1,1,0,0,1,1,1,1,1,1,0,0,1,0,0,1
1137,2277.15,2076.73,1908.4025000000001,1990.805,2092.8,1723.73,2049.2174999999997,2452.5,2525.0875,2583.785,2538.28,2272.125,1878.52,1523.9825,1537.8,2219.2475,2671.2925,2737.51,2960.045,2936.0724999999998,2994.8575,2816.7675,2626.1175000000003,2584.9750000000004,4.0,4.0,4.0,4.0,9.8,4.0,16.04,43.93,39.29,12.6,0.34,-0.67,-0.7,-0.78,0.01,3.97,13.23,60.4,60.41,43.5,34.76,33.55,31.31,31.16,1,1,0,1,1,0,0,0,0,0,1,1,1,0,0,0,0,1,0,0,1,1,0,0
1138,2277.15,2076.73,1908.4025000000001,1990.805,2092.8,1723.73,2049.2174999999997,2452.5,2525.0875,2583.785,2538.28,2272.125,1878.52,1523.9825,1537.8,2219.2475,2671.2925,2737.51,2960.045,2936.0724999999998,2994.8575,2816.7675,2626.1175000000003,2584.9750000000004,4.0,4.0,4.0,4.0,9.8,4.0,16.04,43.93,39.29,12.6,0.34,-0.67,-0.7,-0.78,0.01,3.97,13.23,60.4,60.41,43.5,34.76,33.55,31.31,31.16,0,1,0,0,0,1,0,1,1,1,0,0,0,0,0,0,1,1,1,0,0,1,1,0
1139,2277.15,2076.73,1908.4025000000001,1990.805,2092.8,1723.73,2049.2174999999997,2452.5,2525.0875,2583.785,2538.28,2272.125,1878.52,1523.9825,1537.8,2219.2475,2671.2925,2737.51,2960.045,2936.0724999999998,2994.8575,2816.7675,2626.1175000000003,2584.9750000000004,4.0,4.0,4.0,4.0,9.8,4.0,16.04,43.93,39.29,12.6,0.34,-0.67,-0.7,-0.78,0.01,3.97,13.23,60.4,60.41,43.5,34.76,33.55,31.31,31.16,1,1,0,0,0,1,0,0,1,0,1,0,0,0,0,1,1,1,0,0,1,0,1,1
1140,2277.15,2076.73,1908.4025000000001,1990.805,2092.8,1723.73,2049.2174999999997,2452.5,2525.0875,2583.785,2538.28,2272.125,1878.52,1523.9825,1537.8,2219.2475,2671.2925,2737.51,2960.045,2936.0724999999998,2994.8575,2816.7675,2626.1175000000003,2584.9750000000004,30.3,29.53,35.47,39.26,47.4,65.97,93.16,139.44,108.51,78.7,50.47,4.02,0.08,0.02,13.16,63.61,99.2,129.7,165.36,149.11,125.64,106.63,101.47,91.11,0,0,0,1,1,0,1,0,1,1,0,0,1,1,1,1,1,1,0,0,1,0,0,1
1141,2277.15,2076.73,1908.4025000000001,1990.805,2092.8,1723.73,2049.2174999999997,2452.5,2525.0875,2583.785,2538.28,2272.125,1878.52,1523.9825,1537.8,2219.2475,2671.2925,2737.51,2960.045,2936.0724999999998,2994.8575,2816.7675,2626.1175000000003,2584.9750000000004,30.3,29.53,35.47,39.26,47.4,65.97,93.16,139.44,108.51,78.7,50.47,4.02,0.08,0.02,13.16,63.61,99.2,129.7,165.36,149.11,125.64,106.63,101.47,91.11,1,1,0,1,1,0,0,0,0,0,1,1,1,0,0,0,0,1,0,0,1,1,0,0
1142,2277.15,2076.73,1908.4025000000001,1990.805,2092.8,1723.73,2049.2174999999997,2452.5,2525.0875,2583.785,2538.28,2272.125,1878.52,1523.9825,1537.8,2219.2475,2671.2925,2737.51,2960.045,2936.0724999999998,2994.8575,2816.7675,2626.1175000000003,2584.9750000000004,30.3,29.53,35.47,39.26,47.4,65.97,93.16,139.44,108.51,78.7,50.47,4.02,0.08,0.02,13.16,63.61,99.2,129.7,165.36,149.11,125.64,106.63,101.47,91.11,0,1,0,0,0,1,0,1,1,1,0,0,0,0,0,0,1,1,1,0,0,1,1,0
1143,2277.15,2076.73,1908.4025000000001,1990.805,2092.8,1723.73,2049.2174999999997,2452.5,2525.0875,2583.785,2538.28,2272.125,1878.52,1523.9825,1537.8,2219.2475,2671.2925,2737.51,2960.045,2936.0724999999998,2994.8575,2816.7675,2626.1175000000003,2584.9750000000004,30.3,29.53,35.47,39.26,47.4,65.97,93.16,139.44,108.51,78.7,50.47,4.02,0.08,0.02,13.16,63.61,99.2,129.7,165.36,149.11,125.64,106.63,101.47,91.11,1,1,0,0,0,1,0,0,1,0,1,0,0,0,0,1,1,1,0,0,1,0,1,1
1144,2277.15,2076.73,1908.4025000000001,1990.805,2092.8,1723.73,2049.2174999999997,2452.5,2525.0875,2583.785,2538.28,2272.125,1878.52,1523.9825,1537.8,2219.2475,2671.2925,2737.51,2960.045,2936.0724999999998,2994.8575,2816.7675,2626.1175000000003,2584.9750000000004,90.27,90.27,91.38,91.69,98.13,115.16,135.67,147.7,122.23,83.0,65.3,31.51,13.08,8.08,37.05,90.15,126.99,149.92,216.65,178.68,148.7,132.4,119.11,111.83,0,0,0,1,1,0,1,0,1,1,0,0,1,1,1,1,1,1,0,0,1,0,0,1
1145,2277.15,2076.73,1908.4025000000001,1990.805,2092.8,1723.73,2049.2174999999997,2452.5,2525.0875,2583.785,2538.28,2272.125,1878.52,1523.9825,1537.8,2219.2475,2671.2925,2737.51,2960.045,2936.0724999999998,2994.8575,2816.7675,2626.1175000000003,2584.9750000000004,90.27,90.27,91.38,91.69,98.13,115.16,135.67,147.7,122.23,83.0,65.3,31.51,13.08,8.08,37.05,90.15,126.99,149.92,216.65,178.68,148.7,132.4,119.11,111.83,1,1,0,1,1,0,0,0,0,0,1,1,1,0,0,0,0,1,0,0,1,1,0,0
1146,2277.15,2076.73,1908.4025000000001,1990.805,2092.8,1723.73,2049.2174999999997,2452.5,2525.0875,2583.785,2538.28,2272.125,1878.52,1523.9825,1537.8,2219.2475,2671.2925,2737.51,2960.045,2936.0724999999998,2994.8575,2816.7675,2626.1175000000003,2584.9750000000004,90.27,90.27,91.38,91.69,98.13,115.16,135.67,147.7,122.23,83.0,65.3,31.51,13.08,8.08,37.05,90.15,126.99,149.92,216.65,178.68,148.7,132.4,119.11,111.83,0,1,0,0,0,1,0,1,1,1,0,0,0,0,0,0,1,1,1,0,0,1,1,0
1147,2277.15,2076.73,1908.4025000000001,1990.805,2092.8,1723.73,2049.2174999999997,2452.5,2525.0875,2583.785,2538.28,2272.125,1878.52,1523.9825,1537.8,2219.2475,2671.2925,2737.51,2960.045,2936.0724999999998,2994.8575,2816.7675,2626.1175000000003,2584.9750000000004,90.27,90.27,91.38,91.69,98.13,115.16,135.67,147.7,122.23,83.0,65.3,31.51,13.08,8.08,37.05,90.15,126.99,149.92,216.65,178.68,148.7,132.4,119.11,111.83,1,1,0,0,0,1,0,0,1,0,1,0,0,0,0,1,1,1,0,0,1,0,1,1
1148,2277.15,2076.73,1908.4025000000001,1990.805,2092.8,1723.73,2049.2174999999997,2452.5,2525.0875,2583.785,2538.28,2272.125,1878.52,1523.9825,1537.8,2219.2475,2671.2925,2737.51,2960.045,2936.0724999999998,2994.8575,2816.7675,2626.1175000000003,2584.9750000000004,124.97,113.94,117.22,116.76,118.42,121.3,127.82,120.6,98.05,72.54,18.05,2.07,-0.33,-0.1,2.76,53.53,100.87,145.58,174.04,140.03,111.21,100.01,99.24,97.9,0,0,0,1,1,0,1,0,1,1,0,0,1,1,1,1,1,1,0,0,1,0,0,1
1149,2277.15,2076.73,1908.4025000000001,1990.805,2092.8,1723.73,2049.2174999999997,2452.5,2525.0875,2583.785,2538.28,2272.125,1878.52,1523.9825,1537.8,2219.2475,2671.2925,2737.51,2960.045,2936.0724999999998,2994.8575,2816.7675,2626.1175000000003,2584.9750000000004,124.97,113.94,117.22,116.76,118.42,121.3,127.82,120.6,98.05,72.54,18.05,2.07,-0.33,-0.1,2.76,53.53,100.87,145.58,174.04,140.03,111.21,100.01,99.24,97.9,1,1,0,1,1,0,0,0,0,0,1,1,1,0,0,0,0,1,0,0,1,1,0,0
1150,2277.15,2076.73,1908.4025000000001,1990.805,2092.8,1723.73,2049.2174999999997,2452.5,2525.0875,2583.785,2538.28,2272.125,1878.52,1523.9825,1537.8,2219.2475,2671.2925,2737.51,2960.045,2936.0724999999998,2994.8575,2816.7675,2626.1175000000003,2584.9750000000004,124.97,113.94,117.22,116.76,118.42,121.3,127.82,120.6,98.05,72.54,18.05,2.07,-0.33,-0.1,2.76,53.53,100.87,145.58,174.04,140.03,111.21,100.01,99.24,97.9,0,1,0,0,0,1,0,1,1,1,0,0,0,0,0,0,1,1,1,0,0,1,1,0
1151,2277.15,2076.73,1908.4025000000001,1990.805,2092.8,1723.73,2049.2174999999997,2452.5,2525.0875,2583.785,2538.28,2272.125,1878.52,1523.9825,1537.8,2219.2475,2671.2925,2737.51,2960.045,2936.0724999999998,2994.8575,2816.7675,2626.1175000000003,2584.9750000000004,124.97,113.94,117.22,116.76,118.42,121.3,127.82,120.6,98.05,72.54,18.05,2.07,-0.33,-0.1,2.76,53.53,100.87,145.58,174.04,140.03,111.21,100.01,99.24,97.9,1,1,0,0,0,1,0,0,1,0,1,0,0,0,0,1,1,1,0,0,1,0,1,1
1152,2277.15,2076.73,1908.4025000000001,1990.805,2092.8,1723.73,2049.2174999999997,2452.5,2525.0875,2583.785,2538.28,2272.125,1878.52,1523.9825,1537.8,2219.2475,2671.2925,2737.51,2960.045,2936.0724999999998,2994.8575,2816.7675,2626.1175000000003,2584.9750000000004,95.19,94.81,94.44,96.51,98.67,101.51,100.0,93.0,59.02,24.41,21.32,3.95,1.29,3.95,11.03,28.01,68.99,107.86,134.15,132.71,114.54,107.87,104.56,103.64,0,0,0,1,1,0,1,0,1,1,0,0,1,1,1,1,1,1,0,0,1,0,0,1
1153,2277.15,2076.73,1908.4025000000001,1990.805,2092.8,1723.73,2049.2174999999997,2452.5,2525.0875,2583.785,2538.28,2272.125,1878.52,1523.9825,1537.8,2219.2475,2671.2925,2737.51,2960.045,2936.0724999999998,2994.8575,2816.7675,2626.1175000000003,2584.9750000000004,95.19,94.81,94.44,96.51,98.67,101.51,100.0,93.0,59.02,24.41,21.32,3.95,1.29,3.95,11.03,28.01,68.99,107.86,134.15,132.71,114.54,107.87,104.56,103.64,1,1,0,1,1,0,0,0,0,0,1,1,1,0,0,0,0,1,0,0,1,1,0,0
1154,2277.15,2076.73,1908.4025000000001,1990.805,2092.8,1723.73,2049.2174999999997,2452.5,2525.0875,2583.785,2538.28,2272.125,1878.52,1523.9825,1537.8,2219.2475,2671.2925,2737.51,2960.045,2936.0724999999998,2994.8575,2816.7675,2626.1175000000003,2584.9750000000004,95.19,94.81,94.44,96.51,98.67,101.51,100.0,93.0,59.02,24.41,21.32,3.95,1.29,3.95,11.03,28.01,68.99,107.86,134.15,132.71,114.54,107.87,104.56,103.64,0,1,0,0,0,1,0,1,1,1,0,0,0,0,0,0,1,1,1,0,0,1,1,0
1155,2277.15,2076.73,1908.4025000000001,1990.805,2092.8,1723.73,2049.2174999999997,2452.5,2525.0875,2583.785,2538.28,2272.125,1878.52,1523.9825,1537.8,2219.2475,2671.2925,2737.51,2960.045,2936.0724999999998,2994.8575,2816.7675,2626.1175000000003,2584.9750000000004,95.19,94.81,94.44,96.51,98.67,101.51,100.0,93.0,59.02,24.41,21.32,3.95,1.29,3.95,11.03,28.01,68.99,107.86,134.15,132.71,114.54,107.87,104.56,103.64,1,1,0,0,0,1,0,0,1,0,1,0,0,0,0,1,1,1,0,0,1,0,1,1
1156,2277.15,2076.73,1908.4025000000001,1990.805,2092.8,1723.73,2049.2174999999997,2452.5,2525.0875,2583.785,2538.28,2272.125,1878.52,1523.9825,1537.8,2219.2475,2671.2925,2737.51,2960.045,2936.0724999999998,2994.8575,2816.7675,2626.1175000000003,2584.9750000000004,95.84,94.92,96.7,96.86,89.98,101.13,148.63,159.87,134.08,98.92,84.44,77.92,76.06,77.36,83.96,97.54,127.59,148.1,175.06,160.4,142.28,126.68,106.87,97.93,0,0,0,1,1,0,1,0,1,1,0,0,1,1,1,1,1,1,0,0,1,0,0,1
1157,2277.15,2076.73,1908.4025000000001,1990.805,2092.8,1723.73,2049.2174999999997,2452.5,2525.0875,2583.785,2538.28,2272.125,1878.52,1523.9825,1537.8,2219.2475,2671.2925,2737.51,2960.045,2936.0724999999998,2994.8575,2816.7675,2626.1175000000003,2584.9750000000004,95.84,94.92,96.7,96.86,89.98,101.13,148.63,159.87,134.08,98.92,84.44,77.92,76.06,77.36,83.96,97.54,127.59,148.1,175.06,160.4,142.28,126.68,106.87,97.93,1,1,0,1,1,0,0,0,0,0,1,1,1,0,0,0,0,1,0,0,1,1,0,0
1158,2277.15,2076.73,1908.4025000000001,1990.805,2092.8,1723.73,2049.2174999999997,2452.5,2525.0875,2583.785,2538.28,2272.125,1878.52,1523.9825,1537.8,2219.2475,2671.2925,2737.51,2960.045,2936.0724999999998,2994.8575,2816.7675,2626.1175000000003,2584.9750000000004,95.84,94.92,96.7,96.86,89.98,101.13,148.63,159.87,134.08,98.92,84.44,77.92,76.06,77.36,83.96,97.54,127.59,148.1,175.06,160.4,142.28,126.68,106.87,97.93,0,1,0,0,0,1,0,1,1,1,0,0,0,0,0,0,1,1,1,0,0,1,1,0
1159,2277.15,2076.73,1908.4025000000001,1990.805,2092.8,1723.73,2049.2174999999997,2452.5,2525.0875,2583.785,2538.28,2272.125,1878.52,1523.9825,1537.8,2219.2475,2671.2925,2737.51,2960.045,2936.0724999999998,2994.8575,2816.7675,2626.1175000000003,2584.9750000000004,95.84,94.92,96.7,96.86,89.98,101.13,148.63,159.87,134.08,98.92,84.44,77.92,76.06,77.36,83.96,97.54,127.59,148.1,175.06,160.4,142.28,126.68,106.87,97.93,1,1,0,0,0,1,0,0,1,0,1,0,0,0,0,1,1,1,0,0,1,0,1,1
1160,2277.15,2076.73,1908.4025000000001,1990.805,2092.8,1723.73,2049.2174999999997,2452.5,2525.0875,2583.785,2538.28,2272.125,1878.52,1523.9825,1537.8,2219.2475,2671.2925,2737.51,2960.045,2936.0724999999998,2994.8575,2816.7675,2626.1175000000003,2584.9750000000004,104.39,101.79,99.72,100.48,102.51,110.88,148.14,153.09,146.54,128.53,102.0,97.48,96.45,98.39,102.35,112.84,132.9,172.03,205.15,181.06,149.49,133.05,121.27,107.36,0,0,0,1,1,0,1,0,1,1,0,0,1,1,1,1,1,1,0,0,1,0,0,1
1161,2277.15,2076.73,1908.4025000000001,1990.805,2092.8,1723.73,2049.2174999999997,2452.5,2525.0875,2583.785,2538.28,2272.125,1878.52,1523.9825,1537.8,2219.2475,2671.2925,2737.51,2960.045,2936.0724999999998,2994.8575,2816.7675,2626.1175000000003,2584.9750000000004,104.39,101.79,99.72,100.48,102.51,110.88,148.14,153.09,146.54,128.53,102.0,97.48,96.45,98.39,102.35,112.84,132.9,172.03,205.15,181.06,149.49,133.05,121.27,107.36,1,1,0,1,1,0,0,0,0,0,1,1,1,0,0,0,0,1,0,0,1,1,0,0
1162,2277.15,2076.73,1908.4025000000001,1990.805,2092.8,1723.73,2049.2174999999997,2452.5,2525.0875,2583.785,2538.28,2272.125,1878.52,1523.9825,1537.8,2219.2475,2671.2925,2737.51,2960.045,2936.0724999999998,2994.8575,2816.7675,2626.1175000000003,2584.9750000000004,104.39,101.79,99.72,100.48,102.51,110.88,148.14,153.09,146.54,128.53,102.0,97.48,96.45,98.39,102.35,112.84,132.9,172.03,205.15,181.06,149.49,133.05,121.27,107.36,0,1,0,0,0,1,0,1,1,1,0,0,0,0,0,0,1,1,1,0,0,1,1,0
1163,2277.15,2076.73,1908.4025000000001,1990.805,2092.8,1723.73,2049.2174999999997,2452.5,2525.0875,2583.785,2538.28,2272.125,1878.52,1523.9825,1537.8,2219.2475,2671.2925,2737.51,2960.045,2936.0724999999998,2994.8575,2816.7675,2626.1175000000003,2584.9750000000004,104.39,101.79,99.72,100.48,102.51,110.88,148.14,153.09,146.54,128.53,102.0,97.48,96.45,98.39,102.35,112.84,132.9,172.03,205.15,181.06,149.49,133.05,121.27,107.36,1,1,0,0,0,1,0,0,1,0,1,0,0,0,0,1,1,1,0,0,1,0,1,1
1164,2277.15,2076.73,1908.4025000000001,1990.805,2092.8,1723.73,2049.2174999999997,2452.5,2525.0875,2583.785,2538.28,2272.125,1878.52,1523.9825,1537.8,2219.2475,2671.2925,2737.51,2960.045,2936.0724999999998,2994.8575,2816.7675,2626.1175000000003,2584.9750000000004,101.74,100.11,97.82,97.43,101.85,110.37,144.57,161.75,148.49,125.02,102.64,99.73,98.11,99.95,101.69,117.81,140.35,159.04,199.9,179.58,148.09,132.26,120.02,109.91,0,0,0,1,1,0,1,0,1,1,0,0,1,1,1,1,1,1,0,0,1,0,0,1
1165,2277.15,2076.73,1908.4025000000001,1990.805,2092.8,1723.73,2049.2174999999997,2452.5,2525.0875,2583.785,2538.28,2272.125,1878.52,1523.9825,1537.8,2219.2475,2671.2925,2737.51,2960.045,2936.0724999999998,2994.8575,2816.7675,2626.1175000000003,2584.9750000000004,101.74,100.11,97.82,97.43,101.85,110.37,144.57,161.75,148.49,125.02,102.64,99.73,98.11,99.95,101.69,117.81,140.35,159.04,199.9,179.58,148.09,132.26,120.02,109.91,1,1,0,1,1,0,0,0,0,0,1,1,1,0,0,0,0,1,0,0,1,1,0,0
1166,2277.15,2076.73,1908.4025000000001,1990.805,2092.8,1723.73,2049.2174999999997,2452.5,2525.0875,2583.785,2538.28,2272.125,1878.52,1523.9825,1537.8,2219.2475,2671.2925,2737.51,2960.045,2936.0724999999998,2994.8575,2816.7675,2626.1175000000003,2584.9750000000004,101.74,100.11,97.82,97.43,101.85,110.37,144.57,161.75,148.49,125.02,102.64,99.73,98.11,99.95,101.69,117.81,140.35,159.04,199.9,179.58,148.09,132.26,120.02,109.91,0,1,0,0,0,1,0,1,1,1,0,0,0,0,0,0,1,1,1,0,0,1,1,0
1167,2277.15,2076.73,1908.4025000000001,1990.805,2092.8,1723.73,2049.2174999999997,2452.5,2525.0875,2583.785,2538.28,2272.125,1878.52,1523.9825,1537.8,2219.2475,2671.2925,2737.51,2960.045,2936.0724999999998,2994.8575,2816.7675,2626.1175000000003,2584.9750000000004,101.74,100.11,97.82,97.43,101.85,110.37,144.57,161.75,148.49,125.02,102.64,99.73,98.11,99.95,101.69,117.81,140.35,159.04,199.9,179.58,148.09,132.26,120.02,109.91,1,1,0,0,0,1,0,0,1,0,1,0,0,0,0,1,1,1,0,0,1,0,1,1
1168,2277.15,2076.73,1908.4025000000001,1990.805,2092.8,1723.73,2049.2174999999997,2452.5,2525.0875,2583.785,2538.28,2272.125,1878.52,1523.9825,1537.8,2219.2475,2671.2925,2737.51,2960.045,2936.0724999999998,2994.8575,2816.7675,2626.1175000000003,2584.9750000000004,108.49,102.22,98.96,96.69,98.33,105.87,132.7,160.74,160.99,154.8,123.84,110.75,110.08,108.28,107.6,110.02,121.56,142.95,166.09,173.42,148.99,135.69,123.41,111.53,0,0,0,1,1,0,1,0,1,1,0,0,1,1,1,1,1,1,0,0,1,0,0,1
1169,2277.15,2076.73,1908.4025000000001,1990.805,2092.8,1723.73,2049.2174999999997,2452.5,2525.0875,2583.785,2538.28,2272.125,1878.52,1523.9825,1537.8,2219.2475,2671.2925,2737.51,2960.045,2936.0724999999998,2994.8575,2816.7675,2626.1175000000003,2584.9750000000004,108.49,102.22,98.96,96.69,98.33,105.87,132.7,160.74,160.99,154.8,123.84,110.75,110.08,108.28,107.6,110.02,121.56,142.95,166.09,173.42,148.99,135.69,123.41,111.53,1,1,0,1,1,0,0,0,0,0,1,1,1,0,0,0,0,1,0,0,1,1,0,0
1170,2277.15,2076.73,1908.4025000000001,1990.805,2092.8,1723.73,2049.2174999999997,2452.5,2525.0875,2583.785,2538.28,2272.125,1878.52,1523.9825,1537.8,2219.2475,2671.2925,2737.51,2960.045,2936.0724999999998,2994.8575,2816.7675,2626.1175000000003,2584.9750000000004,108.49,102.22,98.96,96.69,98.33,105.87,132.7,160.74,160.99,154.8,123.84,110.75,110.08,108.28,107.6,110.02,121.56,142.95,166.09,173.42,148.99,135.69,123.41,111.53,0,1,0,0,0,1,0,1,1,1,0,0,0,0,0,0,1,1,1,0,0,1,1,0
1171,2277.15,2076.73,1908.4025000000001,1990.805,2092.8,1723.73,2049.2174999999997,2452.5,2525.0875,2583.785,2538.28,2272.125,1878.52,1523.9825,1537.8,2219.2475,2671.2925,2737.51,2960.045,2936.0724999999998,2994.8575,2816.7675,2626.1175000000003,2584.9750000000004,108.49,102.22,98.96,96.69,98.33,105.87,132.7,160.74,160.99,154.8,123.84,110.75,110.08,108.28,107.6,110.02,121.56,142.95,166.09,173.42,148.99,135.69,123.41,111.53,1,1,0,0,0,1,0,0,1,0,1,0,0,0,0,1,1,1,0,0,1,0,1,1
1172,2277.15,2076.73,1908.4025000000001,1990.805,2092.8,1723.73,2049.2174999999997,2452.5,2525.0875,2583.785,2538.28,2272.125,1878.52,1523.9825,1537.8,2219.2475,2671.2925,2737.51,2960.045,2936.0724999999998,2994.8575,2816.7675,2626.1175000000003,2584.9750000000004,109.19,106.08,105.97,103.89,105.37,114.08,143.05,155.29,155.08,132.11,112.01,106.37,104.49,104.58,105.38,109.42,124.93,146.56,155.47,151.02,130.1,111.46,114.0,105.15,0,0,0,1,1,0,1,0,1,1,0,0,1,1,1,1,1,1,0,0,1,0,0,1
1173,2277.15,2076.73,1908.4025000000001,1990.805,2092.8,1723.73,2049.2174999999997,2452.5,2525.0875,2583.785,2538.28,2272.125,1878.52,1523.9825,1537.8,2219.2475,2671.2925,2737.51,2960.045,2936.0724999999998,2994.8575,2816.7675,2626.1175000000003,2584.9750000000004,109.19,106.08,105.97,103.89,105.37,114.08,143.05,155.29,155.08,132.11,112.01,106.37,104.49,104.58,105.38,109.42,124.93,146.56,155.47,151.02,130.1,111.46,114.0,105.15,1,1,0,1,1,0,0,0,0,0,1,1,1,0,0,0,0,1,0,0,1,1,0,0
1174,2277.15,2076.73,1908.4025000000001,1990.805,2092.8,1723.73,2049.2174999999997,2452.5,2525.0875,2583.785,2538.28,2272.125,1878.52,1523.9825,1537.8,2219.2475,2671.2925,2737.51,2960.045,2936.0724999999998,2994.8575,2816.7675,2626.1175000000003,2584.9750000000004,109.19,106.08,105.97,103.89,105.37,114.08,143.05,155.29,155.08,132.11,112.01,106.37,104.49,104.58,105.38,109.42,124.93,146.56,155.47,151.02,130.1,111.46,114.0,105.15,0,1,0,0,0,1,0,1,1,1,0,0,0,0,0,0,1,1,1,0,0,1,1,0
1175,2277.15,2076.73,1908.4025000000001,1990.805,2092.8,1723.73,2049.2174999999997,2452.5,2525.0875,2583.785,2538.28,2272.125,1878.52,1523.9825,1537.8,2219.2475,2671.2925,2737.51,2960.045,2936.0724999999998,2994.8575,2816.7675,2626.1175000000003,2584.9750000000004,109.19,106.08,105.97,103.89,105.37,114.08,143.05,155.29,155.08,132.11,112.01,106.37,104.49,104.58,105.38,109.42,124.93,146.56,155.47,151.02,130.1,111.46,114.0,105.15,1,1,0,0,0,1,0,0,1,0,1,0,0,0,0,1,1,1,0,0,1,0,1,1
1176,2277.15,2076.73,1908.4025000000001,1990.805,2092.8,1723.73,2049.2174999999997,2452.5,2525.0875,2583.785,2538.28,2272.125,1878.52,1523.9825,1537.8,2219.2475,2671.2925,2737.51,2960.045,2936.0724999999998,2994.8575,2816.7675,2626.1175000000003,2584.9750000000004,112.16,103.15,96.0,89.89,86.89,90.55,97.0,99.38,98.73,86.36,72.35,67.12,57.28,47.96,54.46,70.76,84.2,121.87,130.26,132.91,121.41,108.46,104.98,95.21,0,0,0,1,1,0,1,0,1,1,0,0,1,1,1,1,1,1,0,0,1,0,0,1
1177,2277.15,2076.73,1908.4025000000001,1990.805,2092.8,1723.73,2049.2174999999997,2452.5,2525.0875,2583.785,2538.28,2272.125,1878.52,1523.9825,1537.8,2219.2475,2671.2925,2737.51,2960.045,2936.0724999999998,2994.8575,2816.7675,2626.1175000000003,2584.9750000000004,112.16,103.15,96.0,89.89,86.89,90.55,97.0,99.38,98.73,86.36,72.35,67.12,57.28,47.96,54.46,70.76,84.2,121.87,130.26,132.91,121.41,108.46,104.98,95.21,1,1,0,1,1,0,0,0,0,0,1,1,1,0,0,0,0,1,0,0,1,1,0,0
1178,2277.15,2076.73,1908.4025000000001,1990.805,2092.8,1723.73,2049.2174999999997,2452.5,2525.0875,2583.785,2538.28,2272.125,1878.52,1523.9825,1537.8,2219.2475,2671.2925,2737.51,2960.045,2936.0724999999998,2994.8575,2816.7675,2626.1175000000003,2584.9750000000004,112.16,103.15,96.0,89.89,86.89,90.55,97.0,99.38,98.73,86.36,72.35,67.12,57.28,47.96,54.46,70.76,84.2,121.87,130.26,132.91,121.41,108.46,104.98,95.21,0,1,0,0,0,1,0,1,1,1,0,0,0,0,0,0,1,1,1,0,0,1,1,0
1179,2277.15,2076.73,1908.4025000000001,1990.805,2092.8,1723.73,2049.2174999999997,2452.5,2525.0875,2583.785,2538.28,2272.125,1878.52,1523.9825,1537.8,2219.2475,2671.2925,2737.51,2960.045,2936.0724999999998,2994.8575,2816.7675,2626.1175000000003,2584.9750000000004,112.16,103.15,96.0,89.89,86.89,90.55,97.0,99.38,98.73,86.36,72.35,67.12,57.28,47.96,54.46,70.76,84.2,121.87,130.26,132.91,121.41,108.46,104.98,95.21,1,1,0,0,0,1,0,0,1,0,1,0,0,0,0,1,1,1,0,0,1,0,1,1
1180,2277.15,2076.73,1908.4025000000001,1990.805,2092.8,1723.73,2049.2174999999997,2452.5,2525.0875,2583.785,2538.28,2272.125,1878.52,1523.9825,1537.8,2219.2475,2671.2925,2737.51,2960.045,2936.0724999999998,2994.8575,2816.7675,2626.1175000000003,2584.9750000000004,89.97,85.75,79.57,78.15,78.55,29.41,30.14,30.7,30.5,28.73,24.06,2.9,1.01,0.19,2.67,30.81,59.97,94.68,83.61,45.54,31.49,31.1,30.69,30.44,0,0,0,1,1,0,1,0,1,1,0,0,1,1,1,1,1,1,0,0,1,0,0,1
1181,2277.15,2076.73,1908.4025000000001,1990.805,2092.8,1723.73,2049.2174999999997,2452.5,2525.0875,2583.785,2538.28,2272.125,1878.52,1523.9825,1537.8,2219.2475,2671.2925,2737.51,2960.045,2936.0724999999998,2994.8575,2816.7675,2626.1175000000003,2584.9750000000004,89.97,85.75,79.57,78.15,78.55,29.41,30.14,30.7,30.5,28.73,24.06,2.9,1.01,0.19,2.67,30.81,59.97,94.68,83.61,45.54,31.49,31.1,30.69,30.44,1,1,0,1,1,0,0,0,0,0,1,1,1,0,0,0,0,1,0,0,1,1,0,0
1182,2277.15,2076.73,1908.4025000000001,1990.805,2092.8,1723.73,2049.2174999999997,2452.5,2525.0875,2583.785,2538.28,2272.125,1878.52,1523.9825,1537.8,2219.2475,2671.2925,2737.51,2960.045,2936.0724999999998,2994.8575,2816.7675,2626.1175000000003,2584.9750000000004,89.97,85.75,79.57,78.15,78.55,29.41,30.14,30.7,30.5,28.73,24.06,2.9,1.01,0.19,2.67,30.81,59.97,94.68,83.61,45.54,31.49,31.1,30.69,30.44,0,1,0,0,0,1,0,1,1,1,0,0,0,0,0,0,1,1,1,0,0,1,1,0
1183,2277.15,2076.73,1908.4025000000001,1990.805,2092.8,1723.73,2049.2174999999997,2452.5,2525.0875,2583.785,2538.28,2272.125,1878.52,1523.9825,1537.8,2219.2475,2671.2925,2737.51,2960.045,2936.0724999999998,2994.8575,2816.7675,2626.1175000000003,2584.9750000000004,89.97,85.75,79.57,78.15,78.55,29.41,30.14,30.7,30.5,28.73,24.06,2.9,1.01,0.19,2.67,30.81,59.97,94.68,83.61,45.54,31.49,31.1,30.69,30.44,1,1,0,0,0,1,0,0,1,0,1,0,0,0,0,1,1,1,0,0,1,0,1,1
1184,2277.15,2076.73,1908.4025000000001,1990.805,2092.8,1723.73,2049.2174999999997,2452.5,2525.0875,2583.785,2538.28,2272.125,1878.52,1523.9825,1537.8,2219.2475,2671.2925,2737.51,2960.045,2936.0724999999998,2994.8575,2816.7675,2626.1175000000003,2584.9750000000004,30.66,40.11,77.6,80.9,85.84,103.33,135.26,152.96,135.32,100.77,68.2,50.53,31.14,27.92,50.12,70.02,98.59,143.14,177.42,170.09,141.58,113.55,106.46,93.49,0,0,0,1,1,0,1,0,1,1,0,0,1,1,1,1,1,1,0,0,1,0,0,1
1185,2277.15,2076.73,1908.4025000000001,1990.805,2092.8,1723.73,2049.2174999999997,2452.5,2525.0875,2583.785,2538.28,2272.125,1878.52,1523.9825,1537.8,2219.2475,2671.2925,2737.51,2960.045,2936.0724999999998,2994.8575,2816.7675,2626.1175000000003,2584.9750000000004,30.66,40.11,77.6,80.9,85.84,103.33,135.26,152.96,135.32,100.77,68.2,50.53,31.14,27.92,50.12,70.02,98.59,143.14,177.42,170.09,141.58,113.55,106.46,93.49,1,1,0,1,1,0,0,0,0,0,1,1,1,0,0,0,0,1,0,0,1,1,0,0
1186,2277.15,2076.73,1908.4025000000001,1990.805,2092.8,1723.73,2049.2174999999997,2452.5,2525.0875,2583.785,2538.28,2272.125,1878.52,1523.9825,1537.8,2219.2475,2671.2925,2737.51,2960.045,2936.0724999999998,2994.8575,2816.7675,2626.1175000000003,2584.9750000000004,30.66,40.11,77.6,80.9,85.84,103.33,135.26,152.96,135.32,100.77,68.2,50.53,31.14,27.92,50.12,70.02,98.59,143.14,177.42,170.09,141.58,113.55,106.46,93.49,0,1,0,0,0,1,0,1,1,1,0,0,0,0,0,0,1,1,1,0,0,1,1,0
1187,2277.15,2076.73,1908.4025000000001,1990.805,2092.8,1723.73,2049.2174999999997,2452.5,2525.0875,2583.785,2538.28,2272.125,1878.52,1523.9825,1537.8,2219.2475,2671.2925,2737.51,2960.045,2936.0724999999998,2994.8575,2816.7675,2626.1175000000003,2584.9750000000004,30.66,40.11,77.6,80.9,85.84,103.33,135.26,152.96,135.32,100.77,68.2,50.53,31.14,27.92,50.12,70.02,98.59,143.14,177.42,170.09,141.58,113.55,106.46,93.49,1,1,0,0,0,1,0,0,1,0,1,0,0,0,0,1,1,1,0,0,1,0,1,1
1188,2277.15,2076.73,1908.4025000000001,1990.805,2092.8,1723.73,2049.2174999999997,2452.5,2525.0875,2583.785,2538.28,2272.125,1878.52,1523.9825,1537.8,2219.2475,2671.2925,2737.51,2960.045,2936.0724999999998,2994.8575,2816.7675,2626.1175000000003,2584.9750000000004,92.18,89.96,89.71,67.1,69.44,102.28,128.02,136.73,106.56,68.46,27.24,1.79,-0.2,-0.28,17.36,38.6,96.03,141.1,171.17,167.77,142.51,117.77,107.46,100.5,0,0,0,1,1,0,1,0,1,1,0,0,1,1,1,1,1,1,0,0,1,0,0,1
1189,2277.15,2076.73,1908.4025000000001,1990.805,2092.8,1723.73,2049.2174999999997,2452.5,2525.0875,2583.785,2538.28,2272.125,1878.52,1523.9825,1537.8,2219.2475,2671.2925,2737.51,2960.045,2936.0724999999998,2994.8575,2816.7675,2626.1175000000003,2584.9750000000004,92.18,89.96,89.71,67.1,69.44,102.28,128.02,136.73,106.56,68.46,27.24,1.79,-0.2,-0.28,17.36,38.6,96.03,141.1,171.17,167.77,142.51,117.77,107.46,100.5,1,1,0,1,1,0,0,0,0,0,1,1,1,0,0,0,0,1,0,0,1,1,0,0
1190,2277.15,2076.73,1908.4025000000001,1990.805,2092.8,1723.73,2049.2174999999997,2452.5,2525.0875,2583.785,2538.28,2272.125,1878.52,1523.9825,1537.8,2219.2475,2671.2925,2737.51,2960.045,2936.0724999999998,2994.8575,2816.7675,2626.1175000000003,2584.9750000000004,92.18,89.96,89.71,67.1,69.44,102.28,128.02,136.73,106.56,68.46,27.24,1.79,-0.2,-0.28,17.36,38.6,96.03,141.1,171.17,167.77,142.51,117.77,107.46,100.5,0,1,0,0,0,1,0,1,1,1,0,0,0,0,0,0,1,1,1,0,0,1,1,0
1191,2277.15,2076.73,1908.4025000000001,1990.805,2092.8,1723.73,2049.2174999999997,2452.5,2525.0875,2583.785,2538.28,2272.125,1878.52,1523.9825,1537.8,2219.2475,2671.2925,2737.51,2960.045,2936.0724999999998,2994.8575,2816.7675,2626.1175000000003,2584.9750000000004,92.18,89.96,89.71,67.1,69.44,102.28,128.02,136.73,106.56,68.46,27.24,1.79,-0.2,-0.28,17.36,38.6,96.03,141.1,171.17,167.77,142.51,117.77,107.46,100.5,1,1,0,0,0,1,0,0,1,0,1,0,0,0,0,1,1,1,0,0,1,0,1,1
1192,2277.15,2076.73,1908.4025000000001,1990.805,2092.8,1723.73,2049.2174999999997,2452.5,2525.0875,2583.785,2538.28,2272.125,1878.52,1523.9825,1537.8,2219.2475,2671.2925,2737.51,2960.045,2936.0724999999998,2994.8575,2816.7675,2626.1175000000003,2584.9750000000004,204.12,101.46,97.67,98.58,101.74,110.71,153.27,140.98,99.91,76.08,38.9,6.7,3.13,3.41,30.98,62.63,120.26,154.93,279.34,251.99,163.48,136.61,124.83,117.5,0,0,0,1,1,0,1,0,1,1,0,0,1,1,1,1,1,1,0,0,1,0,0,1
1193,2277.15,2076.73,1908.4025000000001,1990.805,2092.8,1723.73,2049.2174999999997,2452.5,2525.0875,2583.785,2538.28,2272.125,1878.52,1523.9825,1537.8,2219.2475,2671.2925,2737.51,2960.045,2936.0724999999998,2994.8575,2816.7675,2626.1175000000003,2584.9750000000004,204.12,101.46,97.67,98.58,101.74,110.71,153.27,140.98,99.91,76.08,38.9,6.7,3.13,3.41,30.98,62.63,120.26,154.93,279.34,251.99,163.48,136.61,124.83,117.5,1,1,0,1,1,0,0,0,0,0,1,1,1,0,0,0,0,1,0,0,1,1,0,0
1194,2277.15,2076.73,1908.4025000000001,1990.805,2092.8,1723.73,2049.2174999999997,2452.5,2525.0875,2583.785,2538.28,2272.125,1878.52,1523.9825,1537.8,2219.2475,2671.2925,2737.51,2960.045,2936.0724999999998,2994.8575,2816.7675,2626.1175000000003,2584.9750000000004,204.12,101.46,97.67,98.58,101.74,110.71,153.27,140.98,99.91,76.08,38.9,6.7,3.13,3.41,30.98,62.63,120.26,154.93,279.34,251.99,163.48,136.61,124.83,117.5,0,1,0,0,0,1,0,1,1,1,0,0,0,0,0,0,1,1,1,0,0,1,1,0
1195,2277.15,2076.73,1908.4025000000001,1990.805,2092.8,1723.73,2049.2174999999997,2452.5,2525.0875,2583.785,2538.28,2272.125,1878.52,1523.9825,1537.8,2219.2475,2671.2925,2737.51,2960.045,2936.0724999999998,2994.8575,2816.7675,2626.1175000000003,2584.9750000000004,204.12,101.46,97.67,98.58,101.74,110.71,153.27,140.98,99.91,76.08,38.9,6.7,3.13,3.41,30.98,62.63,120.26,154.93,279.34,251.99,163.48,136.61,124.83,117.5,1,1,0,0,0,1,0,0,1,0,1,0,0,0,0,1,1,1,0,0,1,0,1,1
1196,2277.15,2076.73,1908.4025000000001,1990.805,2092.8,1723.73,2049.2174999999997,2452.5,2525.0875,2583.785,2538.28,2272.125,1878.52,1523.9825,1537.8,2219.2475,2671.2925,2737.51,2960.045,2936.0724999999998,2994.8575,2816.7675,2626.1175000000003,2584.9750000000004,107.45,102.55,101.34,102.15,106.74,122.73,158.29,147.93,108.19,73.39,28.86,3.96,-0.56,-0.16,27.42,40.28,109.8,147.64,248.27,220.53,176.9,138.38,124.58,111.27,0,0,0,1,1,0,1,0,1,1,0,0,1,1,1,1,1,1,0,0,1,0,0,1
1197,2277.15,2076.73,1908.4025000000001,1990.805,2092.8,1723.73,2049.2174999999997,2452.5,2525.0875,2583.785,2538.28,2272.125,1878.52,1523.9825,1537.8,2219.2475,2671.2925,2737.51,2960.045,2936.0724999999998,2994.8575,2816.7675,2626.1175000000003,2584.9750000000004,107.45,102.55,101.34,102.15,106.74,122.73,158.29,147.93,108.19,73.39,28.86,3.96,-0.56,-0.16,27.42,40.28,109.8,147.64,248.27,220.53,176.9,138.38,124.58,111.27,1,1,0,1,1,0,0,0,0,0,1,1,1,0,0,0,0,1,0,0,1,1,0,0
1198,2277.15,2076.73,1908.4025000000001,1990.805,2092.8,1723.73,2049.2174999999997,2452.5,2525.0875,2583.785,2538.28,2272.125,1878.52,1523.9825,1537.8,2219.2475,2671.2925,2737.51,2960.045,2936.0724999999998,2994.8575,2816.7675,2626.1175000000003,2584.9750000000004,107.45,102.55,101.34,102.15,106.74,122.73,158.29,147.93,108.19,73.39,28.86,3.96,-0.56,-0.16,27.42,40.28,109.8,147.64,248.27,220.53,176.9,138.38,124.58,111.27,0,1,0,0,0,1,0,1,1,1,0,0,0,0,0,0,1,1,1,0,0,1,1,0
1199,2277.15,2076.73,1908.4025000000001,1990.805,2092.8,1723.73,2049.2174999999997,2452.5,2525.0875,2583.785,2538.28,2272.125,1878.52,1523.9825,1537.8,2219.2475,2671.2925,2737.51,2960.045,2936.0724999999998,2994.8575,2816.7675,2626.1175000000003,2584.9750000000004,107.45,102.55,101.34,102.15,106.74,122.73,158.29,147.93,108.19,73.39,28.86,3.96,-0.56,-0.16,27.42,40.28,109.8,147.64,248.27,220.53,176.9,138.38,124.58,111.27,1,1,0,0,0,1,0,0,1,0,1,0,0,0,0,1,1,1,0,0,1,0,1,1
1200,2340.24,2093.1775000000002,1925.35,1773.94,1765.0774999999999,1635.42,1709.1525000000001,1560.925,1320.1675,1250.2475,1236.4325,1282.9775,1111.395,1284.3600000000001,1106.25,1333.7825,1453.5025,1420.53,1383.825,1511.345,1361.88,1056.02,785.25,643.465,128.2,120.38,117.09,112.15,109.75,111.89,117.11,135.81,138.82,137.77,125.08,112.1,102.21,97.27,99.39,97.8,125.41,145.0,158.55,150.78,133.41,125.42,122.03,119.92,0,0,0,1,1,0,1,0,1,1,0,0,1,1,1,1,1,1,0,0,1,0,0,1
1201,2340.24,2093.1775000000002,1925.35,1773.94,1765.0774999999999,1635.42,1709.1525000000001,1560.925,1320.1675,1250.2475,1236.4325,1282.9775,1111.395,1284.3600000000001,1106.25,1333.7825,1453.5025,1420.53,1383.825,1511.345,1361.88,1056.02,785.25,643.465,128.2,120.38,117.09,112.15,109.75,111.89,117.11,135.81,138.82,137.77,125.08,112.1,102.21,97.27,99.39,97.8,125.41,145.0,158.55,150.78,133.41,125.42,122.03,119.92,1,1,0,1,1,0,0,0,0,0,1,1,1,0,0,0,0,1,0,0,1,1,0,0
1202,2340.24,2093.1775000000002,1925.35,1773.94,1765.0774999999999,1635.42,1709.1525000000001,1560.925,1320.1675,1250.2475,1236.4325,1282.9775,1111.395,1284.3600000000001,1106.25,1333.7825,1453.5025,1420.53,1383.825,1511.345,1361.88,1056.02,785.25,643.465,128.2,120.38,117.09,112.15,109.75,111.89,117.11,135.81,138.82,137.77,125.08,112.1,102.21,97.27,99.39,97.8,125.41,145.0,158.55,150.78,133.41,125.42,122.03,119.92,0,1,0,0,0,1,0,1,1,1,0,0,0,0,0,0,1,1,1,0,0,1,1,0
1203,2340.24,2093.1775000000002,1925.35,1773.94,1765.0774999999999,1635.42,1709.1525000000001,1560.925,1320.1675,1250.2475,1236.4325,1282.9775,1111.395,1284.3600000000001,1106.25,1333.7825,1453.5025,1420.53,1383.825,1511.345,1361.88,1056.02,785.25,643.465,128.2,120.38,117.09,112.15,109.75,111.89,117.11,135.81,138.82,137.77,125.08,112.1,102.21,97.27,99.39,97.8,125.41,145.0,158.55,150.78,133.41,125.42,122.03,119.92,1,1,0,0,0,1,0,0,1,0,1,0,0,0,0,1,1,1,0,0,1,0,1,1
1204,2340.24,2093.1775000000002,1925.35,1773.94,1765.0774999999999,1635.42,1709.1525000000001,1560.925,1320.1675,1250.2475,1236.4325,1282.9775,1111.395,1284.3600000000001,1106.25,1333.7825,1453.5025,1420.53,1383.825,1511.345,1361.88,1056.02,785.25,643.465,102.61,57.86,30.22,21.37,19.06,19.05,43.56,90.69,103.11,89.0,33.71,11.22,7.4,3.14,2.85,19.0,54.16,99.69,136.58,117.23,80.9,61.1,35.12,25.41,0,0,0,1,1,0,1,0,1,1,0,0,1,1,1,1,1,1,0,0,1,0,0,1
1205,2340.24,2093.1775000000002,1925.35,1773.94,1765.0774999999999,1635.42,1709.1525000000001,1560.925,1320.1675,1250.2475,1236.4325,1282.9775,1111.395,1284.3600000000001,1106.25,1333.7825,1453.5025,1420.53,1383.825,1511.345,1361.88,1056.02,785.25,643.465,102.61,57.86,30.22,21.37,19.06,19.05,43.56,90.69,103.11,89.0,33.71,11.22,7.4,3.14,2.85,19.0,54.16,99.69,136.58,117.23,80.9,61.1,35.12,25.41,1,1,0,1,1,0,0,0,0,0,1,1,1,0,0,0,0,1,0,0,1,1,0,0
1206,2340.24,2093.1775000000002,1925.35,1773.94,1765.0774999999999,1635.42,1709.1525000000001,1560.925,1320.1675,1250.2475,1236.4325,1282.9775,1111.395,1284.3600000000001,1106.25,1333.7825,1453.5025,1420.53,1383.825,1511.345,1361.88,1056.02,785.25,643.465,102.61,57.86,30.22,21.37,19.06,19.05,43.56,90.69,103.11,89.0,33.71,11.22,7.4,3.14,2.85,19.0,54.16,99.69,136.58,117.23,80.9,61.1,35.12,25.41,0,1,0,0,0,1,0,1,1,1,0,0,0,0,0,0,1,1,1,0,0,1,1,0
1207,2340.24,2093.1775000000002,1925.35,1773.94,1765.0774999999999,1635.42,1709.1525000000001,1560.925,1320.1675,1250.2475,1236.4325,1282.9775,1111.395,1284.3600000000001,1106.25,1333.7825,1453.5025,1420.53,1383.825,1511.345,1361.88,1056.02,785.25,643.465,102.61,57.86,30.22,21.37,19.06,19.05,43.56,90.69,103.11,89.0,33.71,11.22,7.4,3.14,2.85,19.0,54.16,99.69,136.58,117.23,80.9,61.1,35.12,25.41,1,1,0,0,0,1,0,0,1,0,1,0,0,0,0,1,1,1,0,0,1,0,1,1
1208,2340.24,2093.1775000000002,1925.35,1773.94,1765.0774999999999,1635.42,1709.1525000000001,1560.925,1320.1675,1250.2475,1236.4325,1282.9775,1111.395,1284.3600000000001,1106.25,1333.7825,1453.5025,1420.53,1383.825,1511.345,1361.88,1056.02,785.25,643.465,28.31,27.04,25.8,20.11,14.94,20.11,41.81,58.7,70.1,44.59,20.1,4.29,2.43,1.67,10.81,34.89,70.65,129.19,163.66,102.7,88.19,79.94,69.01,40.3,0,0,0,1,1,0,1,0,1,1,0,0,1,1,1,1,1,1,0,0,1,0,0,1
1209,2340.24,2093.1775000000002,1925.35,1773.94,1765.0774999999999,1635.42,1709.1525000000001,1560.925,1320.1675,1250.2475,1236.4325,1282.9775,1111.395,1284.3600000000001,1106.25,1333.7825,1453.5025,1420.53,1383.825,1511.345,1361.88,1056.02,785.25,643.465,28.31,27.04,25.8,20.11,14.94,20.11,41.81,58.7,70.1,44.59,20.1,4.29,2.43,1.67,10.81,34.89,70.65,129.19,163.66,102.7,88.19,79.94,69.01,40.3,1,1,0,1,1,0,0,0,0,0,1,1,1,0,0,0,0,1,0,0,1,1,0,0
1210,2340.24,2093.1775000000002,1925.35,1773.94,1765.0774999999999,1635.42,1709.1525000000001,1560.925,1320.1675,1250.2475,1236.4325,1282.9775,1111.395,1284.3600000000001,1106.25,1333.7825,1453.5025,1420.53,1383.825,1511.345,1361.88,1056.02,785.25,643.465,28.31,27.04,25.8,20.11,14.94,20.11,41.81,58.7,70.1,44.59,20.1,4.29,2.43,1.67,10.81,34.89,70.65,129.19,163.66,102.7,88.19,79.94,69.01,40.3,0,1,0,0,0,1,0,1,1,1,0,0,0,0,0,0,1,1,1,0,0,1,1,0
1211,2340.24,2093.1775000000002,1925.35,1773.94,1765.0774999999999,1635.42,1709.1525000000001,1560.925,1320.1675,1250.2475,1236.4325,1282.9775,1111.395,1284.3600000000001,1106.25,1333.7825,1453.5025,1420.53,1383.825,1511.345,1361.88,1056.02,785.25,643.465,28.31,27.04,25.8,20.11,14.94,20.11,41.81,58.7,70.1,44.59,20.1,4.29,2.43,1.67,10.81,34.89,70.65,129.19,163.66,102.7,88.19,79.94,69.01,40.3,1,1,0,0,0,1,0,0,1,0,1,0,0,0,0,1,1,1,0,0,1,0,1,1
1212,2340.24,2093.1775000000002,1925.35,1773.94,1765.0774999999999,1635.42,1709.1525000000001,1560.925,1320.1675,1250.2475,1236.4325,1282.9775,1111.395,1284.3600000000001,1106.25,1333.7825,1453.5025,1420.53,1383.825,1511.345,1361.88,1056.02,785.25,643.465,65.55,54.39,32.29,20.11,20.1,42.51,52.96,65.9,62.85,61.23,25.3,13.26,4.0,4.04,10.11,30.07,32.66,74.91,64.54,42.3,29.85,25.33,25.52,20.1,0,0,0,1,1,0,1,0,1,1,0,0,1,1,1,1,1,1,0,0,1,0,0,1
1213,2340.24,2093.1775000000002,1925.35,1773.94,1765.0774999999999,1635.42,1709.1525000000001,1560.925,1320.1675,1250.2475,1236.4325,1282.9775,1111.395,1284.3600000000001,1106.25,1333.7825,1453.5025,1420.53,1383.825,1511.345,1361.88,1056.02,785.25,643.465,65.55,54.39,32.29,20.11,20.1,42.51,52.96,65.9,62.85,61.23,25.3,13.26,4.0,4.04,10.11,30.07,32.66,74.91,64.54,42.3,29.85,25.33,25.52,20.1,1,1,0,1,1,0,0,0,0,0,1,1,1,0,0,0,0,1,0,0,1,1,0,0
1214,2340.24,2093.1775000000002,1925.35,1773.94,1765.0774999999999,1635.42,1709.1525000000001,1560.925,1320.1675,1250.2475,1236.4325,1282.9775,1111.395,1284.3600000000001,1106.25,1333.7825,1453.5025,1420.53,1383.825,1511.345,1361.88,1056.02,785.25,643.465,65.55,54.39,32.29,20.11,20.1,42.51,52.96,65.9,62.85,61.23,25.3,13.26,4.0,4.04,10.11,30.07,32.66,74.91,64.54,42.3,29.85,25.33,25.52,20.1,0,1,0,0,0,1,0,1,1,1,0,0,0,0,0,0,1,1,1,0,0,1,1,0
1215,2340.24,2093.1775000000002,1925.35,1773.94,1765.0774999999999,1635.42,1709.1525000000001,1560.925,1320.1675,1250.2475,1236.4325,1282.9775,1111.395,1284.3600000000001,1106.25,1333.7825,1453.5025,1420.53,1383.825,1511.345,1361.88,1056.02,785.25,643.465,65.55,54.39,32.29,20.11,20.1,42.51,52.96,65.9,62.85,61.23,25.3,13.26,4.0,4.04,10.11,30.07,32.66,74.91,64.54,42.3,29.85,25.33,25.52,20.1,1,1,0,0,0,1,0,0,1,0,1,0,0,0,0,1,1,1,0,0,1,0,1,1
1216,2340.24,2093.1775000000002,1925.35,1773.94,1765.0774999999999,1635.42,1709.1525000000001,1560.925,1320.1675,1250.2475,1236.4325,1282.9775,1111.395,1284.3600000000001,1106.25,1333.7825,1453.5025,1420.53,1383.825,1511.345,1361.88,1056.02,785.25,643.465,4.0,4.0,4.0,4.0,9.8,4.0,16.04,43.93,39.29,12.6,0.34,-0.67,-0.7,-0.78,0.01,3.97,13.23,60.4,60.41,43.5,34.76,33.55,31.31,31.16,0,0,0,1,1,0,1,0,1,1,0,0,1,1,1,1,1,1,0,0,1,0,0,1
1217,2340.24,2093.1775000000002,1925.35,1773.94,1765.0774999999999,1635.42,1709.1525000000001,1560.925,1320.1675,1250.2475,1236.4325,1282.9775,1111.395,1284.3600000000001,1106.25,1333.7825,1453.5025,1420.53,1383.825,1511.345,1361.88,1056.02,785.25,643.465,4.0,4.0,4.0,4.0,9.8,4.0,16.04,43.93,39.29,12.6,0.34,-0.67,-0.7,-0.78,0.01,3.97,13.23,60.4,60.41,43.5,34.76,33.55,31.31,31.16,1,1,0,1,1,0,0,0,0,0,1,1,1,0,0,0,0,1,0,0,1,1,0,0
1218,2340.24,2093.1775000000002,1925.35,1773.94,1765.0774999999999,1635.42,1709.1525000000001,1560.925,1320.1675,1250.2475,1236.4325,1282.9775,1111.395,1284.3600000000001,1106.25,1333.7825,1453.5025,1420.53,1383.825,1511.345,1361.88,1056.02,785.25,643.465,4.0,4.0,4.0,4.0,9.8,4.0,16.04,43.93,39.29,12.6,0.34,-0.67,-0.7,-0.78,0.01,3.97,13.23,60.4,60.41,43.5,34.76,33.55,31.31,31.16,0,1,0,0,0,1,0,1,1,1,0,0,0,0,0,0,1,1,1,0,0,1,1,0
1219,2340.24,2093.1775000000002,1925.35,1773.94,1765.0774999999999,1635.42,1709.1525000000001,1560.925,1320.1675,1250.2475,1236.4325,1282.9775,1111.395,1284.3600000000001,1106.25,1333.7825,1453.5025,1420.53,1383.825,1511.345,1361.88,1056.02,785.25,643.465,4.0,4.0,4.0,4.0,9.8,4.0,16.04,43.93,39.29,12.6,0.34,-0.67,-0.7,-0.78,0.01,3.97,13.23,60.4,60.41,43.5,34.76,33.55,31.31,31.16,1,1,0,0,0,1,0,0,1,0,1,0,0,0,0,1,1,1,0,0,1,0,1,1
1220,2340.24,2093.1775000000002,1925.35,1773.94,1765.0774999999999,1635.42,1709.1525000000001,1560.925,1320.1675,1250.2475,1236.4325,1282.9775,1111.395,1284.3600000000001,1106.25,1333.7825,1453.5025,1420.53,1383.825,1511.345,1361.88,1056.02,785.25,643.465,30.3,29.53,35.47,39.26,47.4,65.97,93.16,139.44,108.51,78.7,50.47,4.02,0.08,0.02,13.16,63.61,99.2,129.7,165.36,149.11,125.64,106.63,101.47,91.11,0,0,0,1,1,0,1,0,1,1,0,0,1,1,1,1,1,1,0,0,1,0,0,1
1221,2340.24,2093.1775000000002,1925.35,1773.94,1765.0774999999999,1635.42,1709.1525000000001,1560.925,1320.1675,1250.2475,1236.4325,1282.9775,1111.395,1284.3600000000001,1106.25,1333.7825,1453.5025,1420.53,1383.825,1511.345,1361.88,1056.02,785.25,643.465,30.3,29.53,35.47,39.26,47.4,65.97,93.16,139.44,108.51,78.7,50.47,4.02,0.08,0.02,13.16,63.61,99.2,129.7,165.36,149.11,125.64,106.63,101.47,91.11,1,1,0,1,1,0,0,0,0,0,1,1,1,0,0,0,0,1,0,0,1,1,0,0
1222,2340.24,2093.1775000000002,1925.35,1773.94,1765.0774999999999,1635.42,1709.1525000000001,1560.925,1320.1675,1250.2475,1236.4325,1282.9775,1111.395,1284.3600000000001,1106.25,1333.7825,1453.5025,1420.53,1383.825,1511.345,1361.88,1056.02,785.25,643.465,30.3,29.53,35.47,39.26,47.4,65.97,93.16,139.44,108.51,78.7,50.47,4.02,0.08,0.02,13.16,63.61,99.2,129.7,165.36,149.11,125.64,106.63,101.47,91.11,0,1,0,0,0,1,0,1,1,1,0,0,0,0,0,0,1,1,1,0,0,1,1,0
1223,2340.24,2093.1775000000002,1925.35,1773.94,1765.0774999999999,1635.42,1709.1525000000001,1560.925,1320.1675,1250.2475,1236.4325,1282.9775,1111.395,1284.3600000000001,1106.25,1333.7825,1453.5025,1420.53,1383.825,1511.345,1361.88,1056.02,785.25,643.465,30.3,29.53,35.47,39.26,47.4,65.97,93.16,139.44,108.51,78.7,50.47,4.02,0.08,0.02,13.16,63.61,99.2,129.7,165.36,149.11,125.64,106.63,101.47,91.11,1,1,0,0,0,1,0,0,1,0,1,0,0,0,0,1,1,1,0,0,1,0,1,1
1224,2340.24,2093.1775000000002,1925.35,1773.94,1765.0774999999999,1635.42,1709.1525000000001,1560.925,1320.1675,1250.2475,1236.4325,1282.9775,1111.395,1284.3600000000001,1106.25,1333.7825,1453.5025,1420.53,1383.825,1511.345,1361.88,1056.02,785.25,643.465,90.27,90.27,91.38,91.69,98.13,115.16,135.67,147.7,122.23,83.0,65.3,31.51,13.08,8.08,37.05,90.15,126.99,149.92,216.65,178.68,148.7,132.4,119.11,111.83,0,0,0,1,1,0,1,0,1,1,0,0,1,1,1,1,1,1,0,0,1,0,0,1
1225,2340.24,2093.1775000000002,1925.35,1773.94,1765.0774999999999,1635.42,1709.1525000000001,1560.925,1320.1675,1250.2475,1236.4325,1282.9775,1111.395,1284.3600000000001,1106.25,1333.7825,1453.5025,1420.53,1383.825,1511.345,1361.88,1056.02,785.25,643.465,90.27,90.27,91.38,91.69,98.13,115.16,135.67,147.7,122.23,83.0,65.3,31.51,13.08,8.08,37.05,90.15,126.99,149.92,216.65,178.68,148.7,132.4,119.11,111.83,1,1,0,1,1,0,0,0,0,0,1,1,1,0,0,0,0,1,0,0,1,1,0,0
1226,2340.24,2093.1775000000002,1925.35,1773.94,1765.0774999999999,1635.42,1709.1525000000001,1560.925,1320.1675,1250.2475,1236.4325,1282.9775,1111.395,1284.3600000000001,1106.25,1333.7825,1453.5025,1420.53,1383.825,1511.345,1361.88,1056.02,785.25,643.465,90.27,90.27,91.38,91.69,98.13,115.16,135.67,147.7,122.23,83.0,65.3,31.51,13.08,8.08,37.05,90.15,126.99,149.92,216.65,178.68,148.7,132.4,119.11,111.83,0,1,0,0,0,1,0,1,1,1,0,0,0,0,0,0,1,1,1,0,0,1,1,0
1227,2340.24,2093.1775000000002,1925.35,1773.94,1765.0774999999999,1635.42,1709.1525000000001,1560.925,1320.1675,1250.2475,1236.4325,1282.9775,1111.395,1284.3600000000001,1106.25,1333.7825,1453.5025,1420.53,1383.825,1511.345,1361.88,1056.02,785.25,643.465,90.27,90.27,91.38,91.69,98.13,115.16,135.67,147.7,122.23,83.0,65.3,31.51,13.08,8.08,37.05,90.15,126.99,149.92,216.65,178.68,148.7,132.4,119.11,111.83,1,1,0,0,0,1,0,0,1,0,1,0,0,0,0,1,1,1,0,0,1,0,1,1
1228,2340.24,2093.1775000000002,1925.35,1773.94,1765.0774999999999,1635.42,1709.1525000000001,1560.925,1320.1675,1250.2475,1236.4325,1282.9775,1111.395,1284.3600000000001,1106.25,1333.7825,1453.5025,1420.53,1383.825,1511.345,1361.88,1056.02,785.25,643.465,124.97,113.94,117.22,116.76,118.42,121.3,127.82,120.6,98.05,72.54,18.05,2.07,-0.33,-0.1,2.76,53.53,100.87,145.58,174.04,140.03,111.21,100.01,99.24,97.9,0,0,0,1,1,0,1,0,1,1,0,0,1,1,1,1,1,1,0,0,1,0,0,1
1229,2340.24,2093.1775000000002,1925.35,1773.94,1765.0774999999999,1635.42,1709.1525000000001,1560.925,1320.1675,1250.2475,1236.4325,1282.9775,1111.395,1284.3600000000001,1106.25,1333.7825,1453.5025,1420.53,1383.825,1511.345,1361.88,1056.02,785.25,643.465,124.97,113.94,117.22,116.76,118.42,121.3,127.82,120.6,98.05,72.54,18.05,2.07,-0.33,-0.1,2.76,53.53,100.87,145.58,174.04,140.03,111.21,100.01,99.24,97.9,1,1,0,1,1,0,0,0,0,0,1,1,1,0,0,0,0,1,0,0,1,1,0,0
1230,2340.24,2093.1775000000002,1925.35,1773.94,1765.0774999999999,1635.42,1709.1525000000001,1560.925,1320.1675,1250.2475,1236.4325,1282.9775,1111.395,1284.3600000000001,1106.25,1333.7825,1453.5025,1420.53,1383.825,1511.345,1361.88,1056.02,785.25,643.465,124.97,113.94,117.22,116.76,118.42,121.3,127.82,120.6,98.05,72.54,18.05,2.07,-0.33,-0.1,2.76,53.53,100.87,145.58,174.04,140.03,111.21,100.01,99.24,97.9,0,1,0,0,0,1,0,1,1,1,0,0,0,0,0,0,1,1,1,0,0,1,1,0
1231,2340.24,2093.1775000000002,1925.35,1773.94,1765.0774999999999,1635.42,1709.1525000000001,1560.925,1320.1675,1250.2475,1236.4325,1282.9775,1111.395,1284.3600000000001,1106.25,1333.7825,1453.5025,1420.53,1383.825,1511.345,1361.88,1056.02,785.25,643.465,124.97,113.94,117.22,116.76,118.42,121.3,127.82,120.6,98.05,72.54,18.05,2.07,-0.33,-0.1,2.76,53.53,100.87,145.58,174.04,140.03,111.21,100.01,99.24,97.9,1,1,0,0,0,1,0,0,1,0,1,0,0,0,0,1,1,1,0,0,1,0,1,1
1232,2340.24,2093.1775000000002,1925.35,1773.94,1765.0774999999999,1635.42,1709.1525000000001,1560.925,1320.1675,1250.2475,1236.4325,1282.9775,1111.395,1284.3600000000001,1106.25,1333.7825,1453.5025,1420.53,1383.825,1511.345,1361.88,1056.02,785.25,643.465,95.19,94.81,94.44,96.51,98.67,101.51,100.0,93.0,59.02,24.41,21.32,3.95,1.29,3.95,11.03,28.01,68.99,107.86,134.15,132.71,114.54,107.87,104.56,103.64,0,0,0,1,1,0,1,0,1,1,0,0,1,1,1,1,1,1,0,0,1,0,0,1
1233,2340.24,2093.1775000000002,1925.35,1773.94,1765.0774999999999,1635.42,1709.1525000000001,1560.925,1320.1675,1250.2475,1236.4325,1282.9775,1111.395,1284.3600000000001,1106.25,1333.7825,1453.5025,1420.53,1383.825,1511.345,1361.88,1056.02,785.25,643.465,95.19,94.81,94.44,96.51,98.67,101.51,100.0,93.0,59.02,24.41,21.32,3.95,1.29,3.95,11.03,28.01,68.99,107.86,134.15,132.71,114.54,107.87,104.56,103.64,1,1,0,1,1,0,0,0,0,0,1,1,1,0,0,0,0,1,0,0,1,1,0,0
1234,2340.24,2093.1775000000002,1925.35,1773.94,1765.0774999999999,1635.42,1709.1525000000001,1560.925,1320.1675,1250.2475,1236.4325,1282.9775,1111.395,1284.3600000000001,1106.25,1333.7825,1453.5025,1420.53,1383.825,1511.345,1361.88,1056.02,785.25,643.465,95.19,94.81,94.44,96.51,98.67,101.51,100.0,93.0,59.02,24.41,21.32,3.95,1.29,3.95,11.03,28.01,68.99,107.86,134.15,132.71,114.54,107.87,104.56,103.64,0,1,0,0,0,1,0,1,1,1,0,0,0,0,0,0,1,1,1,0,0,1,1,0
1235,2340.24,2093.1775000000002,1925.35,1773.94,1765.0774999999999,1635.42,1709.1525000000001,1560.925,1320.1675,1250.2475,1236.4325,1282.9775,1111.395,1284.3600000000001,1106.25,1333.7825,1453.5025,1420.53,1383.825,1511.345,1361.88,1056.02,785.25,643.465,95.19,94.81,94.44,96.51,98.67,101.51,100.0,93.0,59.02,24.41,21.32,3.95,1.29,3.95,11.03,28.01,68.99,107.86,134.15,132.71,114.54,107.87,104.56,103.64,1,1,0,0,0,1,0,0,1,0,1,0,0,0,0,1,1,1,0,0,1,0,1,1
1236,2340.24,2093.1775000000002,1925.35,1773.94,1765.0774999999999,1635.42,1709.1525000000001,1560.925,1320.1675,1250.2475,1236.4325,1282.9775,1111.395,1284.3600000000001,1106.25,1333.7825,1453.5025,1420.53,1383.825,1511.345,1361.88,1056.02,785.25,643.465,95.84,94.92,96.7,96.86,89.98,101.13,148.63,159.87,134.08,98.92,84.44,77.92,76.06,77.36,83.96,97.54,127.59,148.1,175.06,160.4,142.28,126.68,106.87,97.93,0,0,0,1,1,0,1,0,1,1,0,0,1,1,1,1,1,1,0,0,1,0,0,1
1237,2340.24,2093.1775000000002,1925.35,1773.94,1765.0774999999999,1635.42,1709.1525000000001,1560.925,1320.1675,1250.2475,1236.4325,1282.9775,1111.395,1284.3600000000001,1106.25,1333.7825,1453.5025,1420.53,1383.825,1511.345,1361.88,1056.02,785.25,643.465,95.84,94.92,96.7,96.86,89.98,101.13,148.63,159.87,134.08,98.92,84.44,77.92,76.06,77.36,83.96,97.54,127.59,148.1,175.06,160.4,142.28,126.68,106.87,97.93,1,1,0,1,1,0,0,0,0,0,1,1,1,0,0,0,0,1,0,0,1,1,0,0
1238,2340.24,2093.1775000000002,1925.35,1773.94,1765.0774999999999,1635.42,1709.1525000000001,1560.925,1320.1675,1250.2475,1236.4325,1282.9775,1111.395,1284.3600000000001,1106.25,1333.7825,1453.5025,1420.53,1383.825,1511.345,1361.88,1056.02,785.25,643.465,95.84,94.92,96.7,96.86,89.98,101.13,148.63,159.87,134.08,98.92,84.44,77.92,76.06,77.36,83.96,97.54,127.59,148.1,175.06,160.4,142.28,126.68,106.87,97.93,0,1,0,0,0,1,0,1,1,1,0,0,0,0,0,0,1,1,1,0,0,1,1,0
1239,2340.24,2093.1775000000002,1925.35,1773.94,1765.0774999999999,1635.42,1709.1525000000001,1560.925,1320.1675,1250.2475,1236.4325,1282.9775,1111.395,1284.3600000000001,1106.25,1333.7825,1453.5025,1420.53,1383.825,1511.345,1361.88,1056.02,785.25,643.465,95.84,94.92,96.7,96.86,89.98,101.13,148.63,159.87,134.08,98.92,84.44,77.92,76.06,77.36,83.96,97.54,127.59,148.1,175.06,160.4,142.28,126.68,106.87,97.93,1,1,0,0,0,1,0,0,1,0,1,0,0,0,0,1,1,1,0,0,1,0,1,1
1240,2340.24,2093.1775000000002,1925.35,1773.94,1765.0774999999999,1635.42,1709.1525000000001,1560.925,1320.1675,1250.2475,1236.4325,1282.9775,1111.395,1284.3600000000001,1106.25,1333.7825,1453.5025,1420.53,1383.825,1511.345,1361.88,1056.02,785.25,643.465,104.39,101.79,99.72,100.48,102.51,110.88,148.14,153.09,146.54,128.53,102.0,97.48,96.45,98.39,102.35,112.84,132.9,172.03,205.15,181.06,149.49,133.05,121.27,107.36,0,0,0,1,1,0,1,0,1,1,0,0,1,1,1,1,1,1,0,0,1,0,0,1
1241,2340.24,2093.1775000000002,1925.35,1773.94,1765.0774999999999,1635.42,1709.1525000000001,1560.925,1320.1675,1250.2475,1236.4325,1282.9775,1111.395,1284.3600000000001,1106.25,1333.7825,1453.5025,1420.53,1383.825,1511.345,1361.88,1056.02,785.25,643.465,104.39,101.79,99.72,100.48,102.51,110.88,148.14,153.09,146.54,128.53,102.0,97.48,96.45,98.39,102.35,112.84,132.9,172.03,205.15,181.06,149.49,133.05,121.27,107.36,1,1,0,1,1,0,0,0,0,0,1,1,1,0,0,0,0,1,0,0,1,1,0,0
1242,2340.24,2093.1775000000002,1925.35,1773.94,1765.0774999999999,1635.42,1709.1525000000001,1560.925,1320.1675,1250.2475,1236.4325,1282.9775,1111.395,1284.3600000000001,1106.25,1333.7825,1453.5025,1420.53,1383.825,1511.345,1361.88,1056.02,785.25,643.465,104.39,101.79,99.72,100.48,102.51,110.88,148.14,153.09,146.54,128.53,102.0,97.48,96.45,98.39,102.35,112.84,132.9,172.03,205.15,181.06,149.49,133.05,121.27,107.36,0,1,0,0,0,1,0,1,1,1,0,0,0,0,0,0,1,1,1,0,0,1,1,0
1243,2340.24,2093.1775000000002,1925.35,1773.94,1765.0774999999999,1635.42,1709.1525000000001,1560.925,1320.1675,1250.2475,1236.4325,1282.9775,1111.395,1284.3600000000001,1106.25,1333.7825,1453.5025,1420.53,1383.825,1511.345,1361.88,1056.02,785.25,643.465,104.39,101.79,99.72,100.48,102.51,110.88,148.14,153.09,146.54,128.53,102.0,97.48,96.45,98.39,102.35,112.84,132.9,172.03,205.15,181.06,149.49,133.05,121.27,107.36,1,1,0,0,0,1,0,0,1,0,1,0,0,0,0,1,1,1,0,0,1,0,1,1
1244,2340.24,2093.1775000000002,1925.35,1773.94,1765.0774999999999,1635.42,1709.1525000000001,1560.925,1320.1675,1250.2475,1236.4325,1282.9775,1111.395,1284.3600000000001,1106.25,1333.7825,1453.5025,1420.53,1383.825,1511.345,1361.88,1056.02,785.25,643.465,101.74,100.11,97.82,97.43,101.85,110.37,144.57,161.75,148.49,125.02,102.64,99.73,98.11,99.95,101.69,117.81,140.35,159.04,199.9,179.58,148.09,132.26,120.02,109.91,0,0,0,1,1,0,1,0,1,1,0,0,1,1,1,1,1,1,0,0,1,0,0,1
1245,2340.24,2093.1775000000002,1925.35,1773.94,1765.0774999999999,1635.42,1709.1525000000001,1560.925,1320.1675,1250.2475,1236.4325,1282.9775,1111.395,1284.3600000000001,1106.25,1333.7825,1453.5025,1420.53,1383.825,1511.345,1361.88,1056.02,785.25,643.465,101.74,100.11,97.82,97.43,101.85,110.37,144.57,161.75,148.49,125.02,102.64,99.73,98.11,99.95,101.69,117.81,140.35,159.04,199.9,179.58,148.09,132.26,120.02,109.91,1,1,0,1,1,0,0,0,0,0,1,1,1,0,0,0,0,1,0,0,1,1,0,0
1246,2340.24,2093.1775000000002,1925.35,1773.94,1765.0774999999999,1635.42,1709.1525000000001,1560.925,1320.1675,1250.2475,1236.4325,1282.9775,1111.395,1284.3600000000001,1106.25,1333.7825,1453.5025,1420.53,1383.825,1511.345,1361.88,1056.02,785.25,643.465,101.74,100.11,97.82,97.43,101.85,110.37,144.57,161.75,148.49,125.02,102.64,99.73,98.11,99.95,101.69,117.81,140.35,159.04,199.9,179.58,148.09,132.26,120.02,109.91,0,1,0,0,0,1,0,1,1,1,0,0,0,0,0,0,1,1,1,0,0,1,1,0
1247,2340.24,2093.1775000000002,1925.35,1773.94,1765.0774999999999,1635.42,1709.1525000000001,1560.925,1320.1675,1250.2475,1236.4325,1282.9775,1111.395,1284.3600000000001,1106.25,1333.7825,1453.5025,1420.53,1383.825,1511.345,1361.88,1056.02,785.25,643.465,101.74,100.11,97.82,97.43,101.85,110.37,144.57,161.75,148.49,125.02,102.64,99.73,98.11,99.95,101.69,117.81,140.35,159.04,199.9,179.58,148.09,132.26,120.02,109.91,1,1,0,0,0,1,0,0,1,0,1,0,0,0,0,1,1,1,0,0,1,0,1,1
1248,2340.24,2093.1775000000002,1925.35,1773.94,1765.0774999999999,1635.42,1709.1525000000001,1560.925,1320.1675,1250.2475,1236.4325,1282.9775,1111.395,1284.3600000000001,1106.25,1333.7825,1453.5025,1420.53,1383.825,1511.345,1361.88,1056.02,785.25,643.465,108.49,102.22,98.96,96.69,98.33,105.87,132.7,160.74,160.99,154.8,123.84,110.75,110.08,108.28,107.6,110.02,121.56,142.95,166.09,173.42,148.99,135.69,123.41,111.53,0,0,0,1,1,0,1,0,1,1,0,0,1,1,1,1,1,1,0,0,1,0,0,1
1249,2340.24,2093.1775000000002,1925.35,1773.94,1765.0774999999999,1635.42,1709.1525000000001,1560.925,1320.1675,1250.2475,1236.4325,1282.9775,1111.395,1284.3600000000001,1106.25,1333.7825,1453.5025,1420.53,1383.825,1511.345,1361.88,1056.02,785.25,643.465,108.49,102.22,98.96,96.69,98.33,105.87,132.7,160.74,160.99,154.8,123.84,110.75,110.08,108.28,107.6,110.02,121.56,142.95,166.09,173.42,148.99,135.69,123.41,111.53,1,1,0,1,1,0,0,0,0,0,1,1,1,0,0,0,0,1,0,0,1,1,0,0
1250,2340.24,2093.1775000000002,1925.35,1773.94,1765.0774999999999,1635.42,1709.1525000000001,1560.925,1320.1675,1250.2475,1236.4325,1282.9775,1111.395,1284.3600000000001,1106.25,1333.7825,1453.5025,1420.53,1383.825,1511.345,1361.88,1056.02,785.25,643.465,108.49,102.22,98.96,96.69,98.33,105.87,132.7,160.74,160.99,154.8,123.84,110.75,110.08,108.28,107.6,110.02,121.56,142.95,166.09,173.42,148.99,135.69,123.41,111.53,0,1,0,0,0,1,0,1,1,1,0,0,0,0,0,0,1,1,1,0,0,1,1,0
1251,2340.24,2093.1775000000002,1925.35,1773.94,1765.0774999999999,1635.42,1709.1525000000001,1560.925,1320.1675,1250.2475,1236.4325,1282.9775,1111.395,1284.3600000000001,1106.25,1333.7825,1453.5025,1420.53,1383.825,1511.345,1361.88,1056.02,785.25,643.465,108.49,102.22,98.96,96.69,98.33,105.87,132.7,160.74,160.99,154.8,123.84,110.75,110.08,108.28,107.6,110.02,121.56,142.95,166.09,173.42,148.99,135.69,123.41,111.53,1,1,0,0,0,1,0,0,1,0,1,0,0,0,0,1,1,1,0,0,1,0,1,1
1252,2340.24,2093.1775000000002,1925.35,1773.94,1765.0774999999999,1635.42,1709.1525000000001,1560.925,1320.1675,1250.2475,1236.4325,1282.9775,1111.395,1284.3600000000001,1106.25,1333.7825,1453.5025,1420.53,1383.825,1511.345,1361.88,1056.02,785.25,643.465,109.19,106.08,105.97,103.89,105.37,114.08,143.05,155.29,155.08,132.11,112.01,106.37,104.49,104.58,105.38,109.42,124.93,146.56,155.47,151.02,130.1,111.46,114.0,105.15,0,0,0,1,1,0,1,0,1,1,0,0,1,1,1,1,1,1,0,0,1,0,0,1
1253,2340.24,2093.1775000000002,1925.35,1773.94,1765.0774999999999,1635.42,1709.1525000000001,1560.925,1320.1675,1250.2475,1236.4325,1282.9775,1111.395,1284.3600000000001,1106.25,1333.7825,1453.5025,1420.53,1383.825,1511.345,1361.88,1056.02,785.25,643.465,109.19,106.08,105.97,103.89,105.37,114.08,143.05,155.29,155.08,132.11,112.01,106.37,104.49,104.58,105.38,109.42,124.93,146.56,155.47,151.02,130.1,111.46,114.0,105.15,1,1,0,1,1,0,0,0,0,0,1,1,1,0,0,0,0,1,0,0,1,1,0,0
1254,2340.24,2093.1775000000002,1925.35,1773.94,1765.0774999999999,1635.42,1709.1525000000001,1560.925,1320.1675,1250.2475,1236.4325,1282.9775,1111.395,1284.3600000000001,1106.25,1333.7825,1453.5025,1420.53,1383.825,1511.345,1361.88,1056.02,785.25,643.465,109.19,106.08,105.97,103.89,105.37,114.08,143.05,155.29,155.08,132.11,112.01,106.37,104.49,104.58,105.38,109.42,124.93,146.56,155.47,151.02,130.1,111.46,114.0,105.15,0,1,0,0,0,1,0,1,1,1,0,0,0,0,0,0,1,1,1,0,0,1,1,0
1255,2340.24,2093.1775000000002,1925.35,1773.94,1765.0774999999999,1635.42,1709.1525000000001,1560.925,1320.1675,1250.2475,1236.4325,1282.9775,1111.395,1284.3600000000001,1106.25,1333.7825,1453.5025,1420.53,1383.825,1511.345,1361.88,1056.02,785.25,643.465,109.19,106.08,105.97,103.89,105.37,114.08,143.05,155.29,155.08,132.11,112.01,106.37,104.49,104.58,105.38,109.42,124.93,146.56,155.47,151.02,130.1,111.46,114.0,105.15,1,1,0,0,0,1,0,0,1,0,1,0,0,0,0,1,1,1,0,0,1,0,1,1
1256,2340.24,2093.1775000000002,1925.35,1773.94,1765.0774999999999,1635.42,1709.1525000000001,1560.925,1320.1675,1250.2475,1236.4325,1282.9775,1111.395,1284.3600000000001,1106.25,1333.7825,1453.5025,1420.53,1383.825,1511.345,1361.88,1056.02,785.25,643.465,112.16,103.15,96.0,89.89,86.89,90.55,97.0,99.38,98.73,86.36,72.35,67.12,57.28,47.96,54.46,70.76,84.2,121.87,130.26,132.91,121.41,108.46,104.98,95.21,0,0,0,1,1,0,1,0,1,1,0,0,1,1,1,1,1,1,0,0,1,0,0,1
1257,2340.24,2093.1775000000002,1925.35,1773.94,1765.0774999999999,1635.42,1709.1525000000001,1560.925,1320.1675,1250.2475,1236.4325,1282.9775,1111.395,1284.3600000000001,1106.25,1333.7825,1453.5025,1420.53,1383.825,1511.345,1361.88,1056.02,785.25,643.465,112.16,103.15,96.0,89.89,86.89,90.55,97.0,99.38,98.73,86.36,72.35,67.12,57.28,47.96,54.46,70.76,84.2,121.87,130.26,132.91,121.41,108.46,104.98,95.21,1,1,0,1,1,0,0,0,0,0,1,1,1,0,0,0,0,1,0,0,1,1,0,0
1258,2340.24,2093.1775000000002,1925.35,1773.94,1765.0774999999999,1635.42,1709.1525000000001,1560.925,1320.1675,1250.2475,1236.4325,1282.9775,1111.395,1284.3600000000001,1106.25,1333.7825,1453.5025,1420.53,1383.825,1511.345,1361.88,1056.02,785.25,643.465,112.16,103.15,96.0,89.89,86.89,90.55,97.0,99.38,98.73,86.36,72.35,67.12,57.28,47.96,54.46,70.76,84.2,121.87,130.26,132.91,121.41,108.46,104.98,95.21,0,1,0,0,0,1,0,1,1,1,0,0,0,0,0,0,1,1,1,0,0,1,1,0
1259,2340.24,2093.1775000000002,1925.35,1773.94,1765.0774999999999,1635.42,1709.1525000000001,1560.925,1320.1675,1250.2475,1236.4325,1282.9775,1111.395,1284.3600000000001,1106.25,1333.7825,1453.5025,1420.53,1383.825,1511.345,1361.88,1056.02,785.25,643.465,112.16,103.15,96.0,89.89,86.89,90.55,97.0,99.38,98.73,86.36,72.35,67.12,57.28,47.96,54.46,70.76,84.2,121.87,130.26,132.91,121.41,108.46,104.98,95.21,1,1,0,0,0,1,0,0,1,0,1,0,0,0,0,1,1,1,0,0,1,0,1,1
1260,2340.24,2093.1775000000002,1925.35,1773.94,1765.0774999999999,1635.42,1709.1525000000001,1560.925,1320.1675,1250.2475,1236.4325,1282.9775,1111.395,1284.3600000000001,1106.25,1333.7825,1453.5025,1420.53,1383.825,1511.345,1361.88,1056.02,785.25,643.465,89.97,85.75,79.57,78.15,78.55,29.41,30.14,30.7,30.5,28.73,24.06,2.9,1.01,0.19,2.67,30.81,59.97,94.68,83.61,45.54,31.49,31.1,30.69,30.44,0,0,0,1,1,0,1,0,1,1,0,0,1,1,1,1,1,1,0,0,1,0,0,1
1261,2340.24,2093.1775000000002,1925.35,1773.94,1765.0774999999999,1635.42,1709.1525000000001,1560.925,1320.1675,1250.2475,1236.4325,1282.9775,1111.395,1284.3600000000001,1106.25,1333.7825,1453.5025,1420.53,1383.825,1511.345,1361.88,1056.02,785.25,643.465,89.97,85.75,79.57,78.15,78.55,29.41,30.14,30.7,30.5,28.73,24.06,2.9,1.01,0.19,2.67,30.81,59.97,94.68,83.61,45.54,31.49,31.1,30.69,30.44,1,1,0,1,1,0,0,0,0,0,1,1,1,0,0,0,0,1,0,0,1,1,0,0
1262,2340.24,2093.1775000000002,1925.35,1773.94,1765.0774999999999,1635.42,1709.1525000000001,1560.925,1320.1675,1250.2475,1236.4325,1282.9775,1111.395,1284.3600000000001,1106.25,1333.7825,1453.5025,1420.53,1383.825,1511.345,1361.88,1056.02,785.25,643.465,89.97,85.75,79.57,78.15,78.55,29.41,30.14,30.7,30.5,28.73,24.06,2.9,1.01,0.19,2.67,30.81,59.97,94.68,83.61,45.54,31.49,31.1,30.69,30.44,0,1,0,0,0,1,0,1,1,1,0,0,0,0,0,0,1,1,1,0,0,1,1,0
1263,2340.24,2093.1775000000002,1925.35,1773.94,1765.0774999999999,1635.42,1709.1525000000001,1560.925,1320.1675,1250.2475,1236.4325,1282.9775,1111.395,1284.3600000000001,1106.25,1333.7825,1453.5025,1420.53,1383.825,1511.345,1361.88,1056.02,785.25,643.465,89.97,85.75,79.57,78.15,78.55,29.41,30.14,30.7,30.5,28.73,24.06,2.9,1.01,0.19,2.67,30.81,59.97,94.68,83.61,45.54,31.49,31.1,30.69,30.44,1,1,0,0,0,1,0,0,1,0,1,0,0,0,0,1,1,1,0,0,1,0,1,1
1264,2340.24,2093.1775000000002,1925.35,1773.94,1765.0774999999999,1635.42,1709.1525000000001,1560.925,1320.1675,1250.2475,1236.4325,1282.9775,1111.395,1284.3600000000001,1106.25,1333.7825,1453.5025,1420.53,1383.825,1511.345,1361.88,1056.02,785.25,643.465,30.66,40.11,77.6,80.9,85.84,103.33,135.26,152.96,135.32,100.77,68.2,50.53,31.14,27.92,50.12,70.02,98.59,143.14,177.42,170.09,141.58,113.55,106.46,93.49,0,0,0,1,1,0,1,0,1,1,0,0,1,1,1,1,1,1,0,0,1,0,0,1
1265,2340.24,2093.1775000000002,1925.35,1773.94,1765.0774999999999,1635.42,1709.1525000000001,1560.925,1320.1675,1250.2475,1236.4325,1282.9775,1111.395,1284.3600000000001,1106.25,1333.7825,1453.5025,1420.53,1383.825,1511.345,1361.88,1056.02,785.25,643.465,30.66,40.11,77.6,80.9,85.84,103.33,135.26,152.96,135.32,100.77,68.2,50.53,31.14,27.92,50.12,70.02,98.59,143.14,177.42,170.09,141.58,113.55,106.46,93.49,1,1,0,1,1,0,0,0,0,0,1,1,1,0,0,0,0,1,0,0,1,1,0,0
1266,2340.24,2093.1775000000002,1925.35,1773.94,1765.0774999999999,1635.42,1709.1525000000001,1560.925,1320.1675,1250.2475,1236.4325,1282.9775,1111.395,1284.3600000000001,1106.25,1333.7825,1453.5025,1420.53,1383.825,1511.345,1361.88,1056.02,785.25,643.465,30.66,40.11,77.6,80.9,85.84,103.33,135.26,152.96,135.32,100.77,68.2,50.53,31.14,27.92,50.12,70.02,98.59,143.14,177.42,170.09,141.58,113.55,106.46,93.49,0,1,0,0,0,1,0,1,1,1,0,0,0,0,0,0,1,1,1,0,0,1,1,0
1267,2340.24,2093.1775000000002,1925.35,1773.94,1765.0774999999999,1635.42,1709.1525000000001,1560.925,1320.1675,1250.2475,1236.4325,1282.9775,1111.395,1284.3600000000001,1106.25,1333.7825,1453.5025,1420.53,1383.825,1511.345,1361.88,1056.02,785.25,643.465,30.66,40.11,77.6,80.9,85.84,103.33,135.26,152.96,135.32,100.77,68.2,50.53,31.14,27.92,50.12,70.02,98.59,143.14,177.42,170.09,141.58,113.55,106.46,93.49,1,1,0,0,0,1,0,0,1,0,1,0,0,0,0,1,1,1,0,0,1,0,1,1
1268,2340.24,2093.1775000000002,1925.35,1773.94,1765.0774999999999,1635.42,1709.1525000000001,1560.925,1320.1675,1250.2475,1236.4325,1282.9775,1111.395,1284.3600000000001,1106.25,1333.7825,1453.5025,1420.53,1383.825,1511.345,1361.88,1056.02,785.25,643.465,92.18,89.96,89.71,67.1,69.44,102.28,128.02,136.73,106.56,68.46,27.24,1.79,-0.2,-0.28,17.36,38.6,96.03,141.1,171.17,167.77,142.51,117.77,107.46,100.5,0,0,0,1,1,0,1,0,1,1,0,0,1,1,1,1,1,1,0,0,1,0,0,1
1269,2340.24,2093.1775000000002,1925.35,1773.94,1765.0774999999999,1635.42,1709.1525000000001,1560.925,1320.1675,1250.2475,1236.4325,1282.9775,1111.395,1284.3600000000001,1106.25,1333.7825,1453.5025,1420.53,1383.825,1511.345,1361.88,1056.02,785.25,643.465,92.18,89.96,89.71,67.1,69.44,102.28,128.02,136.73,106.56,68.46,27.24,1.79,-0.2,-0.28,17.36,38.6,96.03,141.1,171.17,167.77,142.51,117.77,107.46,100.5,1,1,0,1,1,0,0,0,0,0,1,1,1,0,0,0,0,1,0,0,1,1,0,0
1270,2340.24,2093.1775000000002,1925.35,1773.94,1765.0774999999999,1635.42,1709.1525000000001,1560.925,1320.1675,1250.2475,1236.4325,1282.9775,1111.395,1284.3600000000001,1106.25,1333.7825,1453.5025,1420.53,1383.825,1511.345,1361.88,1056.02,785.25,643.465,92.18,89.96,89.71,67.1,69.44,102.28,128.02,136.73,106.56,68.46,27.24,1.79,-0.2,-0.28,17.36,38.6,96.03,141.1,171.17,167.77,142.51,117.77,107.46,100.5,0,1,0,0,0,1,0,1,1,1,0,0,0,0,0,0,1,1,1,0,0,1,1,0
1271,2340.24,2093.1775000000002,1925.35,1773.94,1765.0774999999999,1635.42,1709.1525000000001,1560.925,1320.1675,1250.2475,1236.4325,1282.9775,1111.395,1284.3600000000001,1106.25,1333.7825,1453.5025,1420.53,1383.825,1511.345,1361.88,1056.02,785.25,643.465,92.18,89.96,89.71,67.1,69.44,102.28,128.02,136.73,106.56,68.46,27.24,1.79,-0.2,-0.28,17.36,38.6,96.03,141.1,171.17,167.77,142.51,117.77,107.46,100.5,1,1,0,0,0,1,0,0,1,0,1,0,0,0,0,1,1,1,0,0,1,0,1,1
1272,2340.24,2093.1775000000002,1925.35,1773.94,1765.0774999999999,1635.42,1709.1525000000001,1560.925,1320.1675,1250.2475,1236.4325,1282.9775,1111.395,1284.3600000000001,1106.25,1333.7825,1453.5025,1420.53,1383.825,1511.345,1361.88,1056.02,785.25,643.465,204.12,101.46,97.67,98.58,101.74,110.71,153.27,140.98,99.91,76.08,38.9,6.7,3.13,3.41,30.98,62.63,120.26,154.93,279.34,251.99,163.48,136.61,124.83,117.5,0,0,0,1,1,0,1,0,1,1,0,0,1,1,1,1,1,1,0,0,1,0,0,1
1273,2340.24,2093.1775000000002,1925.35,1773.94,1765.0774999999999,1635.42,1709.1525000000001,1560.925,1320.1675,1250.2475,1236.4325,1282.9775,1111.395,1284.3600000000001,1106.25,1333.7825,1453.5025,1420.53,1383.825,1511.345,1361.88,1056.02,785.25,643.465,204.12,101.46,97.67,98.58,101.74,110.71,153.27,140.98,99.91,76.08,38.9,6.7,3.13,3.41,30.98,62.63,120.26,154.93,279.34,251.99,163.48,136.61,124.83,117.5,1,1,0,1,1,0,0,0,0,0,1,1,1,0,0,0,0,1,0,0,1,1,0,0
1274,2340.24,2093.1775000000002,1925.35,1773.94,1765.0774999999999,1635.42,1709.1525000000001,1560.925,1320.1675,1250.2475,1236.4325,1282.9775,1111.395,1284.3600000000001,1106.25,1333.7825,1453.5025,1420.53,1383.825,1511.345,1361.88,1056.02,785.25,643.465,204.12,101.46,97.67,98.58,101.74,110.71,153.27,140.98,99.91,76.08,38.9,6.7,3.13,3.41,30.98,62.63,120.26,154.93,279.34,251.99,163.48,136.61,124.83,117.5,0,1,0,0,0,1,0,1,1,1,0,0,0,0,0,0,1,1,1,0,0,1,1,0
1275,2340.24,2093.1775000000002,1925.35,1773.94,1765.0774999999999,1635.42,1709.1525000000001,1560.925,1320.1675,1250.2475,1236.4325,1282.9775,1111.395,1284.3600000000001,1106.25,1333.7825,1453.5025,1420.53,1383.825,1511.345,1361.88,1056.02,785.25,643.465,204.12,101.46,97.67,98.58,101.74,110.71,153.27,140.98,99.91,76.08,38.9,6.7,3.13,3.41,30.98,62.63,120.26,154.93,279.34,251.99,163.48,136.61,124.83,117.5,1,1,0,0,0,1,0,0,1,0,1,0,0,0,0,1,1,1,0,0,1,0,1,1
1276,2340.24,2093.1775000000002,1925.35,1773.94,1765.0774999999999,1635.42,1709.1525000000001,1560.925,1320.1675,1250.2475,1236.4325,1282.9775,1111.395,1284.3600000000001,1106.25,1333.7825,1453.5025,1420.53,1383.825,1511.345,1361.88,1056.02,785.25,643.465,107.45,102.55,101.34,102.15,106.74,122.73,158.29,147.93,108.19,73.39,28.86,3.96,-0.56,-0.16,27.42,40.28,109.8,147.64,248.27,220.53,176.9,138.38,124.58,111.27,0,0,0,1,1,0,1,0,1,1,0,0,1,1,1,1,1,1,0,0,1,0,0,1
1277,2340.24,2093.1775000000002,1925.35,1773.94,1765.0774999999999,1635.42,1709.1525000000001,1560.925,1320.1675,1250.2475,1236.4325,1282.9775,1111.395,1284.3600000000001,1106.25,1333.7825,1453.5025,1420.53,1383.825,1511.345,1361.88,1056.02,785.25,643.465,107.45,102.55,101.34,102.15,106.74,122.73,158.29,147.93,108.19,73.39,28.86,3.96,-0.56,-0.16,27.42,40.28,109.8,147.64,248.27,220.53,176.9,138.38,124.58,111.27,1,1,0,1,1,0,0,0,0,0,1,1,1,0,0,0,0,1,0,0,1,1,0,0
1278,2340.24,2093.1775000000002,1925.35,1773.94,1765.0774999999999,1635.42,1709.1525000000001,1560.925,1320.1675,1250.2475,1236.4325,1282.9775,1111.395,1284.3600000000001,1106.25,1333.7825,1453.5025,1420.53,1383.825,1511.345,1361.88,1056.02,785.25,643.465,107.45,102.55,101.34,102.15,106.74,122.73,158.29,147.93,108.19,73.39,28.86,3.96,-0.56,-0.16,27.42,40.28,109.8,147.64,248.27,220.53,176.9,138.38,124.58,111.27,0,1,0,0,0,1,0,1,1,1,0,0,0,0,0,0,1,1,1,0,0,1,1,0
1279,2340.24,2093.1775000000002,1925.35,1773.94,1765.0774999999999,1635.42,1709.1525000000001,1560.925,1320.1675,1250.2475,1236.4325,1282.9775,1111.395,1284.3600000000001,1106.25,1333.7825,1453.5025,1420.53,1383.825,1511.345,1361.88,1056.02,785.25,643.465,107.45,102.55,101.34,102.15,106.74,122.73,158.29,147.93,108.19,73.39,28.86,3.96,-0.56,-0.16,27.42,40.28,109.8,147.64,248.27,220.53,176.9,138.38,124.58,111.27,1,1,0,0,0,1,0,0,1,0,1,0,0,0,0,1,1,1,0,0,1,0,1,1
1280,761.6725,910.4975,911.3475,739.4725,872.0525,730.95,717.28,717.5475,688.7325000000001,689.2875,693.165,852.1075000000001,940.2225000000001,809.745,1017.7125,801.81,845.0025,1106.81,1283.175,1613.5725,2302.9125,2764.0225,2647.755,2389.2075,128.2,120.38,117.09,112.15,109.75,111.89,117.11,135.81,138.82,137.77,125.08,112.1,102.21,97.27,99.39,97.8,125.41,145.0,158.55,150.78,133.41,125.42,122.03,119.92,0,0,0,1,1,0,1,0,1,1,0,0,1,1,1,1,1,1,0,0,1,0,0,1
1281,761.6725,910.4975,911.3475,739.4725,872.0525,730.95,717.28,717.5475,688.7325000000001,689.2875,693.165,852.1075000000001,940.2225000000001,809.745,1017.7125,801.81,845.0025,1106.81,1283.175,1613.5725,2302.9125,2764.0225,2647.755,2389.2075,128.2,120.38,117.09,112.15,109.75,111.89,117.11,135.81,138.82,137.77,125.08,112.1,102.21,97.27,99.39,97.8,125.41,145.0,158.55,150.78,133.41,125.42,122.03,119.92,1,1,0,1,1,0,0,0,0,0,1,1,1,0,0,0,0,1,0,0,1,1,0,0
1282,761.6725,910.4975,911.3475,739.4725,872.0525,730.95,717.28,717.5475,688.7325000000001,689.2875,693.165,852.1075000000001,940.2225000000001,809.745,1017.7125,801.81,845.0025,1106.81,1283.175,1613.5725,2302.9125,2764.0225,2647.755,2389.2075,128.2,120.38,117.09,112.15,109.75,111.89,117.11,135.81,138.82,137.77,125.08,112.1,102.21,97.27,99.39,97.8,125.41,145.0,158.55,150.78,133.41,125.42,122.03,119.92,0,1,0,0,0,1,0,1,1,1,0,0,0,0,0,0,1,1,1,0,0,1,1,0
1283,761.6725,910.4975,911.3475,739.4725,872.0525,730.95,717.28,717.5475,688.7325000000001,689.2875,693.165,852.1075000000001,940.2225000000001,809.745,1017.7125,801.81,845.0025,1106.81,1283.175,1613.5725,2302.9125,2764.0225,2647.755,2389.2075,128.2,120.38,117.09,112.15,109.75,111.89,117.11,135.81,138.82,137.77,125.08,112.1,102.21,97.27,99.39,97.8,125.41,145.0,158.55,150.78,133.41,125.42,122.03,119.92,1,1,0,0,0,1,0,0,1,0,1,0,0,0,0,1,1,1,0,0,1,0,1,1
1284,761.6725,910.4975,911.3475,739.4725,872.0525,730.95,717.28,717.5475,688.7325000000001,689.2875,693.165,852.1075000000001,940.2225000000001,809.745,1017.7125,801.81,845.0025,1106.81,1283.175,1613.5725,2302.9125,2764.0225,2647.755,2389.2075,102.61,57.86,30.22,21.37,19.06,19.05,43.56,90.69,103.11,89.0,33.71,11.22,7.4,3.14,2.85,19.0,54.16,99.69,136.58,117.23,80.9,61.1,35.12,25.41,0,0,0,1,1,0,1,0,1,1,0,0,1,1,1,1,1,1,0,0,1,0,0,1
1285,761.6725,910.4975,911.3475,739.4725,872.0525,730.95,717.28,717.5475,688.7325000000001,689.2875,693.165,852.1075000000001,940.2225000000001,809.745,1017.7125,801.81,845.0025,1106.81,1283.175,1613.5725,2302.9125,2764.0225,2647.755,2389.2075,102.61,57.86,30.22,21.37,19.06,19.05,43.56,90.69,103.11,89.0,33.71,11.22,7.4,3.14,2.85,19.0,54.16,99.69,136.58,117.23,80.9,61.1,35.12,25.41,1,1,0,1,1,0,0,0,0,0,1,1,1,0,0,0,0,1,0,0,1,1,0,0
1286,761.6725,910.4975,911.3475,739.4725,872.0525,730.95,717.28,717.5475,688.7325000000001,689.2875,693.165,852.1075000000001,940.2225000000001,809.745,1017.7125,801.81,845.0025,1106.81,1283.175,1613.5725,2302.9125,2764.0225,2647.755,2389.2075,102.61,57.86,30.22,21.37,19.06,19.05,43.56,90.69,103.11,89.0,33.71,11.22,7.4,3.14,2.85,19.0,54.16,99.69,136.58,117.23,80.9,61.1,35.12,25.41,0,1,0,0,0,1,0,1,1,1,0,0,0,0,0,0,1,1,1,0,0,1,1,0
1287,761.6725,910.4975,911.3475,739.4725,872.0525,730.95,717.28,717.5475,688.7325000000001,689.2875,693.165,852.1075000000001,940.2225000000001,809.745,1017.7125,801.81,845.0025,1106.81,1283.175,1613.5725,2302.9125,2764.0225,2647.755,2389.2075,102.61,57.86,30.22,21.37,19.06,19.05,43.56,90.69,103.11,89.0,33.71,11.22,7.4,3.14,2.85,19.0,54.16,99.69,136.58,117.23,80.9,61.1,35.12,25.41,1,1,0,0,0,1,0,0,1,0,1,0,0,0,0,1,1,1,0,0,1,0,1,1
1288,761.6725,910.4975,911.3475,739.4725,872.0525,730.95,717.28,717.5475,688.7325000000001,689.2875,693.165,852.1075000000001,940.2225000000001,809.745,1017.7125,801.81,845.0025,1106.81,1283.175,1613.5725,2302.9125,2764.0225,2647.755,2389.2075,28.31,27.04,25.8,20.11,14.94,20.11,41.81,58.7,70.1,44.59,20.1,4.29,2.43,1.67,10.81,34.89,70.65,129.19,163.66,102.7,88.19,79.94,69.01,40.3,0,0,0,1,1,0,1,0,1,1,0,0,1,1,1,1,1,1,0,0,1,0,0,1
1289,761.6725,910.4975,911.3475,739.4725,872.0525,730.95,717.28,717.5475,688.7325000000001,689.2875,693.165,852.1075000000001,940.2225000000001,809.745,1017.7125,801.81,845.0025,1106.81,1283.175,1613.5725,2302.9125,2764.0225,2647.755,2389.2075,28.31,27.04,25.8,20.11,14.94,20.11,41.81,58.7,70.1,44.59,20.1,4.29,2.43,1.67,10.81,34.89,70.65,129.19,163.66,102.7,88.19,79.94,69.01,40.3,1,1,0,1,1,0,0,0,0,0,1,1,1,0,0,0,0,1,0,0,1,1,0,0
1290,761.6725,910.4975,911.3475,739.4725,872.0525,730.95,717.28,717.5475,688.7325000000001,689.2875,693.165,852.1075000000001,940.2225000000001,809.745,1017.7125,801.81,845.0025,1106.81,1283.175,1613.5725,2302.9125,2764.0225,2647.755,2389.2075,28.31,27.04,25.8,20.11,14.94,20.11,41.81,58.7,70.1,44.59,20.1,4.29,2.43,1.67,10.81,34.89,70.65,129.19,163.66,102.7,88.19,79.94,69.01,40.3,0,1,0,0,0,1,0,1,1,1,0,0,0,0,0,0,1,1,1,0,0,1,1,0
1291,761.6725,910.4975,911.3475,739.4725,872.0525,730.95,717.28,717.5475,688.7325000000001,689.2875,693.165,852.1075000000001,940.2225000000001,809.745,1017.7125,801.81,845.0025,1106.81,1283.175,1613.5725,2302.9125,2764.0225,2647.755,2389.2075,28.31,27.04,25.8,20.11,14.94,20.11,41.81,58.7,70.1,44.59,20.1,4.29,2.43,1.67,10.81,34.89,70.65,129.19,163.66,102.7,88.19,79.94,69.01,40.3,1,1,0,0,0,1,0,0,1,0,1,0,0,0,0,1,1,1,0,0,1,0,1,1
1292,761.6725,910.4975,911.3475,739.4725,872.0525,730.95,717.28,717.5475,688.7325000000001,689.2875,693.165,852.1075000000001,940.2225000000001,809.745,1017.7125,801.81,845.0025,1106.81,1283.175,1613.5725,2302.9125,2764.0225,2647.755,2389.2075,65.55,54.39,32.29,20.11,20.1,42.51,52.96,65.9,62.85,61.23,25.3,13.26,4.0,4.04,10.11,30.07,32.66,74.91,64.54,42.3,29.85,25.33,25.52,20.1,0,0,0,1,1,0,1,0,1,1,0,0,1,1,1,1,1,1,0,0,1,0,0,1
1293,761.6725,910.4975,911.3475,739.4725,872.0525,730.95,717.28,717.5475,688.7325000000001,689.2875,693.165,852.1075000000001,940.2225000000001,809.745,1017.7125,801.81,845.0025,1106.81,1283.175,1613.5725,2302.9125,2764.0225,2647.755,2389.2075,65.55,54.39,32.29,20.11,20.1,42.51,52.96,65.9,62.85,61.23,25.3,13.26,4.0,4.04,10.11,30.07,32.66,74.91,64.54,42.3,29.85,25.33,25.52,20.1,1,1,0,1,1,0,0,0,0,0,1,1,1,0,0,0,0,1,0,0,1,1,0,0
1294,761.6725,910.4975,911.3475,739.4725,872.0525,730.95,717.28,717.5475,688.7325000000001,689.2875,693.165,852.1075000000001,940.2225000000001,809.745,1017.7125,801.81,845.0025,1106.81,1283.175,1613.5725,2302.9125,2764.0225,2647.755,2389.2075,65.55,54.39,32.29,20.11,20.1,42.51,52.96,65.9,62.85,61.23,25.3,13.26,4.0,4.04,10.11,30.07,32.66,74.91,64.54,42.3,29.85,25.33,25.52,20.1,0,1,0,0,0,1,0,1,1,1,0,0,0,0,0,0,1,1,1,0,0,1,1,0
1295,761.6725,910.4975,911.3475,739.4725,872.0525,730.95,717.28,717.5475,688.7325000000001,689.2875,693.165,852.1075000000001,940.2225000000001,809.745,1017.7125,801.81,845.0025,1106.81,1283.175,1613.5725,2302.9125,2764.0225,2647.755,2389.2075,65.55,54.39,32.29,20.11,20.1,42.51,52.96,65.9,62.85,61.23,25.3,13.26,4.0,4.04,10.11,30.07,32.66,74.91,64.54,42.3,29.85,25.33,25.52,20.1,1,1,0,0,0,1,0,0,1,0,1,0,0,0,0,1,1,1,0,0,1,0,1,1
1296,761.6725,910.4975,911.3475,739.4725,872.0525,730.95,717.28,717.5475,688.7325000000001,689.2875,693.165,852.1075000000001,940.2225000000001,809.745,1017.7125,801.81,845.0025,1106.81,1283.175,1613.5725,2302.9125,2764.0225,2647.755,2389.2075,4.0,4.0,4.0,4.0,9.8,4.0,16.04,43.93,39.29,12.6,0.34,-0.67,-0.7,-0.78,0.01,3.97,13.23,60.4,60.41,43.5,34.76,33.55,31.31,31.16,0,0,0,1,1,0,1,0,1,1,0,0,1,1,1,1,1,1,0,0,1,0,0,1
1297,761.6725,910.4975,911.3475,739.4725,872.0525,730.95,717.28,717.5475,688.7325000000001,689.2875,693.165,852.1075000000001,940.2225000000001,809.745,1017.7125,801.81,845.0025,1106.81,1283.175,1613.5725,2302.9125,2764.0225,2647.755,2389.2075,4.0,4.0,4.0,4.0,9.8,4.0,16.04,43.93,39.29,12.6,0.34,-0.67,-0.7,-0.78,0.01,3.97,13.23,60.4,60.41,43.5,34.76,33.55,31.31,31.16,1,1,0,1,1,0,0,0,0,0,1,1,1,0,0,0,0,1,0,0,1,1,0,0
1298,761.6725,910.4975,911.3475,739.4725,872.0525,730.95,717.28,717.5475,688.7325000000001,689.2875,693.165,852.1075000000001,940.2225000000001,809.745,1017.7125,801.81,845.0025,1106.81,1283.175,1613.5725,2302.9125,2764.0225,2647.755,2389.2075,4.0,4.0,4.0,4.0,9.8,4.0,16.04,43.93,39.29,12.6,0.34,-0.67,-0.7,-0.78,0.01,3.97,13.23,60.4,60.41,43.5,34.76,33.55,31.31,31.16,0,1,0,0,0,1,0,1,1,1,0,0,0,0,0,0,1,1,1,0,0,1,1,0
1299,761.6725,910.4975,911.3475,739.4725,872.0525,730.95,717.28,717.5475,688.7325000000001,689.2875,693.165,852.1075000000001,940.2225000000001,809.745,1017.7125,801.81,845.0025,1106.81,1283.175,1613.5725,2302.9125,2764.0225,2647.755,2389.2075,4.0,4.0,4.0,4.0,9.8,4.0,16.04,43.93,39.29,12.6,0.34,-0.67,-0.7,-0.78,0.01,3.97,13.23,60.4,60.41,43.5,34.76,33.55,31.31,31.16,1,1,0,0,0,1,0,0,1,0,1,0,0,0,0,1,1,1,0,0,1,0,1,1
1300,761.6725,910.4975,911.3475,739.4725,872.0525,730.95,717.28,717.5475,688.7325000000001,689.2875,693.165,852.1075000000001,940.2225000000001,809.745,1017.7125,801.81,845.0025,1106.81,1283.175,1613.5725,2302.9125,2764.0225,2647.755,2389.2075,30.3,29.53,35.47,39.26,47.4,65.97,93.16,139.44,108.51,78.7,50.47,4.02,0.08,0.02,13.16,63.61,99.2,129.7,165.36,149.11,125.64,106.63,101.47,91.11,0,0,0,1,1,0,1,0,1,1,0,0,1,1,1,1,1,1,0,0,1,0,0,1
1301,761.6725,910.4975,911.3475,739.4725,872.0525,730.95,717.28,717.5475,688.7325000000001,689.2875,693.165,852.1075000000001,940.2225000000001,809.745,1017.7125,801.81,845.0025,1106.81,1283.175,1613.5725,2302.9125,2764.0225,2647.755,2389.2075,30.3,29.53,35.47,39.26,47.4,65.97,93.16,139.44,108.51,78.7,50.47,4.02,0.08,0.02,13.16,63.61,99.2,129.7,165.36,149.11,125.64,106.63,101.47,91.11,1,1,0,1,1,0,0,0,0,0,1,1,1,0,0,0,0,1,0,0,1,1,0,0
1302,761.6725,910.4975,911.3475,739.4725,872.0525,730.95,717.28,717.5475,688.7325000000001,689.2875,693.165,852.1075000000001,940.2225000000001,809.745,1017.7125,801.81,845.0025,1106.81,1283.175,1613.5725,2302.9125,2764.0225,2647.755,2389.2075,30.3,29.53,35.47,39.26,47.4,65.97,93.16,139.44,108.51,78.7,50.47,4.02,0.08,0.02,13.16,63.61,99.2,129.7,165.36,149.11,125.64,106.63,101.47,91.11,0,1,0,0,0,1,0,1,1,1,0,0,0,0,0,0,1,1,1,0,0,1,1,0
1303,761.6725,910.4975,911.3475,739.4725,872.0525,730.95,717.28,717.5475,688.7325000000001,689.2875,693.165,852.1075000000001,940.2225000000001,809.745,1017.7125,801.81,845.0025,1106.81,1283.175,1613.5725,2302.9125,2764.0225,2647.755,2389.2075,30.3,29.53,35.47,39.26,47.4,65.97,93.16,139.44,108.51,78.7,50.47,4.02,0.08,0.02,13.16,63.61,99.2,129.7,165.36,149.11,125.64,106.63,101.47,91.11,1,1,0,0,0,1,0,0,1,0,1,0,0,0,0,1,1,1,0,0,1,0,1,1
1304,761.6725,910.4975,911.3475,739.4725,872.0525,730.95,717.28,717.5475,688.7325000000001,689.2875,693.165,852.1075000000001,940.2225000000001,809.745,1017.7125,801.81,845.0025,1106.81,1283.175,1613.5725,2302.9125,2764.0225,2647.755,2389.2075,90.27,90.27,91.38,91.69,98.13,115.16,135.67,147.7,122.23,83.0,65.3,31.51,13.08,8.08,37.05,90.15,126.99,149.92,216.65,178.68,148.7,132.4,119.11,111.83,0,0,0,1,1,0,1,0,1,1,0,0,1,1,1,1,1,1,0,0,1,0,0,1
1305,761.6725,910.4975,911.3475,739.4725,872.0525,730.95,717.28,717.5475,688.7325000000001,689.2875,693.165,852.1075000000001,940.2225000000001,809.745,1017.7125,801.81,845.0025,1106.81,1283.175,1613.5725,2302.9125,2764.0225,2647.755,2389.2075,90.27,90.27,91.38,91.69,98.13,115.16,135.67,147.7,122.23,83.0,65.3,31.51,13.08,8.08,37.05,90.15,126.99,149.92,216.65,178.68,148.7,132.4,119.11,111.83,1,1,0,1,1,0,0,0,0,0,1,1,1,0,0,0,0,1,0,0,1,1,0,0
1306,761.6725,910.4975,911.3475,739.4725,872.0525,730.95,717.28,717.5475,688.7325000000001,689.2875,693.165,852.1075000000001,940.2225000000001,809.745,1017.7125,801.81,845.0025,1106.81,1283.175,1613.5725,2302.9125,2764.0225,2647.755,2389.2075,90.27,90.27,91.38,91.69,98.13,115.16,135.67,147.7,122.23,83.0,65.3,31.51,13.08,8.08,37.05,90.15,126.99,149.92,216.65,178.68,148.7,132.4,119.11,111.83,0,1,0,0,0,1,0,1,1,1,0,0,0,0,0,0,1,1,1,0,0,1,1,0
1307,761.6725,910.4975,911.3475,739.4725,872.0525,730.95,717.28,717.5475,688.7325000000001,689.2875,693.165,852.1075000000001,940.2225000000001,809.745,1017.7125,801.81,845.0025,1106.81,1283.175,1613.5725,2302.9125,2764.0225,2647.755,2389.2075,90.27,90.27,91.38,91.69,98.13,115.16,135.67,147.7,122.23,83.0,65.3,31.51,13.08,8.08,37.05,90.15,126.99,149.92,216.65,178.68,148.7,132.4,119.11,111.83,1,1,0,0,0,1,0,0,1,0,1,0,0,0,0,1,1,1,0,0,1,0,1,1
1308,761.6725,910.4975,911.3475,739.4725,872.0525,730.95,717.28,717.5475,688.7325000000001,689.2875,693.165,852.1075000000001,940.2225000000001,809.745,1017.7125,801.81,845.0025,1106.81,1283.175,1613.5725,2302.9125,2764.0225,2647.755,2389.2075,124.97,113.94,117.22,116.76,118.42,121.3,127.82,120.6,98.05,72.54,18.05,2.07,-0.33,-0.1,2.76,53.53,100.87,145.58,174.04,140.03,111.21,100.01,99.24,97.9,0,0,0,1,1,0,1,0,1,1,0,0,1,1,1,1,1,1,0,0,1,0,0,1
1309,761.6725,910.4975,911.3475,739.4725,872.0525,730.95,717.28,717.5475,688.7325000000001,689.2875,693.165,852.1075000000001,940.2225000000001,809.745,1017.7125,801.81,845.0025,1106.81,1283.175,1613.5725,2302.9125,2764.0225,2647.755,2389.2075,124.97,113.94,117.22,116.76,118.42,121.3,127.82,120.6,98.05,72.54,18.05,2.07,-0.33,-0.1,2.76,53.53,100.87,145.58,174.04,140.03,111.21,100.01,99.24,97.9,1,1,0,1,1,0,0,0,0,0,1,1,1,0,0,0,0,1,0,0,1,1,0,0
1310,761.6725,910.4975,911.3475,739.4725,872.0525,730.95,717.28,717.5475,688.7325000000001,689.2875,693.165,852.1075000000001,940.2225000000001,809.745,1017.7125,801.81,845.0025,1106.81,1283.175,1613.5725,2302.9125,2764.0225,2647.755,2389.2075,124.97,113.94,117.22,116.76,118.42,121.3,127.82,120.6,98.05,72.54,18.05,2.07,-0.33,-0.1,2.76,53.53,100.87,145.58,174.04,140.03,111.21,100.01,99.24,97.9,0,1,0,0,0,1,0,1,1,1,0,0,0,0,0,0,1,1,1,0,0,1,1,0
1311,761.6725,910.4975,911.3475,739.4725,872.0525,730.95,717.28,717.5475,688.7325000000001,689.2875,693.165,852.1075000000001,940.2225000000001,809.745,1017.7125,801.81,845.0025,1106.81,1283.175,1613.5725,2302.9125,2764.0225,2647.755,2389.2075,124.97,113.94,117.22,116.76,118.42,121.3,127.82,120.6,98.05,72.54,18.05,2.07,-0.33,-0.1,2.76,53.53,100.87,145.58,174.04,140.03,111.21,100.01,99.24,97.9,1,1,0,0,0,1,0,0,1,0,1,0,0,0,0,1,1,1,0,0,1,0,1,1
1312,761.6725,910.4975,911.3475,739.4725,872.0525,730.95,717.28,717.5475,688.7325000000001,689.2875,693.165,852.1075000000001,940.2225000000001,809.745,1017.7125,801.81,845.0025,1106.81,1283.175,1613.5725,2302.9125,2764.0225,2647.755,2389.2075,95.19,94.81,94.44,96.51,98.67,101.51,100.0,93.0,59.02,24.41,21.32,3.95,1.29,3.95,11.03,28.01,68.99,107.86,134.15,132.71,114.54,107.87,104.56,103.64,0,0,0,1,1,0,1,0,1,1,0,0,1,1,1,1,1,1,0,0,1,0,0,1
1313,761.6725,910.4975,911.3475,739.4725,872.0525,730.95,717.28,717.5475,688.7325000000001,689.2875,693.165,852.1075000000001,940.2225000000001,809.745,1017.7125,801.81,845.0025,1106.81,1283.175,1613.5725,2302.9125,2764.0225,2647.755,2389.2075,95.19,94.81,94.44,96.51,98.67,101.51,100.0,93.0,59.02,24.41,21.32,3.95,1.29,3.95,11.03,28.01,68.99,107.86,134.15,132.71,114.54,107.87,104.56,103.64,1,1,0,1,1,0,0,0,0,0,1,1,1,0,0,0,0,1,0,0,1,1,0,0
1314,761.6725,910.4975,911.3475,739.4725,872.0525,730.95,717.28,717.5475,688.7325000000001,689.2875,693.165,852.1075000000001,940.2225000000001,809.745,1017.7125,801.81,845.0025,1106.81,1283.175,1613.5725,2302.9125,2764.0225,2647.755,2389.2075,95.19,94.81,94.44,96.51,98.67,101.51,100.0,93.0,59.02,24.41,21.32,3.95,1.29,3.95,11.03,28.01,68.99,107.86,134.15,132.71,114.54,107.87,104.56,103.64,0,1,0,0,0,1,0,1,1,1,0,0,0,0,0,0,1,1,1,0,0,1,1,0
1315,761.6725,910.4975,911.3475,739.4725,872.0525,730.95,717.28,717.5475,688.7325000000001,689.2875,693.165,852.1075000000001,940.2225000000001,809.745,1017.7125,801.81,845.0025,1106.81,1283.175,1613.5725,2302.9125,2764.0225,2647.755,2389.2075,95.19,94.81,94.44,96.51,98.67,101.51,100.0,93.0,59.02,24.41,21.32,3.95,1.29,3.95,11.03,28.01,68.99,107.86,134.15,132.71,114.54,107.87,104.56,103.64,1,1,0,0,0,1,0,0,1,0,1,0,0,0,0,1,1,1,0,0,1,0,1,1
1316,761.6725,910.4975,911.3475,739.4725,872.0525,730.95,717.28,717.5475,688.7325000000001,689.2875,693.165,852.1075000000001,940.2225000000001,809.745,1017.7125,801.81,845.0025,1106.81,1283.175,1613.5725,2302.9125,2764.0225,2647.755,2389.2075,95.84,94.92,96.7,96.86,89.98,101.13,148.63,159.87,134.08,98.92,84.44,77.92,76.06,77.36,83.96,97.54,127.59,148.1,175.06,160.4,142.28,126.68,106.87,97.93,0,0,0,1,1,0,1,0,1,1,0,0,1,1,1,1,1,1,0,0,1,0,0,1
1317,761.6725,910.4975,911.3475,739.4725,872.0525,730.95,717.28,717.5475,688.7325000000001,689.2875,693.165,852.1075000000001,940.2225000000001,809.745,1017.7125,801.81,845.0025,1106.81,1283.175,1613.5725,2302.9125,2764.0225,2647.755,2389.2075,95.84,94.92,96.7,96.86,89.98,101.13,148.63,159.87,134.08,98.92,84.44,77.92,76.06,77.36,83.96,97.54,127.59,148.1,175.06,160.4,142.28,126.68,106.87,97.93,1,1,0,1,1,0,0,0,0,0,1,1,1,0,0,0,0,1,0,0,1,1,0,0
1318,761.6725,910.4975,911.3475,739.4725,872.0525,730.95,717.28,717.5475,688.7325000000001,689.2875,693.165,852.1075000000001,940.2225000000001,809.745,1017.7125,801.81,845.0025,1106.81,1283.175,1613.5725,2302.9125,2764.0225,2647.755,2389.2075,95.84,94.92,96.7,96.86,89.98,101.13,148.63,159.87,134.08,98.92,84.44,77.92,76.06,77.36,83.96,97.54,127.59,148.1,175.06,160.4,142.28,126.68,106.87,97.93,0,1,0,0,0,1,0,1,1,1,0,0,0,0,0,0,1,1,1,0,0,1,1,0
1319,761.6725,910.4975,911.3475,739.4725,872.0525,730.95,717.28,717.5475,688.7325000000001,689.2875,693.165,852.1075000000001,940.2225000000001,809.745,1017.7125,801.81,845.0025,1106.81,1283.175,1613.5725,2302.9125,2764.0225,2647.755,2389.2075,95.84,94.92,96.7,96.86,89.98,101.13,148.63,159.87,134.08,98.92,84.44,77.92,76.06,77.36,83.96,97.54,127.59,148.1,175.06,160.4,142.28,126.68,106.87,97.93,1,1,0,0,0,1,0,0,1,0,1,0,0,0,0,1,1,1,0,0,1,0,1,1
1320,761.6725,910.4975,911.3475,739.4725,872.0525,730.95,717.28,717.5475,688.7325000000001,689.2875,693.165,852.1075000000001,940.2225000000001,809.745,1017.7125,801.81,845.0025,1106.81,1283.175,1613.5725,2302.9125,2764.0225,2647.755,2389.2075,104.39,101.79,99.72,100.48,102.51,110.88,148.14,153.09,146.54,128.53,102.0,97.48,96.45,98.39,102.35,112.84,132.9,172.03,205.15,181.06,149.49,133.05,121.27,107.36,0,0,0,1,1,0,1,0,1,1,0,0,1,1,1,1,1,1,0,0,1,0,0,1
1321,761.6725,910.4975,911.3475,739.4725,872.0525,730.95,717.28,717.5475,688.7325000000001,689.2875,693.165,852.1075000000001,940.2225000000001,809.745,1017.7125,801.81,845.0025,1106.81,1283.175,1613.5725,2302.9125,2764.0225,2647.755,2389.2075,104.39,101.79,99.72,100.48,102.51,110.88,148.14,153.09,146.54,128.53,102.0,97.48,96.45,98.39,102.35,112.84,132.9,172.03,205.15,181.06,149.49,133.05,121.27,107.36,1,1,0,1,1,0,0,0,0,0,1,1,1,0,0,0,0,1,0,0,1,1,0,0
1322,761.6725,910.4975,911.3475,739.4725,872.0525,730.95,717.28,717.5475,688.7325000000001,689.2875,693.165,852.1075000000001,940.2225000000001,809.745,1017.7125,801.81,845.0025,1106.81,1283.175,1613.5725,2302.9125,2764.0225,2647.755,2389.2075,104.39,101.79,99.72,100.48,102.51,110.88,148.14,153.09,146.54,128.53,102.0,97.48,96.45,98.39,102.35,112.84,132.9,172.03,205.15,181.06,149.49,133.05,121.27,107.36,0,1,0,0,0,1,0,1,1,1,0,0,0,0,0,0,1,1,1,0,0,1,1,0
1323,761.6725,910.4975,911.3475,739.4725,872.0525,730.95,717.28,717.5475,688.7325000000001,689.2875,693.165,852.1075000000001,940.2225000000001,809.745,1017.7125,801.81,845.0025,1106.81,1283.175,1613.5725,2302.9125,2764.0225,2647.755,2389.2075,104.39,101.79,99.72,100.48,102.51,110.88,148.14,153.09,146.54,128.53,102.0,97.48,96.45,98.39,102.35,112.84,132.9,172.03,205.15,181.06,149.49,133.05,121.27,107.36,1,1,0,0,0,1,0,0,1,0,1,0,0,0,0,1,1,1,0,0,1,0,1,1
1324,761.6725,910.4975,911.3475,739.4725,872.0525,730.95,717.28,717.5475,688.7325000000001,689.2875,693.165,852.1075000000001,940.2225000000001,809.745,1017.7125,801.81,845.0025,1106.81,1283.175,1613.5725,2302.9125,2764.0225,2647.755,2389.2075,101.74,100.11,97.82,97.43,101.85,110.37,144.57,161.75,148.49,125.02,102.64,99.73,98.11,99.95,101.69,117.81,140.35,159.04,199.9,179.58,148.09,132.26,120.02,109.91,0,0,0,1,1,0,1,0,1,1,0,0,1,1,1,1,1,1,0,0,1,0,0,1
1325,761.6725,910.4975,911.3475,739.4725,872.0525,730.95,717.28,717.5475,688.7325000000001,689.2875,693.165,852.1075000000001,940.2225000000001,809.745,1017.7125,801.81,845.0025,1106.81,1283.175,1613.5725,2302.9125,2764.0225,2647.755,2389.2075,101.74,100.11,97.82,97.43,101.85,110.37,144.57,161.75,148.49,125.02,102.64,99.73,98.11,99.95,101.69,117.81,140.35,159.04,199.9,179.58,148.09,132.26,120.02,109.91,1,1,0,1,1,0,0,0,0,0,1,1,1,0,0,0,0,1,0,0,1,1,0,0
1326,761.6725,910.4975,911.3475,739.4725,872.0525,730.95,717.28,717.5475,688.7325000000001,689.2875,693.165,852.1075000000001,940.2225000000001,809.745,1017.7125,801.81,845.0025,1106.81,1283.175,1613.5725,2302.9125,2764.0225,2647.755,2389.2075,101.74,100.11,97.82,97.43,101.85,110.37,144.57,161.75,148.49,125.02,102.64,99.73,98.11,99.95,101.69,117.81,140.35,159.04,199.9,179.58,148.09,132.26,120.02,109.91,0,1,0,0,0,1,0,1,1,1,0,0,0,0,0,0,1,1,1,0,0,1,1,0
1327,761.6725,910.4975,911.3475,739.4725,872.0525,730.95,717.28,717.5475,688.7325000000001,689.2875,693.165,852.1075000000001,940.2225000000001,809.745,1017.7125,801.81,845.0025,1106.81,1283.175,1613.5725,2302.9125,2764.0225,2647.755,2389.2075,101.74,100.11,97.82,97.43,101.85,110.37,144.57,161.75,148.49,125.02,102.64,99.73,98.11,99.95,101.69,117.81,140.35,159.04,199.9,179.58,148.09,132.26,120.02,109.91,1,1,0,0,0,1,0,0,1,0,1,0,0,0,0,1,1,1,0,0,1,0,1,1
1328,761.6725,910.4975,911.3475,739.4725,872.0525,730.95,717.28,717.5475,688.7325000000001,689.2875,693.165,852.1075000000001,940.2225000000001,809.745,1017.7125,801.81,845.0025,1106.81,1283.175,1613.5725,2302.9125,2764.0225,2647.755,2389.2075,108.49,102.22,98.96,96.69,98.33,105.87,132.7,160.74,160.99,154.8,123.84,110.75,110.08,108.28,107.6,110.02,121.56,142.95,166.09,173.42,148.99,135.69,123.41,111.53,0,0,0,1,1,0,1,0,1,1,0,0,1,1,1,1,1,1,0,0,1,0,0,1
1329,761.6725,910.4975,911.3475,739.4725,872.0525,730.95,717.28,717.5475,688.7325000000001,689.2875,693.165,852.1075000000001,940.2225000000001,809.745,1017.7125,801.81,845.0025,1106.81,1283.175,1613.5725,2302.9125,2764.0225,2647.755,2389.2075,108.49,102.22,98.96,96.69,98.33,105.87,132.7,160.74,160.99,154.8,123.84,110.75,110.08,108.28,107.6,110.02,121.56,142.95,166.09,173.42,148.99,135.69,123.41,111.53,1,1,0,1,1,0,0,0,0,0,1,1,1,0,0,0,0,1,0,0,1,1,0,0
1330,761.6725,910.4975,911.3475,739.4725,872.0525,730.95,717.28,717.5475,688.7325000000001,689.2875,693.165,852.1075000000001,940.2225000000001,809.745,1017.7125,801.81,845.0025,1106.81,1283.175,1613.5725,2302.9125,2764.0225,2647.755,2389.2075,108.49,102.22,98.96,96.69,98.33,105.87,132.7,160.74,160.99,154.8,123.84,110.75,110.08,108.28,107.6,110.02,121.56,142.95,166.09,173.42,148.99,135.69,123.41,111.53,0,1,0,0,0,1,0,1,1,1,0,0,0,0,0,0,1,1,1,0,0,1,1,0
1331,761.6725,910.4975,911.3475,739.4725,872.0525,730.95,717.28,717.5475,688.7325000000001,689.2875,693.165,852.1075000000001,940.2225000000001,809.745,1017.7125,801.81,845.0025,1106.81,1283.175,1613.5725,2302.9125,2764.0225,2647.755,2389.2075,108.49,102.22,98.96,96.69,98.33,105.87,132.7,160.74,160.99,154.8,123.84,110.75,110.08,108.28,107.6,110.02,121.56,142.95,166.09,173.42,148.99,135.69,123.41,111.53,1,1,0,0,0,1,0,0,1,0,1,0,0,0,0,1,1,1,0,0,1,0,1,1
1332,761.6725,910.4975,911.3475,739.4725,872.0525,730.95,717.28,717.5475,688.7325000000001,689.2875,693.165,852.1075000000001,940.2225000000001,809.745,1017.7125,801.81,845.0025,1106.81,1283.175,1613.5725,2302.9125,2764.0225,2647.755,2389.2075,109.19,106.08,105.97,103.89,105.37,114.08,143.05,155.29,155.08,132.11,112.01,106.37,104.49,104.58,105.38,109.42,124.93,146.56,155.47,151.02,130.1,111.46,114.0,105.15,0,0,0,1,1,0,1,0,1,1,0,0,1,1,1,1,1,1,0,0,1,0,0,1
1333,761.6725,910.4975,911.3475,739.4725,872.0525,730.95,717.28,717.5475,688.7325000000001,689.2875,693.165,852.1075000000001,940.2225000000001,809.745,1017.7125,801.81,845.0025,1106.81,1283.175,1613.5725,2302.9125,2764.0225,2647.755,2389.2075,109.19,106.08,105.97,103.89,105.37,114.08,143.05,155.29,155.08,132.11,112.01,106.37,104.49,104.58,105.38,109.42,124.93,146.56,155.47,151.02,130.1,111.46,114.0,105.15,1,1,0,1,1,0,0,0,0,0,1,1,1,0,0,0,0,1,0,0,1,1,0,0
1334,761.6725,910.4975,911.3475,739.4725,872.0525,730.95,717.28,717.5475,688.7325000000001,689.2875,693.165,852.1075000000001,940.2225000000001,809.745,1017.7125,801.81,845.0025,1106.81,1283.175,1613.5725,2302.9125,2764.0225,2647.755,2389.2075,109.19,106.08,105.97,103.89,105.37,114.08,143.05,155.29,155.08,132.11,112.01,106.37,104.49,104.58,105.38,109.42,124.93,146.56,155.47,151.02,130.1,111.46,114.0,105.15,0,1,0,0,0,1,0,1,1,1,0,0,0,0,0,0,1,1,1,0,0,1,1,0
1335,761.6725,910.4975,911.3475,739.4725,872.0525,730.95,717.28,717.5475,688.7325000000001,689.2875,693.165,852.1075000000001,940.2225000000001,809.745,1017.7125,801.81,845.0025,1106.81,1283.175,1613.5725,2302.9125,2764.0225,2647.755,2389.2075,109.19,106.08,105.97,103.89,105.37,114.08,143.05,155.29,155.08,132.11,112.01,106.37,104.49,104.58,105.38,109.42,124.93,146.56,155.47,151.02,130.1,111.46,114.0,105.15,1,1,0,0,0,1,0,0,1,0,1,0,0,0,0,1,1,1,0,0,1,0,1,1
1336,761.6725,910.4975,911.3475,739.4725,872.0525,730.95,717.28,717.5475,688.7325000000001,689.2875,693.165,852.1075000000001,940.2225000000001,809.745,1017.7125,801.81,845.0025,1106.81,1283.175,1613.5725,2302.9125,2764.0225,2647.755,2389.2075,112.16,103.15,96.0,89.89,86.89,90.55,97.0,99.38,98.73,86.36,72.35,67.12,57.28,47.96,54.46,70.76,84.2,121.87,130.26,132.91,121.41,108.46,104.98,95.21,0,0,0,1,1,0,1,0,1,1,0,0,1,1,1,1,1,1,0,0,1,0,0,1
1337,761.6725,910.4975,911.3475,739.4725,872.0525,730.95,717.28,717.5475,688.7325000000001,689.2875,693.165,852.1075000000001,940.2225000000001,809.745,1017.7125,801.81,845.0025,1106.81,1283.175,1613.5725,2302.9125,2764.0225,2647.755,2389.2075,112.16,103.15,96.0,89.89,86.89,90.55,97.0,99.38,98.73,86.36,72.35,67.12,57.28,47.96,54.46,70.76,84.2,121.87,130.26,132.91,121.41,108.46,104.98,95.21,1,1,0,1,1,0,0,0,0,0,1,1,1,0,0,0,0,1,0,0,1,1,0,0
1338,761.6725,910.4975,911.3475,739.4725,872.0525,730.95,717.28,717.5475,688.7325000000001,689.2875,693.165,852.1075000000001,940.2225000000001,809.745,1017.7125,801.81,845.0025,1106.81,1283.175,1613.5725,2302.9125,2764.0225,2647.755,2389.2075,112.16,103.15,96.0,89.89,86.89,90.55,97.0,99.38,98.73,86.36,72.35,67.12,57.28,47.96,54.46,70.76,84.2,121.87,130.26,132.91,121.41,108.46,104.98,95.21,0,1,0,0,0,1,0,1,1,1,0,0,0,0,0,0,1,1,1,0,0,1,1,0
1339,761.6725,910.4975,911.3475,739.4725,872.0525,730.95,717.28,717.5475,688.7325000000001,689.2875,693.165,852.1075000000001,940.2225000000001,809.745,1017.7125,801.81,845.0025,1106.81,1283.175,1613.5725,2302.9125,2764.0225,2647.755,2389.2075,112.16,103.15,96.0,89.89,86.89,90.55,97.0,99.38,98.73,86.36,72.35,67.12,57.28,47.96,54.46,70.76,84.2,121.87,130.26,132.91,121.41,108.46,104.98,95.21,1,1,0,0,0,1,0,0,1,0,1,0,0,0,0,1,1,1,0,0,1,0,1,1
1340,761.6725,910.4975,911.3475,739.4725,872.0525,730.95,717.28,717.5475,688.7325000000001,689.2875,693.165,852.1075000000001,940.2225000000001,809.745,1017.7125,801.81,845.0025,1106.81,1283.175,1613.5725,2302.9125,2764.0225,2647.755,2389.2075,89.97,85.75,79.57,78.15,78.55,29.41,30.14,30.7,30.5,28.73,24.06,2.9,1.01,0.19,2.67,30.81,59.97,94.68,83.61,45.54,31.49,31.1,30.69,30.44,0,0,0,1,1,0,1,0,1,1,0,0,1,1,1,1,1,1,0,0,1,0,0,1
1341,761.6725,910.4975,911.3475,739.4725,872.0525,730.95,717.28,717.5475,688.7325000000001,689.2875,693.165,852.1075000000001,940.2225000000001,809.745,1017.7125,801.81,845.0025,1106.81,1283.175,1613.5725,2302.9125,2764.0225,2647.755,2389.2075,89.97,85.75,79.57,78.15,78.55,29.41,30.14,30.7,30.5,28.73,24.06,2.9,1.01,0.19,2.67,30.81,59.97,94.68,83.61,45.54,31.49,31.1,30.69,30.44,1,1,0,1,1,0,0,0,0,0,1,1,1,0,0,0,0,1,0,0,1,1,0,0
1342,761.6725,910.4975,911.3475,739.4725,872.0525,730.95,717.28,717.5475,688.7325000000001,689.2875,693.165,852.1075000000001,940.2225000000001,809.745,1017.7125,801.81,845.0025,1106.81,1283.175,1613.5725,2302.9125,2764.0225,2647.755,2389.2075,89.97,85.75,79.57,78.15,78.55,29.41,30.14,30.7,30.5,28.73,24.06,2.9,1.01,0.19,2.67,30.81,59.97,94.68,83.61,45.54,31.49,31.1,30.69,30.44,0,1,0,0,0,1,0,1,1,1,0,0,0,0,0,0,1,1,1,0,0,1,1,0
1343,761.6725,910.4975,911.3475,739.4725,872.0525,730.95,717.28,717.5475,688.7325000000001,689.2875,693.165,852.1075000000001,940.2225000000001,809.745,1017.7125,801.81,845.0025,1106.81,1283.175,1613.5725,2302.9125,2764.0225,2647.755,2389.2075,89.97,85.75,79.57,78.15,78.55,29.41,30.14,30.7,30.5,28.73,24.06,2.9,1.01,0.19,2.67,30.81,59.97,94.68,83.61,45.54,31.49,31.1,30.69,30.44,1,1,0,0,0,1,0,0,1,0,1,0,0,0,0,1,1,1,0,0,1,0,1,1
1344,761.6725,910.4975,911.3475,739.4725,872.0525,730.95,717.28,717.5475,688.7325000000001,689.2875,693.165,852.1075000000001,940.2225000000001,809.745,1017.7125,801.81,845.0025,1106.81,1283.175,1613.5725,2302.9125,2764.0225,2647.755,2389.2075,30.66,40.11,77.6,80.9,85.84,103.33,135.26,152.96,135.32,100.77,68.2,50.53,31.14,27.92,50.12,70.02,98.59,143.14,177.42,170.09,141.58,113.55,106.46,93.49,0,0,0,1,1,0,1,0,1,1,0,0,1,1,1,1,1,1,0,0,1,0,0,1
1345,761.6725,910.4975,911.3475,739.4725,872.0525,730.95,717.28,717.5475,688.7325000000001,689.2875,693.165,852.1075000000001,940.2225000000001,809.745,1017.7125,801.81,845.0025,1106.81,1283.175,1613.5725,2302.9125,2764.0225,2647.755,2389.2075,30.66,40.11,77.6,80.9,85.84,103.33,135.26,152.96,135.32,100.77,68.2,50.53,31.14,27.92,50.12,70.02,98.59,143.14,177.42,170.09,141.58,113.55,106.46,93.49,1,1,0,1,1,0,0,0,0,0,1,1,1,0,0,0,0,1,0,0,1,1,0,0
1346,761.6725,910.4975,911.3475,739.4725,872.0525,730.95,717.28,717.5475,688.7325000000001,689.2875,693.165,852.1075000000001,940.2225000000001,809.745,1017.7125,801.81,845.0025,1106.81,1283.175,1613.5725,2302.9125,2764.0225,2647.755,2389.2075,30.66,40.11,77.6,80.9,85.84,103.33,135.26,152.96,135.32,100.77,68.2,50.53,31.14,27.92,50.12,70.02,98.59,143.14,177.42,170.09,141.58,113.55,106.46,93.49,0,1,0,0,0,1,0,1,1,1,0,0,0,0,0,0,1,1,1,0,0,1,1,0
1347,761.6725,910.4975,911.3475,739.4725,872.0525,730.95,717.28,717.5475,688.7325000000001,689.2875,693.165,852.1075000000001,940.2225000000001,809.745,1017.7125,801.81,845.0025,1106.81,1283.175,1613.5725,2302.9125,2764.0225,2647.755,2389.2075,30.66,40.11,77.6,80.9,85.84,103.33,135.26,152.96,135.32,100.77,68.2,50.53,31.14,27.92,50.12,70.02,98.59,143.14,177.42,170.09,141.58,113.55,106.46,93.49,1,1,0,0,0,1,0,0,1,0,1,0,0,0,0,1,1,1,0,0,1,0,1,1
1348,761.6725,910.4975,911.3475,739.4725,872.0525,730.95,717.28,717.5475,688.7325000000001,689.2875,693.165,852.1075000000001,940.2225000000001,809.745,1017.7125,801.81,845.0025,1106.81,1283.175,1613.5725,2302.9125,2764.0225,2647.755,2389.2075,92.18,89.96,89.71,67.1,69.44,102.28,128.02,136.73,106.56,68.46,27.24,1.79,-0.2,-0.28,17.36,38.6,96.03,141.1,171.17,167.77,142.51,117.77,107.46,100.5,0,0,0,1,1,0,1,0,1,1,0,0,1,1,1,1,1,1,0,0,1,0,0,1
1349,761.6725,910.4975,911.3475,739.4725,872.0525,730.95,717.28,717.5475,688.7325000000001,689.2875,693.165,852.1075000000001,940.2225000000001,809.745,1017.7125,801.81,845.0025,1106.81,1283.175,1613.5725,2302.9125,2764.0225,2647.755,2389.2075,92.18,89.96,89.71,67.1,69.44,102.28,128.02,136.73,106.56,68.46,27.24,1.79,-0.2,-0.28,17.36,38.6,96.03,141.1,171.17,167.77,142.51,117.77,107.46,100.5,1,1,0,1,1,0,0,0,0,0,1,1,1,0,0,0,0,1,0,0,1,1,0,0
1350,761.6725,910.4975,911.3475,739.4725,872.0525,730.95,717.28,717.5475,688.7325000000001,689.2875,693.165,852.1075000000001,940.2225000000001,809.745,1017.7125,801.81,845.0025,1106.81,1283.175,1613.5725,2302.9125,2764.0225,2647.755,2389.2075,92.18,89.96,89.71,67.1,69.44,102.28,128.02,136.73,106.56,68.46,27.24,1.79,-0.2,-0.28,17.36,38.6,96.03,141.1,171.17,167.77,142.51,117.77,107.46,100.5,0,1,0,0,0,1,0,1,1,1,0,0,0,0,0,0,1,1,1,0,0,1,1,0
1351,761.6725,910.4975,911.3475,739.4725,872.0525,730.95,717.28,717.5475,688.7325000000001,689.2875,693.165,852.1075000000001,940.2225000000001,809.745,1017.7125,801.81,845.0025,1106.81,1283.175,1613.5725,2302.9125,2764.0225,2647.755,2389.2075,92.18,89.96,89.71,67.1,69.44,102.28,128.02,136.73,106.56,68.46,27.24,1.79,-0.2,-0.28,17.36,38.6,96.03,141.1,171.17,167.77,142.51,117.77,107.46,100.5,1,1,0,0,0,1,0,0,1,0,1,0,0,0,0,1,1,1,0,0,1,0,1,1
1352,761.6725,910.4975,911.3475,739.4725,872.0525,730.95,717.28,717.5475,688.7325000000001,689.2875,693.165,852.1075000000001,940.2225000000001,809.745,1017.7125,801.81,845.0025,1106.81,1283.175,1613.5725,2302.9125,2764.0225,2647.755,2389.2075,204.12,101.46,97.67,98.58,101.74,110.71,153.27,140.98,99.91,76.08,38.9,6.7,3.13,3.41,30.98,62.63,120.26,154.93,279.34,251.99,163.48,136.61,124.83,117.5,0,0,0,1,1,0,1,0,1,1,0,0,1,1,1,1,1,1,0,0,1,0,0,1
1353,761.6725,910.4975,911.3475,739.4725,872.0525,730.95,717.28,717.5475,688.7325000000001,689.2875,693.165,852.1075000000001,940.2225000000001,809.745,1017.7125,801.81,845.0025,1106.81,1283.175,1613.5725,2302.9125,2764.0225,2647.755,2389.2075,204.12,101.46,97.67,98.58,101.74,110.71,153.27,140.98,99.91,76.08,38.9,6.7,3.13,3.41,30.98,62.63,120.26,154.93,279.34,251.99,163.48,136.61,124.83,117.5,1,1,0,1,1,0,0,0,0,0,1,1,1,0,0,0,0,1,0,0,1,1,0,0
1354,761.6725,910.4975,911.3475,739.4725,872.0525,730.95,717.28,717.5475,688.7325000000001,689.2875,693.165,852.1075000000001,940.2225000000001,809.745,1017.7125,801.81,845.0025,1106.81,1283.175,1613.5725,2302.9125,2764.0225,2647.755,2389.2075,204.12,101.46,97.67,98.58,101.74,110.71,153.27,140.98,99.91,76.08,38.9,6.7,3.13,3.41,30.98,62.63,120.26,154.93,279.34,251.99,163.48,136.61,124.83,117.5,0,1,0,0,0,1,0,1,1,1,0,0,0,0,0,0,1,1,1,0,0,1,1,0
1355,761.6725,910.4975,911.3475,739.4725,872.0525,730.95,717.28,717.5475,688.7325000000001,689.2875,693.165,852.1075000000001,940.2225000000001,809.745,1017.7125,801.81,845.0025,1106.81,1283.175,1613.5725,2302.9125,2764.0225,2647.755,2389.2075,204.12,101.46,97.67,98.58,101.74,110.71,153.27,140.98,99.91,76.08,38.9,6.7,3.13,3.41,30.98,62.63,120.26,154.93,279.34,251.99,163.48,136.61,124.83,117.5,1,1,0,0,0,1,0,0,1,0,1,0,0,0,0,1,1,1,0,0,1,0,1,1
1356,761.6725,910.4975,911.3475,739.4725,872.0525,730.95,717.28,717.5475,688.7325000000001,689.2875,693.165,852.1075000000001,940.2225000000001,809.745,1017.7125,801.81,845.0025,1106.81,1283.175,1613.5725,2302.9125,2764.0225,2647.755,2389.2075,107.45,102.55,101.34,102.15,106.74,122.73,158.29,147.93,108.19,73.39,28.86,3.96,-0.56,-0.16,27.42,40.28,109.8,147.64,248.27,220.53,176.9,138.38,124.58,111.27,0,0,0,1,1,0,1,0,1,1,0,0,1,1,1,1,1,1,0,0,1,0,0,1
1357,761.6725,910.4975,911.3475,739.4725,872.0525,730.95,717.28,717.5475,688.7325000000001,689.2875,693.165,852.1075000000001,940.2225000000001,809.745,1017.7125,801.81,845.0025,1106.81,1283.175,1613.5725,2302.9125,2764.0225,2647.755,2389.2075,107.45,102.55,101.34,102.15,106.74,122.73,158.29,147.93,108.19,73.39,28.86,3.96,-0.56,-0.16,27.42,40.28,109.8,147.64,248.27,220.53,176.9,138.38,124.58,111.27,1,1,0,1,1,0,0,0,0,0,1,1,1,0,0,0,0,1,0,0,1,1,0,0
1358,761.6725,910.4975,911.3475,739.4725,872.0525,730.95,717.28,717.5475,688.7325000000001,689.2875,693.165,852.1075000000001,940.2225000000001,809.745,1017.7125,801.81,845.0025,1106.81,1283.175,1613.5725,2302.9125,2764.0225,2647.755,2389.2075,107.45,102.55,101.34,102.15,106.74,122.73,158.29,147.93,108.19,73.39,28.86,3.96,-0.56,-0.16,27.42,40.28,109.8,147.64,248.27,220.53,176.9,138.38,124.58,111.27,0,1,0,0,0,1,0,1,1,1,0,0,0,0,0,0,1,1,1,0,0,1,1,0
1359,761.6725,910.4975,911.3475,739.4725,872.0525,730.95,717.28,717.5475,688.7325000000001,689.2875,693.165,852.1075000000001,940.2225000000001,809.745,1017.7125,801.81,845.0025,1106.81,1283.175,1613.5725,2302.9125,2764.0225,2647.755,2389.2075,107.45,102.55,101.34,102.15,106.74,122.73,158.29,147.93,108.19,73.39,28.86,3.96,-0.56,-0.16,27.42,40.28,109.8,147.64,248.27,220.53,176.9,138.38,124.58,111.27,1,1,0,0,0,1,0,0,1,0,1,0,0,0,0,1,1,1,0,0,1,0,1,1
1360,2128.8825,1829.91,1401.1525000000001,1274.82,1224.9875,1266.1425,1367.095,1507.545,1366.295,1059.3175,1002.4,954.7149999999999,1280.065,1214.2075,1356.0925,1328.4924999999998,1561.7725,1370.2425,1413.3474999999999,1737.2975,2163.7825000000003,2312.5275,2096.2775,1622.4875,128.2,120.38,117.09,112.15,109.75,111.89,117.11,135.81,138.82,137.77,125.08,112.1,102.21,97.27,99.39,97.8,125.41,145.0,158.55,150.78,133.41,125.42,122.03,119.92,0,0,0,1,1,0,1,0,1,1,0,0,1,1,1,1,1,1,0,0,1,0,0,1
1361,2128.8825,1829.91,1401.1525000000001,1274.82,1224.9875,1266.1425,1367.095,1507.545,1366.295,1059.3175,1002.4,954.7149999999999,1280.065,1214.2075,1356.0925,1328.4924999999998,1561.7725,1370.2425,1413.3474999999999,1737.2975,2163.7825000000003,2312.5275,2096.2775,1622.4875,128.2,120.38,117.09,112.15,109.75,111.89,117.11,135.81,138.82,137.77,125.08,112.1,102.21,97.27,99.39,97.8,125.41,145.0,158.55,150.78,133.41,125.42,122.03,119.92,1,1,0,1,1,0,0,0,0,0,1,1,1,0,0,0,0,1,0,0,1,1,0,0
1362,2128.8825,1829.91,1401.1525000000001,1274.82,1224.9875,1266.1425,1367.095,1507.545,1366.295,1059.3175,1002.4,954.7149999999999,1280.065,1214.2075,1356.0925,1328.4924999999998,1561.7725,1370.2425,1413.3474999999999,1737.2975,2163.7825000000003,2312.5275,2096.2775,1622.4875,128.2,120.38,117.09,112.15,109.75,111.89,117.11,135.81,138.82,137.77,125.08,112.1,102.21,97.27,99.39,97.8,125.41,145.0,158.55,150.78,133.41,125.42,122.03,119.92,0,1,0,0,0,1,0,1,1,1,0,0,0,0,0,0,1,1,1,0,0,1,1,0
1363,2128.8825,1829.91,1401.1525000000001,1274.82,1224.9875,1266.1425,1367.095,1507.545,1366.295,1059.3175,1002.4,954.7149999999999,1280.065,1214.2075,1356.0925,1328.4924999999998,1561.7725,1370.2425,1413.3474999999999,1737.2975,2163.7825000000003,2312.5275,2096.2775,1622.4875,128.2,120.38,117.09,112.15,109.75,111.89,117.11,135.81,138.82,137.77,125.08,112.1,102.21,97.27,99.39,97.8,125.41,145.0,158.55,150.78,133.41,125.42,122.03,119.92,1,1,0,0,0,1,0,0,1,0,1,0,0,0,0,1,1,1,0,0,1,0,1,1
1364,2128.8825,1829.91,1401.1525000000001,1274.82,1224.9875,1266.1425,1367.095,1507.545,1366.295,1059.3175,1002.4,954.7149999999999,1280.065,1214.2075,1356.0925,1328.4924999999998,1561.7725,1370.2425,1413.3474999999999,1737.2975,2163.7825000000003,2312.5275,2096.2775,1622.4875,102.61,57.86,30.22,21.37,19.06,19.05,43.56,90.69,103.11,89.0,33.71,11.22,7.4,3.14,2.85,19.0,54.16,99.69,136.58,117.23,80.9,61.1,35.12,25.41,0,0,0,1,1,0,1,0,1,1,0,0,1,1,1,1,1,1,0,0,1,0,0,1
1365,2128.8825,1829.91,1401.1525000000001,1274.82,1224.9875,1266.1425,1367.095,1507.545,1366.295,1059.3175,1002.4,954.7149999999999,1280.065,1214.2075,1356.0925,1328.4924999999998,1561.7725,1370.2425,1413.3474999999999,1737.2975,2163.7825000000003,2312.5275,2096.2775,1622.4875,102.61,57.86,30.22,21.37,19.06,19.05,43.56,90.69,103.11,89.0,33.71,11.22,7.4,3.14,2.85,19.0,54.16,99.69,136.58,117.23,80.9,61.1,35.12,25.41,1,1,0,1,1,0,0,0,0,0,1,1,1,0,0,0,0,1,0,0,1,1,0,0
1366,2128.8825,1829.91,1401.1525000000001,1274.82,1224.9875,1266.1425,1367.095,1507.545,1366.295,1059.3175,1002.4,954.7149999999999,1280.065,1214.2075,1356.0925,1328.4924999999998,1561.7725,1370.2425,1413.3474999999999,1737.2975,2163.7825000000003,2312.5275,2096.2775,1622.4875,102.61,57.86,30.22,21.37,19.06,19.05,43.56,90.69,103.11,89.0,33.71,11.22,7.4,3.14,2.85,19.0,54.16,99.69,136.58,117.23,80.9,61.1,35.12,25.41,0,1,0,0,0,1,0,1,1,1,0,0,0,0,0,0,1,1,1,0,0,1,1,0
1367,2128.8825,1829.91,1401.1525000000001,1274.82,1224.9875,1266.1425,1367.095,1507.545,1366.295,1059.3175,1002.4,954.7149999999999,1280.065,1214.2075,1356.0925,1328.4924999999998,1561.7725,1370.2425,1413.3474999999999,1737.2975,2163.7825000000003,2312.5275,2096.2775,1622.4875,102.61,57.86,30.22,21.37,19.06,19.05,43.56,90.69,103.11,89.0,33.71,11.22,7.4,3.14,2.85,19.0,54.16,99.69,136.58,117.23,80.9,61.1,35.12,25.41,1,1,0,0,0,1,0,0,1,0,1,0,0,0,0,1,1,1,0,0,1,0,1,1
1368,2128.8825,1829.91,1401.1525000000001,1274.82,1224.9875,1266.1425,1367.095,1507.545,1366.295,1059.3175,1002.4,954.7149999999999,1280.065,1214.2075,1356.0925,1328.4924999999998,1561.7725,1370.2425,1413.3474999999999,1737.2975,2163.7825000000003,2312.5275,2096.2775,1622.4875,28.31,27.04,25.8,20.11,14.94,20.11,41.81,58.7,70.1,44.59,20.1,4.29,2.43,1.67,10.81,34.89,70.65,129.19,163.66,102.7,88.19,79.94,69.01,40.3,0,0,0,1,1,0,1,0,1,1,0,0,1,1,1,1,1,1,0,0,1,0,0,1
1369,2128.8825,1829.91,1401.1525000000001,1274.82,1224.9875,1266.1425,1367.095,1507.545,1366.295,1059.3175,1002.4,954.7149999999999,1280.065,1214.2075,1356.0925,1328.4924999999998,1561.7725,1370.2425,1413.3474999999999,1737.2975,2163.7825000000003,2312.5275,2096.2775,1622.4875,28.31,27.04,25.8,20.11,14.94,20.11,41.81,58.7,70.1,44.59,20.1,4.29,2.43,1.67,10.81,34.89,70.65,129.19,163.66,102.7,88.19,79.94,69.01,40.3,1,1,0,1,1,0,0,0,0,0,1,1,1,0,0,0,0,1,0,0,1,1,0,0
1370,2128.8825,1829.91,1401.1525000000001,1274.82,1224.9875,1266.1425,1367.095,1507.545,1366.295,1059.3175,1002.4,954.7149999999999,1280.065,1214.2075,1356.0925,1328.4924999999998,1561.7725,1370.2425,1413.3474999999999,1737.2975,2163.7825000000003,2312.5275,2096.2775,1622.4875,28.31,27.04,25.8,20.11,14.94,20.11,41.81,58.7,70.1,44.59,20.1,4.29,2.43,1.67,10.81,34.89,70.65,129.19,163.66,102.7,88.19,79.94,69.01,40.3,0,1,0,0,0,1,0,1,1,1,0,0,0,0,0,0,1,1,1,0,0,1,1,0
1371,2128.8825,1829.91,1401.1525000000001,1274.82,1224.9875,1266.1425,1367.095,1507.545,1366.295,1059.3175,1002.4,954.7149999999999,1280.065,1214.2075,1356.0925,1328.4924999999998,1561.7725,1370.2425,1413.3474999999999,1737.2975,2163.7825000000003,2312.5275,2096.2775,1622.4875,28.31,27.04,25.8,20.11,14.94,20.11,41.81,58.7,70.1,44.59,20.1,4.29,2.43,1.67,10.81,34.89,70.65,129.19,163.66,102.7,88.19,79.94,69.01,40.3,1,1,0,0,0,1,0,0,1,0,1,0,0,0,0,1,1,1,0,0,1,0,1,1
1372,2128.8825,1829.91,1401.1525000000001,1274.82,1224.9875,1266.1425,1367.095,1507.545,1366.295,1059.3175,1002.4,954.7149999999999,1280.065,1214.2075,1356.0925,1328.4924999999998,1561.7725,1370.2425,1413.3474999999999,1737.2975,2163.7825000000003,2312.5275,2096.2775,1622.4875,65.55,54.39,32.29,20.11,20.1,42.51,52.96,65.9,62.85,61.23,25.3,13.26,4.0,4.04,10.11,30.07,32.66,74.91,64.54,42.3,29.85,25.33,25.52,20.1,0,0,0,1,1,0,1,0,1,1,0,0,1,1,1,1,1,1,0,0,1,0,0,1
1373,2128.8825,1829.91,1401.1525000000001,1274.82,1224.9875,1266.1425,1367.095,1507.545,1366.295,1059.3175,1002.4,954.7149999999999,1280.065,1214.2075,1356.0925,1328.4924999999998,1561.7725,1370.2425,1413.3474999999999,1737.2975,2163.7825000000003,2312.5275,2096.2775,1622.4875,65.55,54.39,32.29,20.11,20.1,42.51,52.96,65.9,62.85,61.23,25.3,13.26,4.0,4.04,10.11,30.07,32.66,74.91,64.54,42.3,29.85,25.33,25.52,20.1,1,1,0,1,1,0,0,0,0,0,1,1,1,0,0,0,0,1,0,0,1,1,0,0
1374,2128.8825,1829.91,1401.1525000000001,1274.82,1224.9875,1266.1425,1367.095,1507.545,1366.295,1059.3175,1002.4,954.7149999999999,1280.065,1214.2075,1356.0925,1328.4924999999998,1561.7725,1370.2425,1413.3474999999999,1737.2975,2163.7825000000003,2312.5275,2096.2775,1622.4875,65.55,54.39,32.29,20.11,20.1,42.51,52.96,65.9,62.85,61.23,25.3,13.26,4.0,4.04,10.11,30.07,32.66,74.91,64.54,42.3,29.85,25.33,25.52,20.1,0,1,0,0,0,1,0,1,1,1,0,0,0,0,0,0,1,1,1,0,0,1,1,0
1375,2128.8825,1829.91,1401.1525000000001,1274.82,1224.9875,1266.1425,1367.095,1507.545,1366.295,1059.3175,1002.4,954.7149999999999,1280.065,1214.2075,1356.0925,1328.4924999999998,1561.7725,1370.2425,1413.3474999999999,1737.2975,2163.7825000000003,2312.5275,2096.2775,1622.4875,65.55,54.39,32.29,20.11,20.1,42.51,52.96,65.9,62.85,61.23,25.3,13.26,4.0,4.04,10.11,30.07,32.66,74.91,64.54,42.3,29.85,25.33,25.52,20.1,1,1,0,0,0,1,0,0,1,0,1,0,0,0,0,1,1,1,0,0,1,0,1,1
1376,2128.8825,1829.91,1401.1525000000001,1274.82,1224.9875,1266.1425,1367.095,1507.545,1366.295,1059.3175,1002.4,954.7149999999999,1280.065,1214.2075,1356.0925,1328.4924999999998,1561.7725,1370.2425,1413.3474999999999,1737.2975,2163.7825000000003,2312.5275,2096.2775,1622.4875,4.0,4.0,4.0,4.0,9.8,4.0,16.04,43.93,39.29,12.6,0.34,-0.67,-0.7,-0.78,0.01,3.97,13.23,60.4,60.41,43.5,34.76,33.55,31.31,31.16,0,0,0,1,1,0,1,0,1,1,0,0,1,1,1,1,1,1,0,0,1,0,0,1
1377,2128.8825,1829.91,1401.1525000000001,1274.82,1224.9875,1266.1425,1367.095,1507.545,1366.295,1059.3175,1002.4,954.7149999999999,1280.065,1214.2075,1356.0925,1328.4924999999998,1561.7725,1370.2425,1413.3474999999999,1737.2975,2163.7825000000003,2312.5275,2096.2775,1622.4875,4.0,4.0,4.0,4.0,9.8,4.0,16.04,43.93,39.29,12.6,0.34,-0.67,-0.7,-0.78,0.01,3.97,13.23,60.4,60.41,43.5,34.76,33.55,31.31,31.16,1,1,0,1,1,0,0,0,0,0,1,1,1,0,0,0,0,1,0,0,1,1,0,0
1378,2128.8825,1829.91,1401.1525000000001,1274.82,1224.9875,1266.1425,1367.095,1507.545,1366.295,1059.3175,1002.4,954.7149999999999,1280.065,1214.2075,1356.0925,1328.4924999999998,1561.7725,1370.2425,1413.3474999999999,1737.2975,2163.7825000000003,2312.5275,2096.2775,1622.4875,4.0,4.0,4.0,4.0,9.8,4.0,16.04,43.93,39.29,12.6,0.34,-0.67,-0.7,-0.78,0.01,3.97,13.23,60.4,60.41,43.5,34.76,33.55,31.31,31.16,0,1,0,0,0,1,0,1,1,1,0,0,0,0,0,0,1,1,1,0,0,1,1,0
1379,2128.8825,1829.91,1401.1525000000001,1274.82,1224.9875,1266.1425,1367.095,1507.545,1366.295,1059.3175,1002.4,954.7149999999999,1280.065,1214.2075,1356.0925,1328.4924999999998,1561.7725,1370.2425,1413.3474999999999,1737.2975,2163.7825000000003,2312.5275,2096.2775,1622.4875,4.0,4.0,4.0,4.0,9.8,4.0,16.04,43.93,39.29,12.6,0.34,-0.67,-0.7,-0.78,0.01,3.97,13.23,60.4,60.41,43.5,34.76,33.55,31.31,31.16,1,1,0,0,0,1,0,0,1,0,1,0,0,0,0,1,1,1,0,0,1,0,1,1
1380,2128.8825,1829.91,1401.1525000000001,1274.82,1224.9875,1266.1425,1367.095,1507.545,1366.295,1059.3175,1002.4,954.7149999999999,1280.065,1214.2075,1356.0925,1328.4924999999998,1561.7725,1370.2425,1413.3474999999999,1737.2975,2163.7825000000003,2312.5275,2096.2775,1622.4875,30.3,29.53,35.47,39.26,47.4,65.97,93.16,139.44,108.51,78.7,50.47,4.02,0.08,0.02,13.16,63.61,99.2,129.7,165.36,149.11,125.64,106.63,101.47,91.11,0,0,0,1,1,0,1,0,1,1,0,0,1,1,1,1,1,1,0,0,1,0,0,1
1381,2128.8825,1829.91,1401.1525000000001,1274.82,1224.9875,1266.1425,1367.095,1507.545,1366.295,1059.3175,1002.4,954.7149999999999,1280.065,1214.2075,1356.0925,1328.4924999999998,1561.7725,1370.2425,1413.3474999999999,1737.2975,2163.7825000000003,2312.5275,2096.2775,1622.4875,30.3,29.53,35.47,39.26,47.4,65.97,93.16,139.44,108.51,78.7,50.47,4.02,0.08,0.02,13.16,63.61,99.2,129.7,165.36,149.11,125.64,106.63,101.47,91.11,1,1,0,1,1,0,0,0,0,0,1,1,1,0,0,0,0,1,0,0,1,1,0,0
1382,2128.8825,1829.91,1401.1525000000001,1274.82,1224.9875,1266.1425,1367.095,1507.545,1366.295,1059.3175,1002.4,954.7149999999999,1280.065,1214.2075,1356.0925,1328.4924999999998,1561.7725,1370.2425,1413.3474999999999,1737.2975,2163.7825000000003,2312.5275,2096.2775,1622.4875,30.3,29.53,35.47,39.26,47.4,65.97,93.16,139.44,108.51,78.7,50.47,4.02,0.08,0.02,13.16,63.61,99.2,129.7,165.36,149.11,125.64,106.63,101.47,91.11,0,1,0,0,0,1,0,1,1,1,0,0,0,0,0,0,1,1,1,0,0,1,1,0
1383,2128.8825,1829.91,1401.1525000000001,1274.82,1224.9875,1266.1425,1367.095,1507.545,1366.295,1059.3175,1002.4,954.7149999999999,1280.065,1214.2075,1356.0925,1328.4924999999998,1561.7725,1370.2425,1413.3474999999999,1737.2975,2163.7825000000003,2312.5275,2096.2775,1622.4875,30.3,29.53,35.47,39.26,47.4,65.97,93.16,139.44,108.51,78.7,50.47,4.02,0.08,0.02,13.16,63.61,99.2,129.7,165.36,149.11,125.64,106.63,101.47,91.11,1,1,0,0,0,1,0,0,1,0,1,0,0,0,0,1,1,1,0,0,1,0,1,1
1384,2128.8825,1829.91,1401.1525000000001,1274.82,1224.9875,1266.1425,1367.095,1507.545,1366.295,1059.3175,1002.4,954.7149999999999,1280.065,1214.2075,1356.0925,1328.4924999999998,1561.7725,1370.2425,1413.3474999999999,1737.2975,2163.7825000000003,2312.5275,2096.2775,1622.4875,90.27,90.27,91.38,91.69,98.13,115.16,135.67,147.7,122.23,83.0,65.3,31.51,13.08,8.08,37.05,90.15,126.99,149.92,216.65,178.68,148.7,132.4,119.11,111.83,0,0,0,1,1,0,1,0,1,1,0,0,1,1,1,1,1,1,0,0,1,0,0,1
1385,2128.8825,1829.91,1401.1525000000001,1274.82,1224.9875,1266.1425,1367.095,1507.545,1366.295,1059.3175,1002.4,954.7149999999999,1280.065,1214.2075,1356.0925,1328.4924999999998,1561.7725,1370.2425,1413.3474999999999,1737.2975,2163.7825000000003,2312.5275,2096.2775,1622.4875,90.27,90.27,91.38,91.69,98.13,115.16,135.67,147.7,122.23,83.0,65.3,31.51,13.08,8.08,37.05,90.15,126.99,149.92,216.65,178.68,148.7,132.4,119.11,111.83,1,1,0,1,1,0,0,0,0,0,1,1,1,0,0,0,0,1,0,0,1,1,0,0
1386,2128.8825,1829.91,1401.1525000000001,1274.82,1224.9875,1266.1425,1367.095,1507.545,1366.295,1059.3175,1002.4,954.7149999999999,1280.065,1214.2075,1356.0925,1328.4924999999998,1561.7725,1370.2425,1413.3474999999999,1737.2975,2163.7825000000003,2312.5275,2096.2775,1622.4875,90.27,90.27,91.38,91.69,98.13,115.16,135.67,147.7,122.23,83.0,65.3,31.51,13.08,8.08,37.05,90.15,126.99,149.92,216.65,178.68,148.7,132.4,119.11,111.83,0,1,0,0,0,1,0,1,1,1,0,0,0,0,0,0,1,1,1,0,0,1,1,0
1387,2128.8825,1829.91,1401.1525000000001,1274.82,1224.9875,1266.1425,1367.095,1507.545,1366.295,1059.3175,1002.4,954.7149999999999,1280.065,1214.2075,1356.0925,1328.4924999999998,1561.7725,1370.2425,1413.3474999999999,1737.2975,2163.7825000000003,2312.5275,2096.2775,1622.4875,90.27,90.27,91.38,91.69,98.13,115.16,135.67,147.7,122.23,83.0,65.3,31.51,13.08,8.08,37.05,90.15,126.99,149.92,216.65,178.68,148.7,132.4,119.11,111.83,1,1,0,0,0,1,0,0,1,0,1,0,0,0,0,1,1,1,0,0,1,0,1,1
1388,2128.8825,1829.91,1401.1525000000001,1274.82,1224.9875,1266.1425,1367.095,1507.545,1366.295,1059.3175,1002.4,954.7149999999999,1280.065,1214.2075,1356.0925,1328.4924999999998,1561.7725,1370.2425,1413.3474999999999,1737.2975,2163.7825000000003,2312.5275,2096.2775,1622.4875,124.97,113.94,117.22,116.76,118.42,121.3,127.82,120.6,98.05,72.54,18.05,2.07,-0.33,-0.1,2.76,53.53,100.87,145.58,174.04,140.03,111.21,100.01,99.24,97.9,0,0,0,1,1,0,1,0,1,1,0,0,1,1,1,1,1,1,0,0,1,0,0,1
1389,2128.8825,1829.91,1401.1525000000001,1274.82,1224.9875,1266.1425,1367.095,1507.545,1366.295,1059.3175,1002.4,954.7149999999999,1280.065,1214.2075,1356.0925,1328.4924999999998,1561.7725,1370.2425,1413.3474999999999,1737.2975,2163.7825000000003,2312.5275,2096.2775,1622.4875,124.97,113.94,117.22,116.76,118.42,121.3,127.82,120.6,98.05,72.54,18.05,2.07,-0.33,-0.1,2.76,53.53,100.87,145.58,174.04,140.03,111.21,100.01,99.24,97.9,1,1,0,1,1,0,0,0,0,0,1,1,1,0,0,0,0,1,0,0,1,1,0,0
1390,2128.8825,1829.91,1401.1525000000001,1274.82,1224.9875,1266.1425,1367.095,1507.545,1366.295,1059.3175,1002.4,954.7149999999999,1280.065,1214.2075,1356.0925,1328.4924999999998,1561.7725,1370.2425,1413.3474999999999,1737.2975,2163.7825000000003,2312.5275,2096.2775,1622.4875,124.97,113.94,117.22,116.76,118.42,121.3,127.82,120.6,98.05,72.54,18.05,2.07,-0.33,-0.1,2.76,53.53,100.87,145.58,174.04,140.03,111.21,100.01,99.24,97.9,0,1,0,0,0,1,0,1,1,1,0,0,0,0,0,0,1,1,1,0,0,1,1,0
1391,2128.8825,1829.91,1401.1525000000001,1274.82,1224.9875,1266.1425,1367.095,1507.545,1366.295,1059.3175,1002.4,954.7149999999999,1280.065,1214.2075,1356.0925,1328.4924999999998,1561.7725,1370.2425,1413.3474999999999,1737.2975,2163.7825000000003,2312.5275,2096.2775,1622.4875,124.97,113.94,117.22,116.76,118.42,121.3,127.82,120.6,98.05,72.54,18.05,2.07,-0.33,-0.1,2.76,53.53,100.87,145.58,174.04,140.03,111.21,100.01,99.24,97.9,1,1,0,0,0,1,0,0,1,0,1,0,0,0,0,1,1,1,0,0,1,0,1,1
1392,2128.8825,1829.91,1401.1525000000001,1274.82,1224.9875,1266.1425,1367.095,1507.545,1366.295,1059.3175,1002.4,954.7149999999999,1280.065,1214.2075,1356.0925,1328.4924999999998,1561.7725,1370.2425,1413.3474999999999,1737.2975,2163.7825000000003,2312.5275,2096.2775,1622.4875,95.19,94.81,94.44,96.51,98.67,101.51,100.0,93.0,59.02,24.41,21.32,3.95,1.29,3.95,11.03,28.01,68.99,107.86,134.15,132.71,114.54,107.87,104.56,103.64,0,0,0,1,1,0,1,0,1,1,0,0,1,1,1,1,1,1,0,0,1,0,0,1
1393,2128.8825,1829.91,1401.1525000000001,1274.82,1224.9875,1266.1425,1367.095,1507.545,1366.295,1059.3175,1002.4,954.7149999999999,1280.065,1214.2075,1356.0925,1328.4924999999998,1561.7725,1370.2425,1413.3474999999999,1737.2975,2163.7825000000003,2312.5275,2096.2775,1622.4875,95.19,94.81,94.44,96.51,98.67,101.51,100.0,93.0,59.02,24.41,21.32,3.95,1.29,3.95,11.03,28.01,68.99,107.86,134.15,132.71,114.54,107.87,104.56,103.64,1,1,0,1,1,0,0,0,0,0,1,1,1,0,0,0,0,1,0,0,1,1,0,0
1394,2128.8825,1829.91,1401.1525000000001,1274.82,1224.9875,1266.1425,1367.095,1507.545,1366.295,1059.3175,1002.4,954.7149999999999,1280.065,1214.2075,1356.0925,1328.4924999999998,1561.7725,1370.2425,1413.3474999999999,1737.2975,2163.7825000000003,2312.5275,2096.2775,1622.4875,95.19,94.81,94.44,96.51,98.67,101.51,100.0,93.0,59.02,24.41,21.32,3.95,1.29,3.95,11.03,28.01,68.99,107.86,134.15,132.71,114.54,107.87,104.56,103.64,0,1,0,0,0,1,0,1,1,1,0,0,0,0,0,0,1,1,1,0,0,1,1,0
1395,2128.8825,1829.91,1401.1525000000001,1274.82,1224.9875,1266.1425,1367.095,1507.545,1366.295,1059.3175,1002.4,954.7149999999999,1280.065,1214.2075,1356.0925,1328.4924999999998,1561.7725,1370.2425,1413.3474999999999,1737.2975,2163.7825000000003,2312.5275,2096.2775,1622.4875,95.19,94.81,94.44,96.51,98.67,101.51,100.0,93.0,59.02,24.41,21.32,3.95,1.29,3.95,11.03,28.01,68.99,107.86,134.15,132.71,114.54,107.87,104.56,103.64,1,1,0,0,0,1,0,0,1,0,1,0,0,0,0,1,1,1,0,0,1,0,1,1
1396,2128.8825,1829.91,1401.1525000000001,1274.82,1224.9875,1266.1425,1367.095,1507.545,1366.295,1059.3175,1002.4,954.7149999999999,1280.065,1214.2075,1356.0925,1328.4924999999998,1561.7725,1370.2425,1413.3474999999999,1737.2975,2163.7825000000003,2312.5275,2096.2775,1622.4875,95.84,94.92,96.7,96.86,89.98,101.13,148.63,159.87,134.08,98.92,84.44,77.92,76.06,77.36,83.96,97.54,127.59,148.1,175.06,160.4,142.28,126.68,106.87,97.93,0,0,0,1,1,0,1,0,1,1,0,0,1,1,1,1,1,1,0,0,1,0,0,1
1397,2128.8825,1829.91,1401.1525000000001,1274.82,1224.9875,1266.1425,1367.095,1507.545,1366.295,1059.3175,1002.4,954.7149999999999,1280.065,1214.2075,1356.0925,1328.4924999999998,1561.7725,1370.2425,1413.3474999999999,1737.2975,2163.7825000000003,2312.5275,2096.2775,1622.4875,95.84,94.92,96.7,96.86,89.98,101.13,148.63,159.87,134.08,98.92,84.44,77.92,76.06,77.36,83.96,97.54,127.59,148.1,175.06,160.4,142.28,126.68,106.87,97.93,1,1,0,1,1,0,0,0,0,0,1,1,1,0,0,0,0,1,0,0,1,1,0,0
1398,2128.8825,1829.91,1401.1525000000001,1274.82,1224.9875,1266.1425,1367.095,1507.545,1366.295,1059.3175,1002.4,954.7149999999999,1280.065,1214.2075,1356.0925,1328.4924999999998,1561.7725,1370.2425,1413.3474999999999,1737.2975,2163.7825000000003,2312.5275,2096.2775,1622.4875,95.84,94.92,96.7,96.86,89.98,101.13,148.63,159.87,134.08,98.92,84.44,77.92,76.06,77.36,83.96,97.54,127.59,148.1,175.06,160.4,142.28,126.68,106.87,97.93,0,1,0,0,0,1,0,1,1,1,0,0,0,0,0,0,1,1,1,0,0,1,1,0
1399,2128.8825,1829.91,1401.1525000000001,1274.82,1224.9875,1266.1425,1367.095,1507.545,1366.295,1059.3175,1002.4,954.7149999999999,1280.065,1214.2075,1356.0925,1328.4924999999998,1561.7725,1370.2425,1413.3474999999999,1737.2975,2163.7825000000003,2312.5275,2096.2775,1622.4875,95.84,94.92,96.7,96.86,89.98,101.13,148.63,159.87,134.08,98.92,84.44,77.92,76.06,77.36,83.96,97.54,127.59,148.1,175.06,160.4,142.28,126.68,106.87,97.93,1,1,0,0,0,1,0,0,1,0,1,0,0,0,0,1,1,1,0,0,1,0,1,1
1400,2128.8825,1829.91,1401.1525000000001,1274.82,1224.9875,1266.1425,1367.095,1507.545,1366.295,1059.3175,1002.4,954.7149999999999,1280.065,1214.2075,1356.0925,1328.4924999999998,1561.7725,1370.2425,1413.3474999999999,1737.2975,2163.7825000000003,2312.5275,2096.2775,1622.4875,104.39,101.79,99.72,100.48,102.51,110.88,148.14,153.09,146.54,128.53,102.0,97.48,96.45,98.39,102.35,112.84,132.9,172.03,205.15,181.06,149.49,133.05,121.27,107.36,0,0,0,1,1,0,1,0,1,1,0,0,1,1,1,1,1,1,0,0,1,0,0,1
1401,2128.8825,1829.91,1401.1525000000001,1274.82,1224.9875,1266.1425,1367.095,1507.545,1366.295,1059.3175,1002.4,954.7149999999999,1280.065,1214.2075,1356.0925,1328.4924999999998,1561.7725,1370.2425,1413.3474999999999,1737.2975,2163.7825000000003,2312.5275,2096.2775,1622.4875,104.39,101.79,99.72,100.48,102.51,110.88,148.14,153.09,146.54,128.53,102.0,97.48,96.45,98.39,102.35,112.84,132.9,172.03,205.15,181.06,149.49,133.05,121.27,107.36,1,1,0,1,1,0,0,0,0,0,1,1,1,0,0,0,0,1,0,0,1,1,0,0
1402,2128.8825,1829.91,1401.1525000000001,1274.82,1224.9875,1266.1425,1367.095,1507.545,1366.295,1059.3175,1002.4,954.7149999999999,1280.065,1214.2075,1356.0925,1328.4924999999998,1561.7725,1370.2425,1413.3474999999999,1737.2975,2163.7825000000003,2312.5275,2096.2775,1622.4875,104.39,101.79,99.72,100.48,102.51,110.88,148.14,153.09,146.54,128.53,102.0,97.48,96.45,98.39,102.35,112.84,132.9,172.03,205.15,181.06,149.49,133.05,121.27,107.36,0,1,0,0,0,1,0,1,1,1,0,0,0,0,0,0,1,1,1,0,0,1,1,0
1403,2128.8825,1829.91,1401.1525000000001,1274.82,1224.9875,1266.1425,1367.095,1507.545,1366.295,1059.3175,1002.4,954.7149999999999,1280.065,1214.2075,1356.0925,1328.4924999999998,1561.7725,1370.2425,1413.3474999999999,1737.2975,2163.7825000000003,2312.5275,2096.2775,1622.4875,104.39,101.79,99.72,100.48,102.51,110.88,148.14,153.09,146.54,128.53,102.0,97.48,96.45,98.39,102.35,112.84,132.9,172.03,205.15,181.06,149.49,133.05,121.27,107.36,1,1,0,0,0,1,0,0,1,0,1,0,0,0,0,1,1,1,0,0,1,0,1,1
1404,2128.8825,1829.91,1401.1525000000001,1274.82,1224.9875,1266.1425,1367.095,1507.545,1366.295,1059.3175,1002.4,954.7149999999999,1280.065,1214.2075,1356.0925,1328.4924999999998,1561.7725,1370.2425,1413.3474999999999,1737.2975,2163.7825000000003,2312.5275,2096.2775,1622.4875,101.74,100.11,97.82,97.43,101.85,110.37,144.57,161.75,148.49,125.02,102.64,99.73,98.11,99.95,101.69,117.81,140.35,159.04,199.9,179.58,148.09,132.26,120.02,109.91,0,0,0,1,1,0,1,0,1,1,0,0,1,1,1,1,1,1,0,0,1,0,0,1
1405,2128.8825,1829.91,1401.1525000000001,1274.82,1224.9875,1266.1425,1367.095,1507.545,1366.295,1059.3175,1002.4,954.7149999999999,1280.065,1214.2075,1356.0925,1328.4924999999998,1561.7725,1370.2425,1413.3474999999999,1737.2975,2163.7825000000003,2312.5275,2096.2775,1622.4875,101.74,100.11,97.82,97.43,101.85,110.37,144.57,161.75,148.49,125.02,102.64,99.73,98.11,99.95,101.69,117.81,140.35,159.04,199.9,179.58,148.09,132.26,120.02,109.91,1,1,0,1,1,0,0,0,0,0,1,1,1,0,0,0,0,1,0,0,1,1,0,0
1406,2128.8825,1829.91,1401.1525000000001,1274.82,1224.9875,1266.1425,1367.095,1507.545,1366.295,1059.3175,1002.4,954.7149999999999,1280.065,1214.2075,1356.0925,1328.4924999999998,1561.7725,1370.2425,1413.3474999999999,1737.2975,2163.7825000000003,2312.5275,2096.2775,1622.4875,101.74,100.11,97.82,97.43,101.85,110.37,144.57,161.75,148.49,125.02,102.64,99.73,98.11,99.95,101.69,117.81,140.35,159.04,199.9,179.58,148.09,132.26,120.02,109.91,0,1,0,0,0,1,0,1,1,1,0,0,0,0,0,0,1,1,1,0,0,1,1,0
1407,2128.8825,1829.91,1401.1525000000001,1274.82,1224.9875,1266.1425,1367.095,1507.545,1366.295,1059.3175,1002.4,954.7149999999999,1280.065,1214.2075,1356.0925,1328.4924999999998,1561.7725,1370.2425,1413.3474999999999,1737.2975,2163.7825000000003,2312.5275,2096.2775,1622.4875,101.74,100.11,97.82,97.43,101.85,110.37,144.57,161.75,148.49,125.02,102.64,99.73,98.11,99.95,101.69,117.81,140.35,159.04,199.9,179.58,148.09,132.26,120.02,109.91,1,1,0,0,0,1,0,0,1,0,1,0,0,0,0,1,1,1,0,0,1,0,1,1
1408,2128.8825,1829.91,1401.1525000000001,1274.82,1224.9875,1266.1425,1367.095,1507.545,1366.295,1059.3175,1002.4,954.7149999999999,1280.065,1214.2075,1356.0925,1328.4924999999998,1561.7725,1370.2425,1413.3474999999999,1737.2975,2163.7825000000003,2312.5275,2096.2775,1622.4875,108.49,102.22,98.96,96.69,98.33,105.87,132.7,160.74,160.99,154.8,123.84,110.75,110.08,108.28,107.6,110.02,121.56,142.95,166.09,173.42,148.99,135.69,123.41,111.53,0,0,0,1,1,0,1,0,1,1,0,0,1,1,1,1,1,1,0,0,1,0,0,1
1409,2128.8825,1829.91,1401.1525000000001,1274.82,1224.9875,1266.1425,1367.095,1507.545,1366.295,1059.3175,1002.4,954.7149999999999,1280.065,1214.2075,1356.0925,1328.4924999999998,1561.7725,1370.2425,1413.3474999999999,1737.2975,2163.7825000000003,2312.5275,2096.2775,1622.4875,108.49,102.22,98.96,96.69,98.33,105.87,132.7,160.74,160.99,154.8,123.84,110.75,110.08,108.28,107.6,110.02,121.56,142.95,166.09,173.42,148.99,135.69,123.41,111.53,1,1,0,1,1,0,0,0,0,0,1,1,1,0,0,0,0,1,0,0,1,1,0,0
1410,2128.8825,1829.91,1401.1525000000001,1274.82,1224.9875,1266.1425,1367.095,1507.545,1366.295,1059.3175,1002.4,954.7149999999999,1280.065,1214.2075,1356.0925,1328.4924999999998,1561.7725,1370.2425,1413.3474999999999,1737.2975,2163.7825000000003,2312.5275,2096.2775,1622.4875,108.49,102.22,98.96,96.69,98.33,105.87,132.7,160.74,160.99,154.8,123.84,110.75,110.08,108.28,107.6,110.02,121.56,142.95,166.09,173.42,148.99,135.69,123.41,111.53,0,1,0,0,0,1,0,1,1,1,0,0,0,0,0,0,1,1,1,0,0,1,1,0
1411,2128.8825,1829.91,1401.1525000000001,1274.82,1224.9875,1266.1425,1367.095,1507.545,1366.295,1059.3175,1002.4,954.7149999999999,1280.065,1214.2075,1356.0925,1328.4924999999998,1561.7725,1370.2425,1413.3474999999999,1737.2975,2163.7825000000003,2312.5275,2096.2775,1622.4875,108.49,102.22,98.96,96.69,98.33,105.87,132.7,160.74,160.99,154.8,123.84,110.75,110.08,108.28,107.6,110.02,121.56,142.95,166.09,173.42,148.99,135.69,123.41,111.53,1,1,0,0,0,1,0,0,1,0,1,0,0,0,0,1,1,1,0,0,1,0,1,1
1412,2128.8825,1829.91,1401.1525000000001,1274.82,1224.9875,1266.1425,1367.095,1507.545,1366.295,1059.3175,1002.4,954.7149999999999,1280.065,1214.2075,1356.0925,1328.4924999999998,1561.7725,1370.2425,1413.3474999999999,1737.2975,2163.7825000000003,2312.5275,2096.2775,1622.4875,109.19,106.08,105.97,103.89,105.37,114.08,143.05,155.29,155.08,132.11,112.01,106.37,104.49,104.58,105.38,109.42,124.93,146.56,155.47,151.02,130.1,111.46,114.0,105.15,0,0,0,1,1,0,1,0,1,1,0,0,1,1,1,1,1,1,0,0,1,0,0,1
1413,2128.8825,1829.91,1401.1525000000001,1274.82,1224.9875,1266.1425,1367.095,1507.545,1366.295,1059.3175,1002.4,954.7149999999999,1280.065,1214.2075,1356.0925,1328.4924999999998,1561.7725,1370.2425,1413.3474999999999,1737.2975,2163.7825000000003,2312.5275,2096.2775,1622.4875,109.19,106.08,105.97,103.89,105.37,114.08,143.05,155.29,155.08,132.11,112.01,106.37,104.49,104.58,105.38,109.42,124.93,146.56,155.47,151.02,130.1,111.46,114.0,105.15,1,1,0,1,1,0,0,0,0,0,1,1,1,0,0,0,0,1,0,0,1,1,0,0
1414,2128.8825,1829.91,1401.1525000000001,1274.82,1224.9875,1266.1425,1367.095,1507.545,1366.295,1059.3175,1002.4,954.7149999999999,1280.065,1214.2075,1356.0925,1328.4924999999998,1561.7725,1370.2425,1413.3474999999999,1737.2975,2163.7825000000003,2312.5275,2096.2775,1622.4875,109.19,106.08,105.97,103.89,105.37,114.08,143.05,155.29,155.08,132.11,112.01,106.37,104.49,104.58,105.38,109.42,124.93,146.56,155.47,151.02,130.1,111.46,114.0,105.15,0,1,0,0,0,1,0,1,1,1,0,0,0,0,0,0,1,1,1,0,0,1,1,0
1415,2128.8825,1829.91,1401.1525000000001,1274.82,1224.9875,1266.1425,1367.095,1507.545,1366.295,1059.3175,1002.4,954.7149999999999,1280.065,1214.2075,1356.0925,1328.4924999999998,1561.7725,1370.2425,1413.3474999999999,1737.2975,2163.7825000000003,2312.5275,2096.2775,1622.4875,109.19,106.08,105.97,103.89,105.37,114.08,143.05,155.29,155.08,132.11,112.01,106.37,104.49,104.58,105.38,109.42,124.93,146.56,155.47,151.02,130.1,111.46,114.0,105.15,1,1,0,0,0,1,0,0,1,0,1,0,0,0,0,1,1,1,0,0,1,0,1,1
1416,2128.8825,1829.91,1401.1525000000001,1274.82,1224.9875,1266.1425,1367.095,1507.545,1366.295,1059.3175,1002.4,954.7149999999999,1280.065,1214.2075,1356.0925,1328.4924999999998,1561.7725,1370.2425,1413.3474999999999,1737.2975,2163.7825000000003,2312.5275,2096.2775,1622.4875,112.16,103.15,96.0,89.89,86.89,90.55,97.0,99.38,98.73,86.36,72.35,67.12,57.28,47.96,54.46,70.76,84.2,121.87,130.26,132.91,121.41,108.46,104.98,95.21,0,0,0,1,1,0,1,0,1,1,0,0,1,1,1,1,1,1,0,0,1,0,0,1
1417,2128.8825,1829.91,1401.1525000000001,1274.82,1224.9875,1266.1425,1367.095,1507.545,1366.295,1059.3175,1002.4,954.7149999999999,1280.065,1214.2075,1356.0925,1328.4924999999998,1561.7725,1370.2425,1413.3474999999999,1737.2975,2163.7825000000003,2312.5275,2096.2775,1622.4875,112.16,103.15,96.0,89.89,86.89,90.55,97.0,99.38,98.73,86.36,72.35,67.12,57.28,47.96,54.46,70.76,84.2,121.87,130.26,132.91,121.41,108.46,104.98,95.21,1,1,0,1,1,0,0,0,0,0,1,1,1,0,0,0,0,1,0,0,1,1,0,0
1418,2128.8825,1829.91,1401.1525000000001,1274.82,1224.9875,1266.1425,1367.095,1507.545,1366.295,1059.3175,1002.4,954.7149999999999,1280.065,1214.2075,1356.0925,1328.4924999999998,1561.7725,1370.2425,1413.3474999999999,1737.2975,2163.7825000000003,2312.5275,2096.2775,1622.4875,112.16,103.15,96.0,89.89,86.89,90.55,97.0,99.38,98.73,86.36,72.35,67.12,57.28,47.96,54.46,70.76,84.2,121.87,130.26,132.91,121.41,108.46,104.98,95.21,0,1,0,0,0,1,0,1,1,1,0,0,0,0,0,0,1,1,1,0,0,1,1,0
1419,2128.8825,1829.91,1401.1525000000001,1274.82,1224.9875,1266.1425,1367.095,1507.545,1366.295,1059.3175,1002.4,954.7149999999999,1280.065,1214.2075,1356.0925,1328.4924999999998,1561.7725,1370.2425,1413.3474999999999,1737.2975,2163.7825000000003,2312.5275,2096.2775,1622.4875,112.16,103.15,96.0,89.89,86.89,90.55,97.0,99.38,98.73,86.36,72.35,67.12,57.28,47.96,54.46,70.76,84.2,121.87,130.26,132.91,121.41,108.46,104.98,95.21,1,1,0,0,0,1,0,0,1,0,1,0,0,0,0,1,1,1,0,0,1,0,1,1
1420,2128.8825,1829.91,1401.1525000000001,1274.82,1224.9875,1266.1425,1367.095,1507.545,1366.295,1059.3175,1002.4,954.7149999999999,1280.065,1214.2075,1356.0925,1328.4924999999998,1561.7725,1370.2425,1413.3474999999999,1737.2975,2163.7825000000003,2312.5275,2096.2775,1622.4875,89.97,85.75,79.57,78.15,78.55,29.41,30.14,30.7,30.5,28.73,24.06,2.9,1.01,0.19,2.67,30.81,59.97,94.68,83.61,45.54,31.49,31.1,30.69,30.44,0,0,0,1,1,0,1,0,1,1,0,0,1,1,1,1,1,1,0,0,1,0,0,1
1421,2128.8825,1829.91,1401.1525000000001,1274.82,1224.9875,1266.1425,1367.095,1507.545,1366.295,1059.3175,1002.4,954.7149999999999,1280.065,1214.2075,1356.0925,1328.4924999999998,1561.7725,1370.2425,1413.3474999999999,1737.2975,2163.7825000000003,2312.5275,2096.2775,1622.4875,89.97,85.75,79.57,78.15,78.55,29.41,30.14,30.7,30.5,28.73,24.06,2.9,1.01,0.19,2.67,30.81,59.97,94.68,83.61,45.54,31.49,31.1,30.69,30.44,1,1,0,1,1,0,0,0,0,0,1,1,1,0,0,0,0,1,0,0,1,1,0,0
1422,2128.8825,1829.91,1401.1525000000001,1274.82,1224.9875,1266.1425,1367.095,1507.545,1366.295,1059.3175,1002.4,954.7149999999999,1280.065,1214.2075,1356.0925,1328.4924999999998,1561.7725,1370.2425,1413.3474999999999,1737.2975,2163.7825000000003,2312.5275,2096.2775,1622.4875,89.97,85.75,79.57,78.15,78.55,29.41,30.14,30.7,30.5,28.73,24.06,2.9,1.01,0.19,2.67,30.81,59.97,94.68,83.61,45.54,31.49,31.1,30.69,30.44,0,1,0,0,0,1,0,1,1,1,0,0,0,0,0,0,1,1,1,0,0,1,1,0
1423,2128.8825,1829.91,1401.1525000000001,1274.82,1224.9875,1266.1425,1367.095,1507.545,1366.295,1059.3175,1002.4,954.7149999999999,1280.065,1214.2075,1356.0925,1328.4924999999998,1561.7725,1370.2425,1413.3474999999999,1737.2975,2163.7825000000003,2312.5275,2096.2775,1622.4875,89.97,85.75,79.57,78.15,78.55,29.41,30.14,30.7,30.5,28.73,24.06,2.9,1.01,0.19,2.67,30.81,59.97,94.68,83.61,45.54,31.49,31.1,30.69,30.44,1,1,0,0,0,1,0,0,1,0,1,0,0,0,0,1,1,1,0,0,1,0,1,1
1424,2128.8825,1829.91,1401.1525000000001,1274.82,1224.9875,1266.1425,1367.095,1507.545,1366.295,1059.3175,1002.4,954.7149999999999,1280.065,1214.2075,1356.0925,1328.4924999999998,1561.7725,1370.2425,1413.3474999999999,1737.2975,2163.7825000000003,2312.5275,2096.2775,1622.4875,30.66,40.11,77.6,80.9,85.84,103.33,135.26,152.96,135.32,100.77,68.2,50.53,31.14,27.92,50.12,70.02,98.59,143.14,177.42,170.09,141.58,113.55,106.46,93.49,0,0,0,1,1,0,1,0,1,1,0,0,1,1,1,1,1,1,0,0,1,0,0,1
1425,2128.8825,1829.91,1401.1525000000001,1274.82,1224.9875,1266.1425,1367.095,1507.545,1366.295,1059.3175,1002.4,954.7149999999999,1280.065,1214.2075,1356.0925,1328.4924999999998,1561.7725,1370.2425,1413.3474999999999,1737.2975,2163.7825000000003,2312.5275,2096.2775,1622.4875,30.66,40.11,77.6,80.9,85.84,103.33,135.26,152.96,135.32,100.77,68.2,50.53,31.14,27.92,50.12,70.02,98.59,143.14,177.42,170.09,141.58,113.55,106.46,93.49,1,1,0,1,1,0,0,0,0,0,1,1,1,0,0,0,0,1,0,0,1,1,0,0
1426,2128.8825,1829.91,1401.1525000000001,1274.82,1224.9875,1266.1425,1367.095,1507.545,1366.295,1059.3175,1002.4,954.7149999999999,1280.065,1214.2075,1356.0925,1328.4924999999998,1561.7725,1370.2425,1413.3474999999999,1737.2975,2163.7825000000003,2312.5275,2096.2775,1622.4875,30.66,40.11,77.6,80.9,85.84,103.33,135.26,152.96,135.32,100.77,68.2,50.53,31.14,27.92,50.12,70.02,98.59,143.14,177.42,170.09,141.58,113.55,106.46,93.49,0,1,0,0,0,1,0,1,1,1,0,0,0,0,0,0,1,1,1,0,0,1,1,0
1427,2128.8825,1829.91,1401.1525000000001,1274.82,1224.9875,1266.1425,1367.095,1507.545,1366.295,1059.3175,1002.4,954.7149999999999,1280.065,1214.2075,1356.0925,1328.4924999999998,1561.7725,1370.2425,1413.3474999999999,1737.2975,2163.7825000000003,2312.5275,2096.2775,1622.4875,30.66,40.11,77.6,80.9,85.84,103.33,135.26,152.96,135.32,100.77,68.2,50.53,31.14,27.92,50.12,70.02,98.59,143.14,177.42,170.09,141.58,113.55,106.46,93.49,1,1,0,0,0,1,0,0,1,0,1,0,0,0,0,1,1,1,0,0,1,0,1,1
1428,2128.8825,1829.91,1401.1525000000001,1274.82,1224.9875,1266.1425,1367.095,1507.545,1366.295,1059.3175,1002.4,954.7149999999999,1280.065,1214.2075,1356.0925,1328.4924999999998,1561.7725,1370.2425,1413.3474999999999,1737.2975,2163.7825000000003,2312.5275,2096.2775,1622.4875,92.18,89.96,89.71,67.1,69.44,102.28,128.02,136.73,106.56,68.46,27.24,1.79,-0.2,-0.28,17.36,38.6,96.03,141.1,171.17,167.77,142.51,117.77,107.46,100.5,0,0,0,1,1,0,1,0,1,1,0,0,1,1,1,1,1,1,0,0,1,0,0,1
1429,2128.8825,1829.91,1401.1525000000001,1274.82,1224.9875,1266.1425,1367.095,1507.545,1366.295,1059.3175,1002.4,954.7149999999999,1280.065,1214.2075,1356.0925,1328.4924999999998,1561.7725,1370.2425,1413.3474999999999,1737.2975,2163.7825000000003,2312.5275,2096.2775,1622.4875,92.18,89.96,89.71,67.1,69.44,102.28,128.02,136.73,106.56,68.46,27.24,1.79,-0.2,-0.28,17.36,38.6,96.03,141.1,171.17,167.77,142.51,117.77,107.46,100.5,1,1,0,1,1,0,0,0,0,0,1,1,1,0,0,0,0,1,0,0,1,1,0,0
1430,2128.8825,1829.91,1401.1525000000001,1274.82,1224.9875,1266.1425,1367.095,1507.545,1366.295,1059.3175,1002.4,954.7149999999999,1280.065,1214.2075,1356.0925,1328.4924999999998,1561.7725,1370.2425,1413.3474999999999,1737.2975,2163.7825000000003,2312.5275,2096.2775,1622.4875,92.18,89.96,89.71,67.1,69.44,102.28,128.02,136.73,106.56,68.46,27.24,1.79,-0.2,-0.28,17.36,38.6,96.03,141.1,171.17,167.77,142.51,117.77,107.46,100.5,0,1,0,0,0,1,0,1,1,1,0,0,0,0,0,0,1,1,1,0,0,1,1,0
1431,2128.8825,1829.91,1401.1525000000001,1274.82,1224.9875,1266.1425,1367.095,1507.545,1366.295,1059.3175,1002.4,954.7149999999999,1280.065,1214.2075,1356.0925,1328.4924999999998,1561.7725,1370.2425,1413.3474999999999,1737.2975,2163.7825000000003,2312.5275,2096.2775,1622.4875,92.18,89.96,89.71,67.1,69.44,102.28,128.02,136.73,106.56,68.46,27.24,1.79,-0.2,-0.28,17.36,38.6,96.03,141.1,171.17,167.77,142.51,117.77,107.46,100.5,1,1,0,0,0,1,0,0,1,0,1,0,0,0,0,1,1,1,0,0,1,0,1,1
1432,2128.8825,1829.91,1401.1525000000001,1274.82,1224.9875,1266.1425,1367.095,1507.545,1366.295,1059.3175,1002.4,954.7149999999999,1280.065,1214.2075,1356.0925,1328.4924999999998,1561.7725,1370.2425,1413.3474999999999,1737.2975,2163.7825000000003,2312.5275,2096.2775,1622.4875,204.12,101.46,97.67,98.58,101.74,110.71,153.27,140.98,99.91,76.08,38.9,6.7,3.13,3.41,30.98,62.63,120.26,154.93,279.34,251.99,163.48,136.61,124.83,117.5,0,0,0,1,1,0,1,0,1,1,0,0,1,1,1,1,1,1,0,0,1,0,0,1
1433,2128.8825,1829.91,1401.1525000000001,1274.82,1224.9875,1266.1425,1367.095,1507.545,1366.295,1059.3175,1002.4,954.7149999999999,1280.065,1214.2075,1356.0925,1328.4924999999998,1561.7725,1370.2425,1413.3474999999999,1737.2975,2163.7825000000003,2312.5275,2096.2775,1622.4875,204.12,101.46,97.67,98.58,101.74,110.71,153.27,140.98,99.91,76.08,38.9,6.7,3.13,3.41,30.98,62.63,120.26,154.93,279.34,251.99,163.48,136.61,124.83,117.5,1,1,0,1,1,0,0,0,0,0,1,1,1,0,0,0,0,1,0,0,1,1,0,0
1434,2128.8825,1829.91,1401.1525000000001,1274.82,1224.9875,1266.1425,1367.095,1507.545,1366.295,1059.3175,1002.4,954.7149999999999,1280.065,1214.2075,1356.0925,1328.4924999999998,1561.7725,1370.2425,1413.3474999999999,1737.2975,2163.7825000000003,2312.5275,2096.2775,1622.4875,204.12,101.46,97.67,98.58,101.74,110.71,153.27,140.98,99.91,76.08,38.9,6.7,3.13,3.41,30.98,62.63,120.26,154.93,279.34,251.99,163.48,136.61,124.83,117.5,0,1,0,0,0,1,0,1,1,1,0,0,0,0,0,0,1,1,1,0,0,1,1,0
1435,2128.8825,1829.91,1401.1525000000001,1274.82,1224.9875,1266.1425,1367.095,1507.545,1366.295,1059.3175,1002.4,954.7149999999999,1280.065,1214.2075,1356.0925,1328.4924999999998,1561.7725,1370.2425,1413.3474999999999,1737.2975,2163.7825000000003,2312.5275,2096.2775,1622.4875,204.12,101.46,97.67,98.58,101.74,110.71,153.27,140.98,99.91,76.08,38.9,6.7,3.13,3.41,30.98,62.63,120.26,154.93,279.34,251.99,163.48,136.61,124.83,117.5,1,1,0,0,0,1,0,0,1,0,1,0,0,0,0,1,1,1,0,0,1,0,1,1
1436,2128.8825,1829.91,1401.1525000000001,1274.82,1224.9875,1266.1425,1367.095,1507.545,1366.295,1059.3175,1002.4,954.7149999999999,1280.065,1214.2075,1356.0925,1328.4924999999998,1561.7725,1370.2425,1413.3474999999999,1737.2975,2163.7825000000003,2312.5275,2096.2775,1622.4875,107.45,102.55,101.34,102.15,106.74,122.73,158.29,147.93,108.19,73.39,28.86,3.96,-0.56,-0.16,27.42,40.28,109.8,147.64,248.27,220.53,176.9,138.38,124.58,111.27,0,0,0,1,1,0,1,0,1,1,0,0,1,1,1,1,1,1,0,0,1,0,0,1
1437,2128.8825,1829.91,1401.1525000000001,1274.82,1224.9875,1266.1425,1367.095,1507.545,1366.295,1059.3175,1002.4,954.7149999999999,1280.065,1214.2075,1356.0925,1328.4924999999998,1561.7725,1370.2425,1413.3474999999999,1737.2975,2163.7825000000003,2312.5275,2096.2775,1622.4875,107.45,102.55,101.34,102.15,106.74,122.73,158.29,147.93,108.19,73.39,28.86,3.96,-0.56,-0.16,27.42,40.28,109.8,147.64,248.27,220.53,176.9,138.38,124.58,111.27,1,1,0,1,1,0,0,0,0,0,1,1,1,0,0,0,0,1,0,0,1,1,0,0
1438,2128.8825,1829.91,1401.1525000000001,1274.82,1224.9875,1266.1425,1367.095,1507.545,1366.295,1059.3175,1002.4,954.7149999999999,1280.065,1214.2075,1356.0925,1328.4924999999998,1561.7725,1370.2425,1413.3474999999999,1737.2975,2163.7825000000003,2312.5275,2096.2775,1622.4875,107.45,102.55,101.34,102.15,106.74,122.73,158.29,147.93,108.19,73.39,28.86,3.96,-0.56,-0.16,27.42,40.28,109.8,147.64,248.27,220.53,176.9,138.38,124.58,111.27,0,1,0,0,0,1,0,1,1,1,0,0,0,0,0,0,1,1,1,0,0,1,1,0
1439,2128.8825,1829.91,1401.1525000000001,1274.82,1224.9875,1266.1425,1367.095,1507.545,1366.295,1059.3175,1002.4,954.7149999999999,1280.065,1214.2075,1356.0925,1328.4924999999998,1561.7725,1370.2425,1413.3474999999999,1737.2975,2163.7825000000003,2312.5275,2096.2775,1622.4875,107.45,102.55,101.34,102.15,106.74,122.73,158.29,147.93,108.19,73.39,28.86,3.96,-0.56,-0.16,27.42,40.28,109.8,147.64,248.27,220.53,176.9,138.38,124.58,111.27,1,1,0,0,0,1,0,0,1,0,1,0,0,0,0,1,1,1,0,0,1,0,1,1
1440,1222.92,1150.55,1116.685,1004.8824999999999,936.05,840.39,850.63,859.65,656.15,319.26,214.3775,206.45499999999998,333.3225,341.6225,424.6825,492.375,439.525,342.7925,234.78,285.53499999999997,387.0325,420.37,487.5575,570.275,128.2,120.38,117.09,112.15,109.75,111.89,117.11,135.81,138.82,137.77,125.08,112.1,102.21,97.27,99.39,97.8,125.41,145.0,158.55,150.78,133.41,125.42,122.03,119.92,0,0,0,1,1,0,1,0,1,1,0,0,1,1,1,1,1,1,0,0,1,0,0,1
1441,1222.92,1150.55,1116.685,1004.8824999999999,936.05,840.39,850.63,859.65,656.15,319.26,214.3775,206.45499999999998,333.3225,341.6225,424.6825,492.375,439.525,342.7925,234.78,285.53499999999997,387.0325,420.37,487.5575,570.275,128.2,120.38,117.09,112.15,109.75,111.89,117.11,135.81,138.82,137.77,125.08,112.1,102.21,97.27,99.39,97.8,125.41,145.0,158.55,150.78,133.41,125.42,122.03,119.92,1,1,0,1,1,0,0,0,0,0,1,1,1,0,0,0,0,1,0,0,1,1,0,0
1442,1222.92,1150.55,1116.685,1004.8824999999999,936.05,840.39,850.63,859.65,656.15,319.26,214.3775,206.45499999999998,333.3225,341.6225,424.6825,492.375,439.525,342.7925,234.78,285.53499999999997,387.0325,420.37,487.5575,570.275,128.2,120.38,117.09,112.15,109.75,111.89,117.11,135.81,138.82,137.77,125.08,112.1,102.21,97.27,99.39,97.8,125.41,145.0,158.55,150.78,133.41,125.42,122.03,119.92,0,1,0,0,0,1,0,1,1,1,0,0,0,0,0,0,1,1,1,0,0,1,1,0
1443,1222.92,1150.55,1116.685,1004.8824999999999,936.05,840.39,850.63,859.65,656.15,319.26,214.3775,206.45499999999998,333.3225,341.6225,424.6825,492.375,439.525,342.7925,234.78,285.53499999999997,387.0325,420.37,487.5575,570.275,128.2,120.38,117.09,112.15,109.75,111.89,117.11,135.81,138.82,137.77,125.08,112.1,102.21,97.27,99.39,97.8,125.41,145.0,158.55,150.78,133.41,125.42,122.03,119.92,1,1,0,0,0,1,0,0,1,0,1,0,0,0,0,1,1,1,0,0,1,0,1,1
1444,1222.92,1150.55,1116.685,1004.8824999999999,936.05,840.39,850.63,859.65,656.15,319.26,214.3775,206.45499999999998,333.3225,341.6225,424.6825,492.375,439.525,342.7925,234.78,285.53499999999997,387.0325,420.37,487.5575,570.275,102.61,57.86,30.22,21.37,19.06,19.05,43.56,90.69,103.11,89.0,33.71,11.22,7.4,3.14,2.85,19.0,54.16,99.69,136.58,117.23,80.9,61.1,35.12,25.41,0,0,0,1,1,0,1,0,1,1,0,0,1,1,1,1,1,1,0,0,1,0,0,1
1445,1222.92,1150.55,1116.685,1004.8824999999999,936.05,840.39,850.63,859.65,656.15,319.26,214.3775,206.45499999999998,333.3225,341.6225,424.6825,492.375,439.525,342.7925,234.78,285.53499999999997,387.0325,420.37,487.5575,570.275,102.61,57.86,30.22,21.37,19.06,19.05,43.56,90.69,103.11,89.0,33.71,11.22,7.4,3.14,2.85,19.0,54.16,99.69,136.58,117.23,80.9,61.1,35.12,25.41,1,1,0,1,1,0,0,0,0,0,1,1,1,0,0,0,0,1,0,0,1,1,0,0
1446,1222.92,1150.55,1116.685,1004.8824999999999,936.05,840.39,850.63,859.65,656.15,319.26,214.3775,206.45499999999998,333.3225,341.6225,424.6825,492.375,439.525,342.7925,234.78,285.53499999999997,387.0325,420.37,487.5575,570.275,102.61,57.86,30.22,21.37,19.06,19.05,43.56,90.69,103.11,89.0,33.71,11.22,7.4,3.14,2.85,19.0,54.16,99.69,136.58,117.23,80.9,61.1,35.12,25.41,0,1,0,0,0,1,0,1,1,1,0,0,0,0,0,0,1,1,1,0,0,1,1,0
1447,1222.92,1150.55,1116.685,1004.8824999999999,936.05,840.39,850.63,859.65,656.15,319.26,214.3775,206.45499999999998,333.3225,341.6225,424.6825,492.375,439.525,342.7925,234.78,285.53499999999997,387.0325,420.37,487.5575,570.275,102.61,57.86,30.22,21.37,19.06,19.05,43.56,90.69,103.11,89.0,33.71,11.22,7.4,3.14,2.85,19.0,54.16,99.69,136.58,117.23,80.9,61.1,35.12,25.41,1,1,0,0,0,1,0,0,1,0,1,0,0,0,0,1,1,1,0,0,1,0,1,1
1448,1222.92,1150.55,1116.685,1004.8824999999999,936.05,840.39,850.63,859.65,656.15,319.26,214.3775,206.45499999999998,333.3225,341.6225,424.6825,492.375,439.525,342.7925,234.78,285.53499999999997,387.0325,420.37,487.5575,570.275,28.31,27.04,25.8,20.11,14.94,20.11,41.81,58.7,70.1,44.59,20.1,4.29,2.43,1.67,10.81,34.89,70.65,129.19,163.66,102.7,88.19,79.94,69.01,40.3,0,0,0,1,1,0,1,0,1,1,0,0,1,1,1,1,1,1,0,0,1,0,0,1
1449,1222.92,1150.55,1116.685,1004.8824999999999,936.05,840.39,850.63,859.65,656.15,319.26,214.3775,206.45499999999998,333.3225,341.6225,424.6825,492.375,439.525,342.7925,234.78,285.53499999999997,387.0325,420.37,487.5575,570.275,28.31,27.04,25.8,20.11,14.94,20.11,41.81,58.7,70.1,44.59,20.1,4.29,2.43,1.67,10.81,34.89,70.65,129.19,163.66,102.7,88.19,79.94,69.01,40.3,1,1,0,1,1,0,0,0,0,0,1,1,1,0,0,0,0,1,0,0,1,1,0,0
1450,1222.92,1150.55,1116.685,1004.8824999999999,936.05,840.39,850.63,859.65,656.15,319.26,214.3775,206.45499999999998,333.3225,341.6225,424.6825,492.375,439.525,342.7925,234.78,285.53499999999997,387.0325,420.37,487.5575,570.275,28.31,27.04,25.8,20.11,14.94,20.11,41.81,58.7,70.1,44.59,20.1,4.29,2.43,1.67,10.81,34.89,70.65,129.19,163.66,102.7,88.19,79.94,69.01,40.3,0,1,0,0,0,1,0,1,1,1,0,0,0,0,0,0,1,1,1,0,0,1,1,0
1451,1222.92,1150.55,1116.685,1004.8824999999999,936.05,840.39,850.63,859.65,656.15,319.26,214.3775,206.45499999999998,333.3225,341.6225,424.6825,492.375,439.525,342.7925,234.78,285.53499999999997,387.0325,420.37,487.5575,570.275,28.31,27.04,25.8,20.11,14.94,20.11,41.81,58.7,70.1,44.59,20.1,4.29,2.43,1.67,10.81,34.89,70.65,129.19,163.66,102.7,88.19,79.94,69.01,40.3,1,1,0,0,0,1,0,0,1,0,1,0,0,0,0,1,1,1,0,0,1,0,1,1
1452,1222.92,1150.55,1116.685,1004.8824999999999,936.05,840.39,850.63,859.65,656.15,319.26,214.3775,206.45499999999998,333.3225,341.6225,424.6825,492.375,439.525,342.7925,234.78,285.53499999999997,387.0325,420.37,487.5575,570.275,65.55,54.39,32.29,20.11,20.1,42.51,52.96,65.9,62.85,61.23,25.3,13.26,4.0,4.04,10.11,30.07,32.66,74.91,64.54,42.3,29.85,25.33,25.52,20.1,0,0,0,1,1,0,1,0,1,1,0,0,1,1,1,1,1,1,0,0,1,0,0,1
1453,1222.92,1150.55,1116.685,1004.8824999999999,936.05,840.39,850.63,859.65,656.15,319.26,214.3775,206.45499999999998,333.3225,341.6225,424.6825,492.375,439.525,342.7925,234.78,285.53499999999997,387.0325,420.37,487.5575,570.275,65.55,54.39,32.29,20.11,20.1,42.51,52.96,65.9,62.85,61.23,25.3,13.26,4.0,4.04,10.11,30.07,32.66,74.91,64.54,42.3,29.85,25.33,25.52,20.1,1,1,0,1,1,0,0,0,0,0,1,1,1,0,0,0,0,1,0,0,1,1,0,0
1454,1222.92,1150.55,1116.685,1004.8824999999999,936.05,840.39,850.63,859.65,656.15,319.26,214.3775,206.45499999999998,333.3225,341.6225,424.6825,492.375,439.525,342.7925,234.78,285.53499999999997,387.0325,420.37,487.5575,570.275,65.55,54.39,32.29,20.11,20.1,42.51,52.96,65.9,62.85,61.23,25.3,13.26,4.0,4.04,10.11,30.07,32.66,74.91,64.54,42.3,29.85,25.33,25.52,20.1,0,1,0,0,0,1,0,1,1,1,0,0,0,0,0,0,1,1,1,0,0,1,1,0
1455,1222.92,1150.55,1116.685,1004.8824999999999,936.05,840.39,850.63,859.65,656.15,319.26,214.3775,206.45499999999998,333.3225,341.6225,424.6825,492.375,439.525,342.7925,234.78,285.53499999999997,387.0325,420.37,487.5575,570.275,65.55,54.39,32.29,20.11,20.1,42.51,52.96,65.9,62.85,61.23,25.3,13.26,4.0,4.04,10.11,30.07,32.66,74.91,64.54,42.3,29.85,25.33,25.52,20.1,1,1,0,0,0,1,0,0,1,0,1,0,0,0,0,1,1,1,0,0,1,0,1,1
1456,1222.92,1150.55,1116.685,1004.8824999999999,936.05,840.39,850.63,859.65,656.15,319.26,214.3775,206.45499999999998,333.3225,341.6225,424.6825,492.375,439.525,342.7925,234.78,285.53499999999997,387.0325,420.37,487.5575,570.275,4.0,4.0,4.0,4.0,9.8,4.0,16.04,43.93,39.29,12.6,0.34,-0.67,-0.7,-0.78,0.01,3.97,13.23,60.4,60.41,43.5,34.76,33.55,31.31,31.16,0,0,0,1,1,0,1,0,1,1,0,0,1,1,1,1,1,1,0,0,1,0,0,1
1457,1222.92,1150.55,1116.685,1004.8824999999999,936.05,840.39,850.63,859.65,656.15,319.26,214.3775,206.45499999999998,333.3225,341.6225,424.6825,492.375,439.525,342.7925,234.78,285.53499999999997,387.0325,420.37,487.5575,570.275,4.0,4.0,4.0,4.0,9.8,4.0,16.04,43.93,39.29,12.6,0.34,-0.67,-0.7,-0.78,0.01,3.97,13.23,60.4,60.41,43.5,34.76,33.55,31.31,31.16,1,1,0,1,1,0,0,0,0,0,1,1,1,0,0,0,0,1,0,0,1,1,0,0
1458,1222.92,1150.55,1116.685,1004.8824999999999,936.05,840.39,850.63,859.65,656.15,319.26,214.3775,206.45499999999998,333.3225,341.6225,424.6825,492.375,439.525,342.7925,234.78,285.53499999999997,387.0325,420.37,487.5575,570.275,4.0,4.0,4.0,4.0,9.8,4.0,16.04,43.93,39.29,12.6,0.34,-0.67,-0.7,-0.78,0.01,3.97,13.23,60.4,60.41,43.5,34.76,33.55,31.31,31.16,0,1,0,0,0,1,0,1,1,1,0,0,0,0,0,0,1,1,1,0,0,1,1,0
1459,1222.92,1150.55,1116.685,1004.8824999999999,936.05,840.39,850.63,859.65,656.15,319.26,214.3775,206.45499999999998,333.3225,341.6225,424.6825,492.375,439.525,342.7925,234.78,285.53499999999997,387.0325,420.37,487.5575,570.275,4.0,4.0,4.0,4.0,9.8,4.0,16.04,43.93,39.29,12.6,0.34,-0.67,-0.7,-0.78,0.01,3.97,13.23,60.4,60.41,43.5,34.76,33.55,31.31,31.16,1,1,0,0,0,1,0,0,1,0,1,0,0,0,0,1,1,1,0,0,1,0,1,1
1460,1222.92,1150.55,1116.685,1004.8824999999999,936.05,840.39,850.63,859.65,656.15,319.26,214.3775,206.45499999999998,333.3225,341.6225,424.6825,492.375,439.525,342.7925,234.78,285.53499999999997,387.0325,420.37,487.5575,570.275,30.3,29.53,35.47,39.26,47.4,65.97,93.16,139.44,108.51,78.7,50.47,4.02,0.08,0.02,13.16,63.61,99.2,129.7,165.36,149.11,125.64,106.63,101.47,91.11,0,0,0,1,1,0,1,0,1,1,0,0,1,1,1,1,1,1,0,0,1,0,0,1
1461,1222.92,1150.55,1116.685,1004.8824999999999,936.05,840.39,850.63,859.65,656.15,319.26,214.3775,206.45499999999998,333.3225,341.6225,424.6825,492.375,439.525,342.7925,234.78,285.53499999999997,387.0325,420.37,487.5575,570.275,30.3,29.53,35.47,39.26,47.4,65.97,93.16,139.44,108.51,78.7,50.47,4.02,0.08,0.02,13.16,63.61,99.2,129.7,165.36,149.11,125.64,106.63,101.47,91.11,1,1,0,1,1,0,0,0,0,0,1,1,1,0,0,0,0,1,0,0,1,1,0,0
1462,1222.92,1150.55,1116.685,1004.8824999999999,936.05,840.39,850.63,859.65,656.15,319.26,214.3775,206.45499999999998,333.3225,341.6225,424.6825,492.375,439.525,342.7925,234.78,285.53499999999997,387.0325,420.37,487.5575,570.275,30.3,29.53,35.47,39.26,47.4,65.97,93.16,139.44,108.51,78.7,50.47,4.02,0.08,0.02,13.16,63.61,99.2,129.7,165.36,149.11,125.64,106.63,101.47,91.11,0,1,0,0,0,1,0,1,1,1,0,0,0,0,0,0,1,1,1,0,0,1,1,0
1463,1222.92,1150.55,1116.685,1004.8824999999999,936.05,840.39,850.63,859.65,656.15,319.26,214.3775,206.45499999999998,333.3225,341.6225,424.6825,492.375,439.525,342.7925,234.78,285.53499999999997,387.0325,420.37,487.5575,570.275,30.3,29.53,35.47,39.26,47.4,65.97,93.16,139.44,108.51,78.7,50.47,4.02,0.08,0.02,13.16,63.61,99.2,129.7,165.36,149.11,125.64,106.63,101.47,91.11,1,1,0,0,0,1,0,0,1,0,1,0,0,0,0,1,1,1,0,0,1,0,1,1
1464,1222.92,1150.55,1116.685,1004.8824999999999,936.05,840.39,850.63,859.65,656.15,319.26,214.3775,206.45499999999998,333.3225,341.6225,424.6825,492.375,439.525,342.7925,234.78,285.53499999999997,387.0325,420.37,487.5575,570.275,90.27,90.27,91.38,91.69,98.13,115.16,135.67,147.7,122.23,83.0,65.3,31.51,13.08,8.08,37.05,90.15,126.99,149.92,216.65,178.68,148.7,132.4,119.11,111.83,0,0,0,1,1,0,1,0,1,1,0,0,1,1,1,1,1,1,0,0,1,0,0,1
1465,1222.92,1150.55,1116.685,1004.8824999999999,936.05,840.39,850.63,859.65,656.15,319.26,214.3775,206.45499999999998,333.3225,341.6225,424.6825,492.375,439.525,342.7925,234.78,285.53499999999997,387.0325,420.37,487.5575,570.275,90.27,90.27,91.38,91.69,98.13,115.16,135.67,147.7,122.23,83.0,65.3,31.51,13.08,8.08,37.05,90.15,126.99,149.92,216.65,178.68,148.7,132.4,119.11,111.83,1,1,0,1,1,0,0,0,0,0,1,1,1,0,0,0,0,1,0,0,1,1,0,0
1466,1222.92,1150.55,1116.685,1004.8824999999999,936.05,840.39,850.63,859.65,656.15,319.26,214.3775,206.45499999999998,333.3225,341.6225,424.6825,492.375,439.525,342.7925,234.78,285.53499999999997,387.0325,420.37,487.5575,570.275,90.27,90.27,91.38,91.69,98.13,115.16,135.67,147.7,122.23,83.0,65.3,31.51,13.08,8.08,37.05,90.15,126.99,149.92,216.65,178.68,148.7,132.4,119.11,111.83,0,1,0,0,0,1,0,1,1,1,0,0,0,0,0,0,1,1,1,0,0,1,1,0
1467,1222.92,1150.55,1116.685,1004.8824999999999,936.05,840.39,850.63,859.65,656.15,319.26,214.3775,206.45499999999998,333.3225,341.6225,424.6825,492.375,439.525,342.7925,234.78,285.53499999999997,387.0325,420.37,487.5575,570.275,90.27,90.27,91.38,91.69,98.13,115.16,135.67,147.7,122.23,83.0,65.3,31.51,13.08,8.08,37.05,90.15,126.99,149.92,216.65,178.68,148.7,132.4,119.11,111.83,1,1,0,0,0,1,0,0,1,0,1,0,0,0,0,1,1,1,0,0,1,0,1,1
1468,1222.92,1150.55,1116.685,1004.8824999999999,936.05,840.39,850.63,859.65,656.15,319.26,214.3775,206.45499999999998,333.3225,341.6225,424.6825,492.375,439.525,342.7925,234.78,285.53499999999997,387.0325,420.37,487.5575,570.275,124.97,113.94,117.22,116.76,118.42,121.3,127.82,120.6,98.05,72.54,18.05,2.07,-0.33,-0.1,2.76,53.53,100.87,145.58,174.04,140.03,111.21,100.01,99.24,97.9,0,0,0,1,1,0,1,0,1,1,0,0,1,1,1,1,1,1,0,0,1,0,0,1
1469,1222.92,1150.55,1116.685,1004.8824999999999,936.05,840.39,850.63,859.65,656.15,319.26,214.3775,206.45499999999998,333.3225,341.6225,424.6825,492.375,439.525,342.7925,234.78,285.53499999999997,387.0325,420.37,487.5575,570.275,124.97,113.94,117.22,116.76,118.42,121.3,127.82,120.6,98.05,72.54,18.05,2.07,-0.33,-0.1,2.76,53.53,100.87,145.58,174.04,140.03,111.21,100.01,99.24,97.9,1,1,0,1,1,0,0,0,0,0,1,1,1,0,0,0,0,1,0,0,1,1,0,0
1470,1222.92,1150.55,1116.685,1004.8824999999999,936.05,840.39,850.63,859.65,656.15,319.26,214.3775,206.45499999999998,333.3225,341.6225,424.6825,492.375,439.525,342.7925,234.78,285.53499999999997,387.0325,420.37,487.5575,570.275,124.97,113.94,117.22,116.76,118.42,121.3,127.82,120.6,98.05,72.54,18.05,2.07,-0.33,-0.1,2.76,53.53,100.87,145.58,174.04,140.03,111.21,100.01,99.24,97.9,0,1,0,0,0,1,0,1,1,1,0,0,0,0,0,0,1,1,1,0,0,1,1,0
1471,1222.92,1150.55,1116.685,1004.8824999999999,936.05,840.39,850.63,859.65,656.15,319.26,214.3775,206.45499999999998,333.3225,341.6225,424.6825,492.375,439.525,342.7925,234.78,285.53499999999997,387.0325,420.37,487.5575,570.275,124.97,113.94,117.22,116.76,118.42,121.3,127.82,120.6,98.05,72.54,18.05,2.07,-0.33,-0.1,2.76,53.53,100.87,145.58,174.04,140.03,111.21,100.01,99.24,97.9,1,1,0,0,0,1,0,0,1,0,1,0,0,0,0,1,1,1,0,0,1,0,1,1
1472,1222.92,1150.55,1116.685,1004.8824999999999,936.05,840.39,850.63,859.65,656.15,319.26,214.3775,206.45499999999998,333.3225,341.6225,424.6825,492.375,439.525,342.7925,234.78,285.53499999999997,387.0325,420.37,487.5575,570.275,95.19,94.81,94.44,96.51,98.67,101.51,100.0,93.0,59.02,24.41,21.32,3.95,1.29,3.95,11.03,28.01,68.99,107.86,134.15,132.71,114.54,107.87,104.56,103.64,0,0,0,1,1,0,1,0,1,1,0,0,1,1,1,1,1,1,0,0,1,0,0,1
1473,1222.92,1150.55,1116.685,1004.8824999999999,936.05,840.39,850.63,859.65,656.15,319.26,214.3775,206.45499999999998,333.3225,341.6225,424.6825,492.375,439.525,342.7925,234.78,285.53499999999997,387.0325,420.37,487.5575,570.275,95.19,94.81,94.44,96.51,98.67,101.51,100.0,93.0,59.02,24.41,21.32,3.95,1.29,3.95,11.03,28.01,68.99,107.86,134.15,132.71,114.54,107.87,104.56,103.64,1,1,0,1,1,0,0,0,0,0,1,1,1,0,0,0,0,1,0,0,1,1,0,0
1474,1222.92,1150.55,1116.685,1004.8824999999999,936.05,840.39,850.63,859.65,656.15,319.26,214.3775,206.45499999999998,333.3225,341.6225,424.6825,492.375,439.525,342.7925,234.78,285.53499999999997,387.0325,420.37,487.5575,570.275,95.19,94.81,94.44,96.51,98.67,101.51,100.0,93.0,59.02,24.41,21.32,3.95,1.29,3.95,11.03,28.01,68.99,107.86,134.15,132.71,114.54,107.87,104.56,103.64,0,1,0,0,0,1,0,1,1,1,0,0,0,0,0,0,1,1,1,0,0,1,1,0
1475,1222.92,1150.55,1116.685,1004.8824999999999,936.05,840.39,850.63,859.65,656.15,319.26,214.3775,206.45499999999998,333.3225,341.6225,424.6825,492.375,439.525,342.7925,234.78,285.53499999999997,387.0325,420.37,487.5575,570.275,95.19,94.81,94.44,96.51,98.67,101.51,100.0,93.0,59.02,24.41,21.32,3.95,1.29,3.95,11.03,28.01,68.99,107.86,134.15,132.71,114.54,107.87,104.56,103.64,1,1,0,0,0,1,0,0,1,0,1,0,0,0,0,1,1,1,0,0,1,0,1,1
1476,1222.92,1150.55,1116.685,1004.8824999999999,936.05,840.39,850.63,859.65,656.15,319.26,214.3775,206.45499999999998,333.3225,341.6225,424.6825,492.375,439.525,342.7925,234.78,285.53499999999997,387.0325,420.37,487.5575,570.275,95.84,94.92,96.7,96.86,89.98,101.13,148.63,159.87,134.08,98.92,84.44,77.92,76.06,77.36,83.96,97.54,127.59,148.1,175.06,160.4,142.28,126.68,106.87,97.93,0,0,0,1,1,0,1,0,1,1,0,0,1,1,1,1,1,1,0,0,1,0,0,1
1477,1222.92,1150.55,1116.685,1004.8824999999999,936.05,840.39,850.63,859.65,656.15,319.26,214.3775,206.45499999999998,333.3225,341.6225,424.6825,492.375,439.525,342.7925,234.78,285.53499999999997,387.0325,420.37,487.5575,570.275,95.84,94.92,96.7,96.86,89.98,101.13,148.63,159.87,134.08,98.92,84.44,77.92,76.06,77.36,83.96,97.54,127.59,148.1,175.06,160.4,142.28,126.68,106.87,97.93,1,1,0,1,1,0,0,0,0,0,1,1,1,0,0,0,0,1,0,0,1,1,0,0
1478,1222.92,1150.55,1116.685,1004.8824999999999,936.05,840.39,850.63,859.65,656.15,319.26,214.3775,206.45499999999998,333.3225,341.6225,424.6825,492.375,439.525,342.7925,234.78,285.53499999999997,387.0325,420.37,487.5575,570.275,95.84,94.92,96.7,96.86,89.98,101.13,148.63,159.87,134.08,98.92,84.44,77.92,76.06,77.36,83.96,97.54,127.59,148.1,175.06,160.4,142.28,126.68,106.87,97.93,0,1,0,0,0,1,0,1,1,1,0,0,0,0,0,0,1,1,1,0,0,1,1,0
1479,1222.92,1150.55,1116.685,1004.8824999999999,936.05,840.39,850.63,859.65,656.15,319.26,214.3775,206.45499999999998,333.3225,341.6225,424.6825,492.375,439.525,342.7925,234.78,285.53499999999997,387.0325,420.37,487.5575,570.275,95.84,94.92,96.7,96.86,89.98,101.13,148.63,159.87,134.08,98.92,84.44,77.92,76.06,77.36,83.96,97.54,127.59,148.1,175.06,160.4,142.28,126.68,106.87,97.93,1,1,0,0,0,1,0,0,1,0,1,0,0,0,0,1,1,1,0,0,1,0,1,1
1480,1222.92,1150.55,1116.685,1004.8824999999999,936.05,840.39,850.63,859.65,656.15,319.26,214.3775,206.45499999999998,333.3225,341.6225,424.6825,492.375,439.525,342.7925,234.78,285.53499999999997,387.0325,420.37,487.5575,570.275,104.39,101.79,99.72,100.48,102.51,110.88,148.14,153.09,146.54,128.53,102.0,97.48,96.45,98.39,102.35,112.84,132.9,172.03,205.15,181.06,149.49,133.05,121.27,107.36,0,0,0,1,1,0,1,0,1,1,0,0,1,1,1,1,1,1,0,0,1,0,0,1
1481,1222.92,1150.55,1116.685,1004.8824999999999,936.05,840.39,850.63,859.65,656.15,319.26,214.3775,206.45499999999998,333.3225,341.6225,424.6825,492.375,439.525,342.7925,234.78,285.53499999999997,387.0325,420.37,487.5575,570.275,104.39,101.79,99.72,100.48,102.51,110.88,148.14,153.09,146.54,128.53,102.0,97.48,96.45,98.39,102.35,112.84,132.9,172.03,205.15,181.06,149.49,133.05,121.27,107.36,1,1,0,1,1,0,0,0,0,0,1,1,1,0,0,0,0,1,0,0,1,1,0,0
1482,1222.92,1150.55,1116.685,1004.8824999999999,936.05,840.39,850.63,859.65,656.15,319.26,214.3775,206.45499999999998,333.3225,341.6225,424.6825,492.375,439.525,342.7925,234.78,285.53499999999997,387.0325,420.37,487.5575,570.275,104.39,101.79,99.72,100.48,102.51,110.88,148.14,153.09,146.54,128.53,102.0,97.48,96.45,98.39,102.35,112.84,132.9,172.03,205.15,181.06,149.49,133.05,121.27,107.36,0,1,0,0,0,1,0,1,1,1,0,0,0,0,0,0,1,1,1,0,0,1,1,0
1483,1222.92,1150.55,1116.685,1004.8824999999999,936.05,840.39,850.63,859.65,656.15,319.26,214.3775,206.45499999999998,333.3225,341.6225,424.6825,492.375,439.525,342.7925,234.78,285.53499999999997,387.0325,420.37,487.5575,570.275,104.39,101.79,99.72,100.48,102.51,110.88,148.14,153.09,146.54,128.53,102.0,97.48,96.45,98.39,102.35,112.84,132.9,172.03,205.15,181.06,149.49,133.05,121.27,107.36,1,1,0,0,0,1,0,0,1,0,1,0,0,0,0,1,1,1,0,0,1,0,1,1
1484,1222.92,1150.55,1116.685,1004.8824999999999,936.05,840.39,850.63,859.65,656.15,319.26,214.3775,206.45499999999998,333.3225,341.6225,424.6825,492.375,439.525,342.7925,234.78,285.53499999999997,387.0325,420.37,487.5575,570.275,101.74,100.11,97.82,97.43,101.85,110.37,144.57,161.75,148.49,125.02,102.64,99.73,98.11,99.95,101.69,117.81,140.35,159.04,199.9,179.58,148.09,132.26,120.02,109.91,0,0,0,1,1,0,1,0,1,1,0,0,1,1,1,1,1,1,0,0,1,0,0,1
1485,1222.92,1150.55,1116.685,1004.8824999999999,936.05,840.39,850.63,859.65,656.15,319.26,214.3775,206.45499999999998,333.3225,341.6225,424.6825,492.375,439.525,342.7925,234.78,285.53499999999997,387.0325,420.37,487.5575,570.275,101.74,100.11,97.82,97.43,101.85,110.37,144.57,161.75,148.49,125.02,102.64,99.73,98.11,99.95,101.69,117.81,140.35,159.04,199.9,179.58,148.09,132.26,120.02,109.91,1,1,0,1,1,0,0,0,0,0,1,1,1,0,0,0,0,1,0,0,1,1,0,0
1486,1222.92,1150.55,1116.685,1004.8824999999999,936.05,840.39,850.63,859.65,656.15,319.26,214.3775,206.45499999999998,333.3225,341.6225,424.6825,492.375,439.525,342.7925,234.78,285.53499999999997,387.0325,420.37,487.5575,570.275,101.74,100.11,97.82,97.43,101.85,110.37,144.57,161.75,148.49,125.02,102.64,99.73,98.11,99.95,101.69,117.81,140.35,159.04,199.9,179.58,148.09,132.26,120.02,109.91,0,1,0,0,0,1,0,1,1,1,0,0,0,0,0,0,1,1,1,0,0,1,1,0
1487,1222.92,1150.55,1116.685,1004.8824999999999,936.05,840.39,850.63,859.65,656.15,319.26,214.3775,206.45499999999998,333.3225,341.6225,424.6825,492.375,439.525,342.7925,234.78,285.53499999999997,387.0325,420.37,487.5575,570.275,101.74,100.11,97.82,97.43,101.85,110.37,144.57,161.75,148.49,125.02,102.64,99.73,98.11,99.95,101.69,117.81,140.35,159.04,199.9,179.58,148.09,132.26,120.02,109.91,1,1,0,0,0,1,0,0,1,0,1,0,0,0,0,1,1,1,0,0,1,0,1,1
1488,1222.92,1150.55,1116.685,1004.8824999999999,936.05,840.39,850.63,859.65,656.15,319.26,214.3775,206.45499999999998,333.3225,341.6225,424.6825,492.375,439.525,342.7925,234.78,285.53499999999997,387.0325,420.37,487.5575,570.275,108.49,102.22,98.96,96.69,98.33,105.87,132.7,160.74,160.99,154.8,123.84,110.75,110.08,108.28,107.6,110.02,121.56,142.95,166.09,173.42,148.99,135.69,123.41,111.53,0,0,0,1,1,0,1,0,1,1,0,0,1,1,1,1,1,1,0,0,1,0,0,1
1489,1222.92,1150.55,1116.685,1004.8824999999999,936.05,840.39,850.63,859.65,656.15,319.26,214.3775,206.45499999999998,333.3225,341.6225,424.6825,492.375,439.525,342.7925,234.78,285.53499999999997,387.0325,420.37,487.5575,570.275,108.49,102.22,98.96,96.69,98.33,105.87,132.7,160.74,160.99,154.8,123.84,110.75,110.08,108.28,107.6,110.02,121.56,142.95,166.09,173.42,148.99,135.69,123.41,111.53,1,1,0,1,1,0,0,0,0,0,1,1,1,0,0,0,0,1,0,0,1,1,0,0
1490,1222.92,1150.55,1116.685,1004.8824999999999,936.05,840.39,850.63,859.65,656.15,319.26,214.3775,206.45499999999998,333.3225,341.6225,424.6825,492.375,439.525,342.7925,234.78,285.53499999999997,387.0325,420.37,487.5575,570.275,108.49,102.22,98.96,96.69,98.33,105.87,132.7,160.74,160.99,154.8,123.84,110.75,110.08,108.28,107.6,110.02,121.56,142.95,166.09,173.42,148.99,135.69,123.41,111.53,0,1,0,0,0,1,0,1,1,1,0,0,0,0,0,0,1,1,1,0,0,1,1,0
1491,1222.92,1150.55,1116.685,1004.8824999999999,936.05,840.39,850.63,859.65,656.15,319.26,214.3775,206.45499999999998,333.3225,341.6225,424.6825,492.375,439.525,342.7925,234.78,285.53499999999997,387.0325,420.37,487.5575,570.275,108.49,102.22,98.96,96.69,98.33,105.87,132.7,160.74,160.99,154.8,123.84,110.75,110.08,108.28,107.6,110.02,121.56,142.95,166.09,173.42,148.99,135.69,123.41,111.53,1,1,0,0,0,1,0,0,1,0,1,0,0,0,0,1,1,1,0,0,1,0,1,1
1492,1222.92,1150.55,1116.685,1004.8824999999999,936.05,840.39,850.63,859.65,656.15,319.26,214.3775,206.45499999999998,333.3225,341.6225,424.6825,492.375,439.525,342.7925,234.78,285.53499999999997,387.0325,420.37,487.5575,570.275,109.19,106.08,105.97,103.89,105.37,114.08,143.05,155.29,155.08,132.11,112.01,106.37,104.49,104.58,105.38,109.42,124.93,146.56,155.47,151.02,130.1,111.46,114.0,105.15,0,0,0,1,1,0,1,0,1,1,0,0,1,1,1,1,1,1,0,0,1,0,0,1
1493,1222.92,1150.55,1116.685,1004.8824999999999,936.05,840.39,850.63,859.65,656.15,319.26,214.3775,206.45499999999998,333.3225,341.6225,424.6825,492.375,439.525,342.7925,234.78,285.53499999999997,387.0325,420.37,487.5575,570.275,109.19,106.08,105.97,103.89,105.37,114.08,143.05,155.29,155.08,132.11,112.01,106.37,104.49,104.58,105.38,109.42,124.93,146.56,155.47,151.02,130.1,111.46,114.0,105.15,1,1,0,1,1,0,0,0,0,0,1,1,1,0,0,0,0,1,0,0,1,1,0,0
1494,1222.92,1150.55,1116.685,1004.8824999999999,936.05,840.39,850.63,859.65,656.15,319.26,214.3775,206.45499999999998,333.3225,341.6225,424.6825,492.375,439.525,342.7925,234.78,285.53499999999997,387.0325,420.37,487.5575,570.275,109.19,106.08,105.97,103.89,105.37,114.08,143.05,155.29,155.08,132.11,112.01,106.37,104.49,104.58,105.38,109.42,124.93,146.56,155.47,151.02,130.1,111.46,114.0,105.15,0,1,0,0,0,1,0,1,1,1,0,0,0,0,0,0,1,1,1,0,0,1,1,0
1495,1222.92,1150.55,1116.685,1004.8824999999999,936.05,840.39,850.63,859.65,656.15,319.26,214.3775,206.45499999999998,333.3225,341.6225,424.6825,492.375,439.525,342.7925,234.78,285.53499999999997,387.0325,420.37,487.5575,570.275,109.19,106.08,105.97,103.89,105.37,114.08,143.05,155.29,155.08,132.11,112.01,106.37,104.49,104.58,105.38,109.42,124.93,146.56,155.47,151.02,130.1,111.46,114.0,105.15,1,1,0,0,0,1,0,0,1,0,1,0,0,0,0,1,1,1,0,0,1,0,1,1
1496,1222.92,1150.55,1116.685,1004.8824999999999,936.05,840.39,850.63,859.65,656.15,319.26,214.3775,206.45499999999998,333.3225,341.6225,424.6825,492.375,439.525,342.7925,234.78,285.53499999999997,387.0325,420.37,487.5575,570.275,112.16,103.15,96.0,89.89,86.89,90.55,97.0,99.38,98.73,86.36,72.35,67.12,57.28,47.96,54.46,70.76,84.2,121.87,130.26,132.91,121.41,108.46,104.98,95.21,0,0,0,1,1,0,1,0,1,1,0,0,1,1,1,1,1,1,0,0,1,0,0,1
1497,1222.92,1150.55,1116.685,1004.8824999999999,936.05,840.39,850.63,859.65,656.15,319.26,214.3775,206.45499999999998,333.3225,341.6225,424.6825,492.375,439.525,342.7925,234.78,285.53499999999997,387.0325,420.37,487.5575,570.275,112.16,103.15,96.0,89.89,86.89,90.55,97.0,99.38,98.73,86.36,72.35,67.12,57.28,47.96,54.46,70.76,84.2,121.87,130.26,132.91,121.41,108.46,104.98,95.21,1,1,0,1,1,0,0,0,0,0,1,1,1,0,0,0,0,1,0,0,1,1,0,0
1498,1222.92,1150.55,1116.685,1004.8824999999999,936.05,840.39,850.63,859.65,656.15,319.26,214.3775,206.45499999999998,333.3225,341.6225,424.6825,492.375,439.525,342.7925,234.78,285.53499999999997,387.0325,420.37,487.5575,570.275,112.16,103.15,96.0,89.89,86.89,90.55,97.0,99.38,98.73,86.36,72.35,67.12,57.28,47.96,54.46,70.76,84.2,121.87,130.26,132.91,121.41,108.46,104.98,95.21,0,1,0,0,0,1,0,1,1,1,0,0,0,0,0,0,1,1,1,0,0,1,1,0
1499,1222.92,1150.55,1116.685,1004.8824999999999,936.05,840.39,850.63,859.65,656.15,319.26,214.3775,206.45499999999998,333.3225,341.6225,424.6825,492.375,439.525,342.7925,234.78,285.53499999999997,387.0325,420.37,487.5575,570.275,112.16,103.15,96.0,89.89,86.89,90.55,97.0,99.38,98.73,86.36,72.35,67.12,57.28,47.96,54.46,70.76,84.2,121.87,130.26,132.91,121.41,108.46,104.98,95.21,1,1,0,0,0,1,0,0,1,0,1,0,0,0,0,1,1,1,0,0,1,0,1,1
1500,1222.92,1150.55,1116.685,1004.8824999999999,936.05,840.39,850.63,859.65,656.15,319.26,214.3775,206.45499999999998,333.3225,341.6225,424.6825,492.375,439.525,342.7925,234.78,285.53499999999997,387.0325,420.37,487.5575,570.275,89.97,85.75,79.57,78.15,78.55,29.41,30.14,30.7,30.5,28.73,24.06,2.9,1.01,0.19,2.67,30.81,59.97,94.68,83.61,45.54,31.49,31.1,30.69,30.44,0,0,0,1,1,0,1,0,1,1,0,0,1,1,1,1,1,1,0,0,1,0,0,1
1501,1222.92,1150.55,1116.685,1004.8824999999999,936.05,840.39,850.63,859.65,656.15,319.26,214.3775,206.45499999999998,333.3225,341.6225,424.6825,492.375,439.525,342.7925,234.78,285.53499999999997,387.0325,420.37,487.5575,570.275,89.97,85.75,79.57,78.15,78.55,29.41,30.14,30.7,30.5,28.73,24.06,2.9,1.01,0.19,2.67,30.81,59.97,94.68,83.61,45.54,31.49,31.1,30.69,30.44,1,1,0,1,1,0,0,0,0,0,1,1,1,0,0,0,0,1,0,0,1,1,0,0
1502,1222.92,1150.55,1116.685,1004.8824999999999,936.05,840.39,850.63,859.65,656.15,319.26,214.3775,206.45499999999998,333.3225,341.6225,424.6825,492.375,439.525,342.7925,234.78,285.53499999999997,387.0325,420.37,487.5575,570.275,89.97,85.75,79.57,78.15,78.55,29.41,30.14,30.7,30.5,28.73,24.06,2.9,1.01,0.19,2.67,30.81,59.97,94.68,83.61,45.54,31.49,31.1,30.69,30.44,0,1,0,0,0,1,0,1,1,1,0,0,0,0,0,0,1,1,1,0,0,1,1,0
1503,1222.92,1150.55,1116.685,1004.8824999999999,936.05,840.39,850.63,859.65,656.15,319.26,214.3775,206.45499999999998,333.3225,341.6225,424.6825,492.375,439.525,342.7925,234.78,285.53499999999997,387.0325,420.37,487.5575,570.275,89.97,85.75,79.57,78.15,78.55,29.41,30.14,30.7,30.5,28.73,24.06,2.9,1.01,0.19,2.67,30.81,59.97,94.68,83.61,45.54,31.49,31.1,30.69,30.44,1,1,0,0,0,1,0,0,1,0,1,0,0,0,0,1,1,1,0,0,1,0,1,1
1504,1222.92,1150.55,1116.685,1004.8824999999999,936.05,840.39,850.63,859.65,656.15,319.26,214.3775,206.45499999999998,333.3225,341.6225,424.6825,492.375,439.525,342.7925,234.78,285.53499999999997,387.0325,420.37,487.5575,570.275,30.66,40.11,77.6,80.9,85.84,103.33,135.26,152.96,135.32,100.77,68.2,50.53,31.14,27.92,50.12,70.02,98.59,143.14,177.42,170.09,141.58,113.55,106.46,93.49,0,0,0,1,1,0,1,0,1,1,0,0,1,1,1,1,1,1,0,0,1,0,0,1
1505,1222.92,1150.55,1116.685,1004.8824999999999,936.05,840.39,850.63,859.65,656.15,319.26,214.3775,206.45499999999998,333.3225,341.6225,424.6825,492.375,439.525,342.7925,234.78,285.53499999999997,387.0325,420.37,487.5575,570.275,30.66,40.11,77.6,80.9,85.84,103.33,135.26,152.96,135.32,100.77,68.2,50.53,31.14,27.92,50.12,70.02,98.59,143.14,177.42,170.09,141.58,113.55,106.46,93.49,1,1,0,1,1,0,0,0,0,0,1,1,1,0,0,0,0,1,0,0,1,1,0,0
1506,1222.92,1150.55,1116.685,1004.8824999999999,936.05,840.39,850.63,859.65,656.15,319.26,214.3775,206.45499999999998,333.3225,341.6225,424.6825,492.375,439.525,342.7925,234.78,285.53499999999997,387.0325,420.37,487.5575,570.275,30.66,40.11,77.6,80.9,85.84,103.33,135.26,152.96,135.32,100.77,68.2,50.53,31.14,27.92,50.12,70.02,98.59,143.14,177.42,170.09,141.58,113.55,106.46,93.49,0,1,0,0,0,1,0,1,1,1,0,0,0,0,0,0,1,1,1,0,0,1,1,0
1507,1222.92,1150.55,1116.685,1004.8824999999999,936.05,840.39,850.63,859.65,656.15,319.26,214.3775,206.45499999999998,333.3225,341.6225,424.6825,492.375,439.525,342.7925,234.78,285.53499999999997,387.0325,420.37,487.5575,570.275,30.66,40.11,77.6,80.9,85.84,103.33,135.26,152.96,135.32,100.77,68.2,50.53,31.14,27.92,50.12,70.02,98.59,143.14,177.42,170.09,141.58,113.55,106.46,93.49,1,1,0,0,0,1,0,0,1,0,1,0,0,0,0,1,1,1,0,0,1,0,1,1
1508,1222.92,1150.55,1116.685,1004.8824999999999,936.05,840.39,850.63,859.65,656.15,319.26,214.3775,206.45499999999998,333.3225,341.6225,424.6825,492.375,439.525,342.7925,234.78,285.53499999999997,387.0325,420.37,487.5575,570.275,92.18,89.96,89.71,67.1,69.44,102.28,128.02,136.73,106.56,68.46,27.24,1.79,-0.2,-0.28,17.36,38.6,96.03,141.1,171.17,167.77,142.51,117.77,107.46,100.5,0,0,0,1,1,0,1,0,1,1,0,0,1,1,1,1,1,1,0,0,1,0,0,1
1509,1222.92,1150.55,1116.685,1004.8824999999999,936.05,840.39,850.63,859.65,656.15,319.26,214.3775,206.45499999999998,333.3225,341.6225,424.6825,492.375,439.525,342.7925,234.78,285.53499999999997,387.0325,420.37,487.5575,570.275,92.18,89.96,89.71,67.1,69.44,102.28,128.02,136.73,106.56,68.46,27.24,1.79,-0.2,-0.28,17.36,38.6,96.03,141.1,171.17,167.77,142.51,117.77,107.46,100.5,1,1,0,1,1,0,0,0,0,0,1,1,1,0,0,0,0,1,0,0,1,1,0,0
1510,1222.92,1150.55,1116.685,1004.8824999999999,936.05,840.39,850.63,859.65,656.15,319.26,214.3775,206.45499999999998,333.3225,341.6225,424.6825,492.375,439.525,342.7925,234.78,285.53499999999997,387.0325,420.37,487.5575,570.275,92.18,89.96,89.71,67.1,69.44,102.28,128.02,136.73,106.56,68.46,27.24,1.79,-0.2,-0.28,17.36,38.6,96.03,141.1,171.17,167.77,142.51,117.77,107.46,100.5,0,1,0,0,0,1,0,1,1,1,0,0,0,0,0,0,1,1,1,0,0,1,1,0
1511,1222.92,1150.55,1116.685,1004.8824999999999,936.05,840.39,850.63,859.65,656.15,319.26,214.3775,206.45499999999998,333.3225,341.6225,424.6825,492.375,439.525,342.7925,234.78,285.53499999999997,387.0325,420.37,487.5575,570.275,92.18,89.96,89.71,67.1,69.44,102.28,128.02,136.73,106.56,68.46,27.24,1.79,-0.2,-0.28,17.36,38.6,96.03,141.1,171.17,167.77,142.51,117.77,107.46,100.5,1,1,0,0,0,1,0,0,1,0,1,0,0,0,0,1,1,1,0,0,1,0,1,1
1512,1222.92,1150.55,1116.685,1004.8824999999999,936.05,840.39,850.63,859.65,656.15,319.26,214.3775,206.45499999999998,333.3225,341.6225,424.6825,492.375,439.525,342.7925,234.78,285.53499999999997,387.0325,420.37,487.5575,570.275,204.12,101.46,97.67,98.58,101.74,110.71,153.27,140.98,99.91,76.08,38.9,6.7,3.13,3.41,30.98,62.63,120.26,154.93,279.34,251.99,163.48,136.61,124.83,117.5,0,0,0,1,1,0,1,0,1,1,0,0,1,1,1,1,1,1,0,0,1,0,0,1
1513,1222.92,1150.55,1116.685,1004.8824999999999,936.05,840.39,850.63,859.65,656.15,319.26,214.3775,206.45499999999998,333.3225,341.6225,424.6825,492.375,439.525,342.7925,234.78,285.53499999999997,387.0325,420.37,487.5575,570.275,204.12,101.46,97.67,98.58,101.74,110.71,153.27,140.98,99.91,76.08,38.9,6.7,3.13,3.41,30.98,62.63,120.26,154.93,279.34,251.99,163.48,136.61,124.83,117.5,1,1,0,1,1,0,0,0,0,0,1,1,1,0,0,0,0,1,0,0,1,1,0,0
1514,1222.92,1150.55,1116.685,1004.8824999999999,936.05,840.39,850.63,859.65,656.15,319.26,214.3775,206.45499999999998,333.3225,341.6225,424.6825,492.375,439.525,342.7925,234.78,285.53499999999997,387.0325,420.37,487.5575,570.275,204.12,101.46,97.67,98.58,101.74,110.71,153.27,140.98,99.91,76.08,38.9,6.7,3.13,3.41,30.98,62.63,120.26,154.93,279.34,251.99,163.48,136.61,124.83,117.5,0,1,0,0,0,1,0,1,1,1,0,0,0,0,0,0,1,1,1,0,0,1,1,0
1515,1222.92,1150.55,1116.685,1004.8824999999999,936.05,840.39,850.63,859.65,656.15,319.26,214.3775,206.45499999999998,333.3225,341.6225,424.6825,492.375,439.525,342.7925,234.78,285.53499999999997,387.0325,420.37,487.5575,570.275,204.12,101.46,97.67,98.58,101.74,110.71,153.27,140.98,99.91,76.08,38.9,6.7,3.13,3.41,30.98,62.63,120.26,154.93,279.34,251.99,163.48,136.61,124.83,117.5,1,1,0,0,0,1,0,0,1,0,1,0,0,0,0,1,1,1,0,0,1,0,1,1
1516,1222.92,1150.55,1116.685,1004.8824999999999,936.05,840.39,850.63,859.65,656.15,319.26,214.3775,206.45499999999998,333.3225,341.6225,424.6825,492.375,439.525,342.7925,234.78,285.53499999999997,387.0325,420.37,487.5575,570.275,107.45,102.55,101.34,102.15,106.74,122.73,158.29,147.93,108.19,73.39,28.86,3.96,-0.56,-0.16,27.42,40.28,109.8,147.64,248.27,220.53,176.9,138.38,124.58,111.27,0,0,0,1,1,0,1,0,1,1,0,0,1,1,1,1,1,1,0,0,1,0,0,1
1517,1222.92,1150.55,1116.685,1004.8824999999999,936.05,840.39,850.63,859.65,656.15,319.26,214.3775,206.45499999999998,333.3225,341.6225,424.6825,492.375,439.525,342.7925,234.78,285.53499999999997,387.0325,420.37,487.5575,570.275,107.45,102.55,101.34,102.15,106.74,122.73,158.29,147.93,108.19,73.39,28.86,3.96,-0.56,-0.16,27.42,40.28,109.8,147.64,248.27,220.53,176.9,138.38,124.58,111.27,1,1,0,1,1,0,0,0,0,0,1,1,1,0,0,0,0,1,0,0,1,1,0,0
1518,1222.92,1150.55,1116.685,1004.8824999999999,936.05,840.39,850.63,859.65,656.15,319.26,214.3775,206.45499999999998,333.3225,341.6225,424.6825,492.375,439.525,342.7925,234.78,285.53499999999997,387.0325,420.37,487.5575,570.275,107.45,102.55,101.34,102.15,106.74,122.73,158.29,147.93,108.19,73.39,28.86,3.96,-0.56,-0.16,27.42,40.28,109.8,147.64,248.27,220.53,176.9,138.38,124.58,111.27,0,1,0,0,0,1,0,1,1,1,0,0,0,0,0,0,1,1,1,0,0,1,1,0
1519,1222.92,1150.55,1116.685,1004.8824999999999,936.05,840.39,850.63,859.65,656.15,319.26,214.3775,206.45499999999998,333.3225,341.6225,424.6825,492.375,439.525,342.7925,234.78,285.53499999999997,387.0325,420.37,487.5575,570.275,107.45,102.55,101.34,102.15,106.74,122.73,158.29,147.93,108.19,73.39,28.86,3.96,-0.56,-0.16,27.42,40.28,109.8,147.64,248.27,220.53,176.9,138.38,124.58,111.27,1,1,0,0,0,1,0,0,1,0,1,0,0,0,0,1,1,1,0,0,1,0,1,1
1520,603.995,574.96,523.245,474.2525,494.03499999999997,478.1875,461.945,494.005,359.275,178.95499999999998,76.7875,49.735,36.7125,23.525,5.41,13.925,18.3075,27.307499999999997,111.7575,347.475,571.31,914.78,1119.2075,1408.8600000000001,128.2,120.38,117.09,112.15,109.75,111.89,117.11,135.81,138.82,137.77,125.08,112.1,102.21,97.27,99.39,97.8,125.41,145.0,158.55,150.78,133.41,125.42,122.03,119.92,0,0,0,1,1,0,1,0,1,1,0,0,1,1,1,1,1,1,0,0,1,0,0,1
1521,603.995,574.96,523.245,474.2525,494.03499999999997,478.1875,461.945,494.005,359.275,178.95499999999998,76.7875,49.735,36.7125,23.525,5.41,13.925,18.3075,27.307499999999997,111.7575,347.475,571.31,914.78,1119.2075,1408.8600000000001,128.2,120.38,117.09,112.15,109.75,111.89,117.11,135.81,138.82,137.77,125.08,112.1,102.21,97.27,99.39,97.8,125.41,145.0,158.55,150.78,133.41,125.42,122.03,119.92,1,1,0,1,1,0,0,0,0,0,1,1,1,0,0,0,0,1,0,0,1,1,0,0
1522,603.995,574.96,523.245,474.2525,494.03499999999997,478.1875,461.945,494.005,359.275,178.95499999999998,76.7875,49.735,36.7125,23.525,5.41,13.925,18.3075,27.307499999999997,111.7575,347.475,571.31,914.78,1119.2075,1408.8600000000001,128.2,120.38,117.09,112.15,109.75,111.89,117.11,135.81,138.82,137.77,125.08,112.1,102.21,97.27,99.39,97.8,125.41,145.0,158.55,150.78,133.41,125.42,122.03,119.92,0,1,0,0,0,1,0,1,1,1,0,0,0,0,0,0,1,1,1,0,0,1,1,0
1523,603.995,574.96,523.245,474.2525,494.03499999999997,478.1875,461.945,494.005,359.275,178.95499999999998,76.7875,49.735,36.7125,23.525,5.41,13.925,18.3075,27.307499999999997,111.7575,347.475,571.31,914.78,1119.2075,1408.8600000000001,128.2,120.38,117.09,112.15,109.75,111.89,117.11,135.81,138.82,137.77,125.08,112.1,102.21,97.27,99.39,97.8,125.41,145.0,158.55,150.78,133.41,125.42,122.03,119.92,1,1,0,0,0,1,0,0,1,0,1,0,0,0,0,1,1,1,0,0,1,0,1,1
1524,603.995,574.96,523.245,474.2525,494.03499999999997,478.1875,461.945,494.005,359.275,178.95499999999998,76.7875,49.735,36.7125,23.525,5.41,13.925,18.3075,27.307499999999997,111.7575,347.475,571.31,914.78,1119.2075,1408.8600000000001,102.61,57.86,30.22,21.37,19.06,19.05,43.56,90.69,103.11,89.0,33.71,11.22,7.4,3.14,2.85,19.0,54.16,99.69,136.58,117.23,80.9,61.1,35.12,25.41,0,0,0,1,1,0,1,0,1,1,0,0,1,1,1,1,1,1,0,0,1,0,0,1
1525,603.995,574.96,523.245,474.2525,494.03499999999997,478.1875,461.945,494.005,359.275,178.95499999999998,76.7875,49.735,36.7125,23.525,5.41,13.925,18.3075,27.307499999999997,111.7575,347.475,571.31,914.78,1119.2075,1408.8600000000001,102.61,57.86,30.22,21.37,19.06,19.05,43.56,90.69,103.11,89.0,33.71,11.22,7.4,3.14,2.85,19.0,54.16,99.69,136.58,117.23,80.9,61.1,35.12,25.41,1,1,0,1,1,0,0,0,0,0,1,1,1,0,0,0,0,1,0,0,1,1,0,0
1526,603.995,574.96,523.245,474.2525,494.03499999999997,478.1875,461.945,494.005,359.275,178.95499999999998,76.7875,49.735,36.7125,23.525,5.41,13.925,18.3075,27.307499999999997,111.7575,347.475,571.31,914.78,1119.2075,1408.8600000000001,102.61,57.86,30.22,21.37,19.06,19.05,43.56,90.69,103.11,89.0,33.71,11.22,7.4,3.14,2.85,19.0,54.16,99.69,136.58,117.23,80.9,61.1,35.12,25.41,0,1,0,0,0,1,0,1,1,1,0,0,0,0,0,0,1,1,1,0,0,1,1,0
1527,603.995,574.96,523.245,474.2525,494.03499999999997,478.1875,461.945,494.005,359.275,178.95499999999998,76.7875,49.735,36.7125,23.525,5.41,13.925,18.3075,27.307499999999997,111.7575,347.475,571.31,914.78,1119.2075,1408.8600000000001,102.61,57.86,30.22,21.37,19.06,19.05,43.56,90.69,103.11,89.0,33.71,11.22,7.4,3.14,2.85,19.0,54.16,99.69,136.58,117.23,80.9,61.1,35.12,25.41,1,1,0,0,0,1,0,0,1,0,1,0,0,0,0,1,1,1,0,0,1,0,1,1
1528,603.995,574.96,523.245,474.2525,494.03499999999997,478.1875,461.945,494.005,359.275,178.95499999999998,76.7875,49.735,36.7125,23.525,5.41,13.925,18.3075,27.307499999999997,111.7575,347.475,571.31,914.78,1119.2075,1408.8600000000001,28.31,27.04,25.8,20.11,14.94,20.11,41.81,58.7,70.1,44.59,20.1,4.29,2.43,1.67,10.81,34.89,70.65,129.19,163.66,102.7,88.19,79.94,69.01,40.3,0,0,0,1,1,0,1,0,1,1,0,0,1,1,1,1,1,1,0,0,1,0,0,1
1529,603.995,574.96,523.245,474.2525,494.03499999999997,478.1875,461.945,494.005,359.275,178.95499999999998,76.7875,49.735,36.7125,23.525,5.41,13.925,18.3075,27.307499999999997,111.7575,347.475,571.31,914.78,1119.2075,1408.8600000000001,28.31,27.04,25.8,20.11,14.94,20.11,41.81,58.7,70.1,44.59,20.1,4.29,2.43,1.67,10.81,34.89,70.65,129.19,163.66,102.7,88.19,79.94,69.01,40.3,1,1,0,1,1,0,0,0,0,0,1,1,1,0,0,0,0,1,0,0,1,1,0,0
1530,603.995,574.96,523.245,474.2525,494.03499999999997,478.1875,461.945,494.005,359.275,178.95499999999998,76.7875,49.735,36.7125,23.525,5.41,13.925,18.3075,27.307499999999997,111.7575,347.475,571.31,914.78,1119.2075,1408.8600000000001,28.31,27.04,25.8,20.11,14.94,20.11,41.81,58.7,70.1,44.59,20.1,4.29,2.43,1.67,10.81,34.89,70.65,129.19,163.66,102.7,88.19,79.94,69.01,40.3,0,1,0,0,0,1,0,1,1,1,0,0,0,0,0,0,1,1,1,0,0,1,1,0
1531,603.995,574.96,523.245,474.2525,494.03499999999997,478.1875,461.945,494.005,359.275,178.95499999999998,76.7875,49.735,36.7125,23.525,5.41,13.925,18.3075,27.307499999999997,111.7575,347.475,571.31,914.78,1119.2075,1408.8600000000001,28.31,27.04,25.8,20.11,14.94,20.11,41.81,58.7,70.1,44.59,20.1,4.29,2.43,1.67,10.81,34.89,70.65,129.19,163.66,102.7,88.19,79.94,69.01,40.3,1,1,0,0,0,1,0,0,1,0,1,0,0,0,0,1,1,1,0,0,1,0,1,1
1532,603.995,574.96,523.245,474.2525,494.03499999999997,478.1875,461.945,494.005,359.275,178.95499999999998,76.7875,49.735,36.7125,23.525,5.41,13.925,18.3075,27.307499999999997,111.7575,347.475,571.31,914.78,1119.2075,1408.8600000000001,65.55,54.39,32.29,20.11,20.1,42.51,52.96,65.9,62.85,61.23,25.3,13.26,4.0,4.04,10.11,30.07,32.66,74.91,64.54,42.3,29.85,25.33,25.52,20.1,0,0,0,1,1,0,1,0,1,1,0,0,1,1,1,1,1,1,0,0,1,0,0,1
1533,603.995,574.96,523.245,474.2525,494.03499999999997,478.1875,461.945,494.005,359.275,178.95499999999998,76.7875,49.735,36.7125,23.525,5.41,13.925,18.3075,27.307499999999997,111.7575,347.475,571.31,914.78,1119.2075,1408.8600000000001,65.55,54.39,32.29,20.11,20.1,42.51,52.96,65.9,62.85,61.23,25.3,13.26,4.0,4.04,10.11,30.07,32.66,74.91,64.54,42.3,29.85,25.33,25.52,20.1,1,1,0,1,1,0,0,0,0,0,1,1,1,0,0,0,0,1,0,0,1,1,0,0
1534,603.995,574.96,523.245,474.2525,494.03499999999997,478.1875,461.945,494.005,359.275,178.95499999999998,76.7875,49.735,36.7125,23.525,5.41,13.925,18.3075,27.307499999999997,111.7575,347.475,571.31,914.78,1119.2075,1408.8600000000001,65.55,54.39,32.29,20.11,20.1,42.51,52.96,65.9,62.85,61.23,25.3,13.26,4.0,4.04,10.11,30.07,32.66,74.91,64.54,42.3,29.85,25.33,25.52,20.1,0,1,0,0,0,1,0,1,1,1,0,0,0,0,0,0,1,1,1,0,0,1,1,0
1535,603.995,574.96,523.245,474.2525,494.03499999999997,478.1875,461.945,494.005,359.275,178.95499999999998,76.7875,49.735,36.7125,23.525,5.41,13.925,18.3075,27.307499999999997,111.7575,347.475,571.31,914.78,1119.2075,1408.8600000000001,65.55,54.39,32.29,20.11,20.1,42.51,52.96,65.9,62.85,61.23,25.3,13.26,4.0,4.04,10.11,30.07,32.66,74.91,64.54,42.3,29.85,25.33,25.52,20.1,1,1,0,0,0,1,0,0,1,0,1,0,0,0,0,1,1,1,0,0,1,0,1,1
1536,603.995,574.96,523.245,474.2525,494.03499999999997,478.1875,461.945,494.005,359.275,178.95499999999998,76.7875,49.735,36.7125,23.525,5.41,13.925,18.3075,27.307499999999997,111.7575,347.475,571.31,914.78,1119.2075,1408.8600000000001,4.0,4.0,4.0,4.0,9.8,4.0,16.04,43.93,39.29,12.6,0.34,-0.67,-0.7,-0.78,0.01,3.97,13.23,60.4,60.41,43.5,34.76,33.55,31.31,31.16,0,0,0,1,1,0,1,0,1,1,0,0,1,1,1,1,1,1,0,0,1,0,0,1
1537,603.995,574.96,523.245,474.2525,494.03499999999997,478.1875,461.945,494.005,359.275,178.95499999999998,76.7875,49.735,36.7125,23.525,5.41,13.925,18.3075,27.307499999999997,111.7575,347.475,571.31,914.78,1119.2075,1408.8600000000001,4.0,4.0,4.0,4.0,9.8,4.0,16.04,43.93,39.29,12.6,0.34,-0.67,-0.7,-0.78,0.01,3.97,13.23,60.4,60.41,43.5,34.76,33.55,31.31,31.16,1,1,0,1,1,0,0,0,0,0,1,1,1,0,0,0,0,1,0,0,1,1,0,0
1538,603.995,574.96,523.245,474.2525,494.03499999999997,478.1875,461.945,494.005,359.275,178.95499999999998,76.7875,49.735,36.7125,23.525,5.41,13.925,18.3075,27.307499999999997,111.7575,347.475,571.31,914.78,1119.2075,1408.8600000000001,4.0,4.0,4.0,4.0,9.8,4.0,16.04,43.93,39.29,12.6,0.34,-0.67,-0.7,-0.78,0.01,3.97,13.23,60.4,60.41,43.5,34.76,33.55,31.31,31.16,0,1,0,0,0,1,0,1,1,1,0,0,0,0,0,0,1,1,1,0,0,1,1,0
1539,603.995,574.96,523.245,474.2525,494.03499999999997,478.1875,461.945,494.005,359.275,178.95499999999998,76.7875,49.735,36.7125,23.525,5.41,13.925,18.3075,27.307499999999997,111.7575,347.475,571.31,914.78,1119.2075,1408.8600000000001,4.0,4.0,4.0,4.0,9.8,4.0,16.04,43.93,39.29,12.6,0.34,-0.67,-0.7,-0.78,0.01,3.97,13.23,60.4,60.41,43.5,34.76,33.55,31.31,31.16,1,1,0,0,0,1,0,0,1,0,1,0,0,0,0,1,1,1,0,0,1,0,1,1
1540,603.995,574.96,523.245,474.2525,494.03499999999997,478.1875,461.945,494.005,359.275,178.95499999999998,76.7875,49.735,36.7125,23.525,5.41,13.925,18.3075,27.307499999999997,111.7575,347.475,571.31,914.78,1119.2075,1408.8600000000001,30.3,29.53,35.47,39.26,47.4,65.97,93.16,139.44,108.51,78.7,50.47,4.02,0.08,0.02,13.16,63.61,99.2,129.7,165.36,149.11,125.64,106.63,101.47,91.11,0,0,0,1,1,0,1,0,1,1,0,0,1,1,1,1,1,1,0,0,1,0,0,1
1541,603.995,574.96,523.245,474.2525,494.03499999999997,478.1875,461.945,494.005,359.275,178.95499999999998,76.7875,49.735,36.7125,23.525,5.41,13.925,18.3075,27.307499999999997,111.7575,347.475,571.31,914.78,1119.2075,1408.8600000000001,30.3,29.53,35.47,39.26,47.4,65.97,93.16,139.44,108.51,78.7,50.47,4.02,0.08,0.02,13.16,63.61,99.2,129.7,165.36,149.11,125.64,106.63,101.47,91.11,1,1,0,1,1,0,0,0,0,0,1,1,1,0,0,0,0,1,0,0,1,1,0,0
1542,603.995,574.96,523.245,474.2525,494.03499999999997,478.1875,461.945,494.005,359.275,178.95499999999998,76.7875,49.735,36.7125,23.525,5.41,13.925,18.3075,27.307499999999997,111.7575,347.475,571.31,914.78,1119.2075,1408.8600000000001,30.3,29.53,35.47,39.26,47.4,65.97,93.16,139.44,108.51,78.7,50.47,4.02,0.08,0.02,13.16,63.61,99.2,129.7,165.36,149.11,125.64,106.63,101.47,91.11,0,1,0,0,0,1,0,1,1,1,0,0,0,0,0,0,1,1,1,0,0,1,1,0
1543,603.995,574.96,523.245,474.2525,494.03499999999997,478.1875,461.945,494.005,359.275,178.95499999999998,76.7875,49.735,36.7125,23.525,5.41,13.925,18.3075,27.307499999999997,111.7575,347.475,571.31,914.78,1119.2075,1408.8600000000001,30.3,29.53,35.47,39.26,47.4,65.97,93.16,139.44,108.51,78.7,50.47,4.02,0.08,0.02,13.16,63.61,99.2,129.7,165.36,149.11,125.64,106.63,101.47,91.11,1,1,0,0,0,1,0,0,1,0,1,0,0,0,0,1,1,1,0,0,1,0,1,1
1544,603.995,574.96,523.245,474.2525,494.03499999999997,478.1875,461.945,494.005,359.275,178.95499999999998,76.7875,49.735,36.7125,23.525,5.41,13.925,18.3075,27.307499999999997,111.7575,347.475,571.31,914.78,1119.2075,1408.8600000000001,90.27,90.27,91.38,91.69,98.13,115.16,135.67,147.7,122.23,83.0,65.3,31.51,13.08,8.08,37.05,90.15,126.99,149.92,216.65,178.68,148.7,132.4,119.11,111.83,0,0,0,1,1,0,1,0,1,1,0,0,1,1,1,1,1,1,0,0,1,0,0,1
1545,603.995,574.96,523.245,474.2525,494.03499999999997,478.1875,461.945,494.005,359.275,178.95499999999998,76.7875,49.735,36.7125,23.525,5.41,13.925,18.3075,27.307499999999997,111.7575,347.475,571.31,914.78,1119.2075,1408.8600000000001,90.27,90.27,91.38,91.69,98.13,115.16,135.67,147.7,122.23,83.0,65.3,31.51,13.08,8.08,37.05,90.15,126.99,149.92,216.65,178.68,148.7,132.4,119.11,111.83,1,1,0,1,1,0,0,0,0,0,1,1,1,0,0,0,0,1,0,0,1,1,0,0
1546,603.995,574.96,523.245,474.2525,494.03499999999997,478.1875,461.945,494.005,359.275,178.95499999999998,76.7875,49.735,36.7125,23.525,5.41,13.925,18.3075,27.307499999999997,111.7575,347.475,571.31,914.78,1119.2075,1408.8600000000001,90.27,90.27,91.38,91.69,98.13,115.16,135.67,147.7,122.23,83.0,65.3,31.51,13.08,8.08,37.05,90.15,126.99,149.92,216.65,178.68,148.7,132.4,119.11,111.83,0,1,0,0,0,1,0,1,1,1,0,0,0,0,0,0,1,1,1,0,0,1,1,0
1547,603.995,574.96,523.245,474.2525,494.03499999999997,478.1875,461.945,494.005,359.275,178.95499999999998,76.7875,49.735,36.7125,23.525,5.41,13.925,18.3075,27.307499999999997,111.7575,347.475,571.31,914.78,1119.2075,1408.8600000000001,90.27,90.27,91.38,91.69,98.13,115.16,135.67,147.7,122.23,83.0,65.3,31.51,13.08,8.08,37.05,90.15,126.99,149.92,216.65,178.68,148.7,132.4,119.11,111.83,1,1,0,0,0,1,0,0,1,0,1,0,0,0,0,1,1,1,0,0,1,0,1,1
1548,603.995,574.96,523.245,474.2525,494.03499999999997,478.1875,461.945,494.005,359.275,178.95499999999998,76.7875,49.735,36.7125,23.525,5.41,13.925,18.3075,27.307499999999997,111.7575,347.475,571.31,914.78,1119.2075,1408.8600000000001,124.97,113.94,117.22,116.76,118.42,121.3,127.82,120.6,98.05,72.54,18.05,2.07,-0.33,-0.1,2.76,53.53,100.87,145.58,174.04,140.03,111.21,100.01,99.24,97.9,0,0,0,1,1,0,1,0,1,1,0,0,1,1,1,1,1,1,0,0,1,0,0,1
1549,603.995,574.96,523.245,474.2525,494.03499999999997,478.1875,461.945,494.005,359.275,178.95499999999998,76.7875,49.735,36.7125,23.525,5.41,13.925,18.3075,27.307499999999997,111.7575,347.475,571.31,914.78,1119.2075,1408.8600000000001,124.97,113.94,117.22,116.76,118.42,121.3,127.82,120.6,98.05,72.54,18.05,2.07,-0.33,-0.1,2.76,53.53,100.87,145.58,174.04,140.03,111.21,100.01,99.24,97.9,1,1,0,1,1,0,0,0,0,0,1,1,1,0,0,0,0,1,0,0,1,1,0,0
1550,603.995,574.96,523.245,474.2525,494.03499999999997,478.1875,461.945,494.005,359.275,178.95499999999998,76.7875,49.735,36.7125,23.525,5.41,13.925,18.3075,27.307499999999997,111.7575,347.475,571.31,914.78,1119.2075,1408.8600000000001,124.97,113.94,117.22,116.76,118.42,121.3,127.82,120.6,98.05,72.54,18.05,2.07,-0.33,-0.1,2.76,53.53,100.87,145.58,174.04,140.03,111.21,100.01,99.24,97.9,0,1,0,0,0,1,0,1,1,1,0,0,0,0,0,0,1,1,1,0,0,1,1,0
1551,603.995,574.96,523.245,474.2525,494.03499999999997,478.1875,461.945,494.005,359.275,178.95499999999998,76.7875,49.735,36.7125,23.525,5.41,13.925,18.3075,27.307499999999997,111.7575,347.475,571.31,914.78,1119.2075,1408.8600000000001,124.97,113.94,117.22,116.76,118.42,121.3,127.82,120.6,98.05,72.54,18.05,2.07,-0.33,-0.1,2.76,53.53,100.87,145.58,174.04,140.03,111.21,100.01,99.24,97.9,1,1,0,0,0,1,0,0,1,0,1,0,0,0,0,1,1,1,0,0,1,0,1,1
1552,603.995,574.96,523.245,474.2525,494.03499999999997,478.1875,461.945,494.005,359.275,178.95499999999998,76.7875,49.735,36.7125,23.525,5.41,13.925,18.3075,27.307499999999997,111.7575,347.475,571.31,914.78,1119.2075,1408.8600000000001,95.19,94.81,94.44,96.51,98.67,101.51,100.0,93.0,59.02,24.41,21.32,3.95,1.29,3.95,11.03,28.01,68.99,107.86,134.15,132.71,114.54,107.87,104.56,103.64,0,0,0,1,1,0,1,0,1,1,0,0,1,1,1,1,1,1,0,0,1,0,0,1
1553,603.995,574.96,523.245,474.2525,494.03499999999997,478.1875,461.945,494.005,359.275,178.95499999999998,76.7875,49.735,36.7125,23.525,5.41,13.925,18.3075,27.307499999999997,111.7575,347.475,571.31,914.78,1119.2075,1408.8600000000001,95.19,94.81,94.44,96.51,98.67,101.51,100.0,93.0,59.02,24.41,21.32,3.95,1.29,3.95,11.03,28.01,68.99,107.86,134.15,132.71,114.54,107.87,104.56,103.64,1,1,0,1,1,0,0,0,0,0,1,1,1,0,0,0,0,1,0,0,1,1,0,0
1554,603.995,574.96,523.245,474.2525,494.03499999999997,478.1875,461.945,494.005,359.275,178.95499999999998,76.7875,49.735,36.7125,23.525,5.41,13.925,18.3075,27.307499999999997,111.7575,347.475,571.31,914.78,1119.2075,1408.8600000000001,95.19,94.81,94.44,96.51,98.67,101.51,100.0,93.0,59.02,24.41,21.32,3.95,1.29,3.95,11.03,28.01,68.99,107.86,134.15,132.71,114.54,107.87,104.56,103.64,0,1,0,0,0,1,0,1,1,1,0,0,0,0,0,0,1,1,1,0,0,1,1,0
1555,603.995,574.96,523.245,474.2525,494.03499999999997,478.1875,461.945,494.005,359.275,178.95499999999998,76.7875,49.735,36.7125,23.525,5.41,13.925,18.3075,27.307499999999997,111.7575,347.475,571.31,914.78,1119.2075,1408.8600000000001,95.19,94.81,94.44,96.51,98.67,101.51,100.0,93.0,59.02,24.41,21.32,3.95,1.29,3.95,11.03,28.01,68.99,107.86,134.15,132.71,114.54,107.87,104.56,103.64,1,1,0,0,0,1,0,0,1,0,1,0,0,0,0,1,1,1,0,0,1,0,1,1
1556,603.995,574.96,523.245,474.2525,494.03499999999997,478.1875,461.945,494.005,359.275,178.95499999999998,76.7875,49.735,36.7125,23.525,5.41,13.925,18.3075,27.307499999999997,111.7575,347.475,571.31,914.78,1119.2075,1408.8600000000001,95.84,94.92,96.7,96.86,89.98,101.13,148.63,159.87,134.08,98.92,84.44,77.92,76.06,77.36,83.96,97.54,127.59,148.1,175.06,160.4,142.28,126.68,106.87,97.93,0,0,0,1,1,0,1,0,1,1,0,0,1,1,1,1,1,1,0,0,1,0,0,1
1557,603.995,574.96,523.245,474.2525,494.03499999999997,478.1875,461.945,494.005,359.275,178.95499999999998,76.7875,49.735,36.7125,23.525,5.41,13.925,18.3075,27.307499999999997,111.7575,347.475,571.31,914.78,1119.2075,1408.8600000000001,95.84,94.92,96.7,96.86,89.98,101.13,148.63,159.87,134.08,98.92,84.44,77.92,76.06,77.36,83.96,97.54,127.59,148.1,175.06,160.4,142.28,126.68,106.87,97.93,1,1,0,1,1,0,0,0,0,0,1,1,1,0,0,0,0,1,0,0,1,1,0,0
1558,603.995,574.96,523.245,474.2525,494.03499999999997,478.1875,461.945,494.005,359.275,178.95499999999998,76.7875,49.735,36.7125,23.525,5.41,13.925,18.3075,27.307499999999997,111.7575,347.475,571.31,914.78,1119.2075,1408.8600000000001,95.84,94.92,96.7,96.86,89.98,101.13,148.63,159.87,134.08,98.92,84.44,77.92,76.06,77.36,83.96,97.54,127.59,148.1,175.06,160.4,142.28,126.68,106.87,97.93,0,1,0,0,0,1,0,1,1,1,0,0,0,0,0,0,1,1,1,0,0,1,1,0
1559,603.995,574.96,523.245,474.2525,494.03499999999997,478.1875,461.945,494.005,359.275,178.95499999999998,76.7875,49.735,36.7125,23.525,5.41,13.925,18.3075,27.307499999999997,111.7575,347.475,571.31,914.78,1119.2075,1408.8600000000001,95.84,94.92,96.7,96.86,89.98,101.13,148.63,159.87,134.08,98.92,84.44,77.92,76.06,77.36,83.96,97.54,127.59,148.1,175.06,160.4,142.28,126.68,106.87,97.93,1,1,0,0,0,1,0,0,1,0,1,0,0,0,0,1,1,1,0,0,1,0,1,1
1560,603.995,574.96,523.245,474.2525,494.03499999999997,478.1875,461.945,494.005,359.275,178.95499999999998,76.7875,49.735,36.7125,23.525,5.41,13.925,18.3075,27.307499999999997,111.7575,347.475,571.31,914.78,1119.2075,1408.8600000000001,104.39,101.79,99.72,100.48,102.51,110.88,148.14,153.09,146.54,128.53,102.0,97.48,96.45,98.39,102.35,112.84,132.9,172.03,205.15,181.06,149.49,133.05,121.27,107.36,0,0,0,1,1,0,1,0,1,1,0,0,1,1,1,1,1,1,0,0,1,0,0,1
1561,603.995,574.96,523.245,474.2525,494.03499999999997,478.1875,461.945,494.005,359.275,178.95499999999998,76.7875,49.735,36.7125,23.525,5.41,13.925,18.3075,27.307499999999997,111.7575,347.475,571.31,914.78,1119.2075,1408.8600000000001,104.39,101.79,99.72,100.48,102.51,110.88,148.14,153.09,146.54,128.53,102.0,97.48,96.45,98.39,102.35,112.84,132.9,172.03,205.15,181.06,149.49,133.05,121.27,107.36,1,1,0,1,1,0,0,0,0,0,1,1,1,0,0,0,0,1,0,0,1,1,0,0
1562,603.995,574.96,523.245,474.2525,494.03499999999997,478.1875,461.945,494.005,359.275,178.95499999999998,76.7875,49.735,36.7125,23.525,5.41,13.925,18.3075,27.307499999999997,111.7575,347.475,571.31,914.78,1119.2075,1408.8600000000001,104.39,101.79,99.72,100.48,102.51,110.88,148.14,153.09,146.54,128.53,102.0,97.48,96.45,98.39,102.35,112.84,132.9,172.03,205.15,181.06,149.49,133.05,121.27,107.36,0,1,0,0,0,1,0,1,1,1,0,0,0,0,0,0,1,1,1,0,0,1,1,0
1563,603.995,574.96,523.245,474.2525,494.03499999999997,478.1875,461.945,494.005,359.275,178.95499999999998,76.7875,49.735,36.7125,23.525,5.41,13.925,18.3075,27.307499999999997,111.7575,347.475,571.31,914.78,1119.2075,1408.8600000000001,104.39,101.79,99.72,100.48,102.51,110.88,148.14,153.09,146.54,128.53,102.0,97.48,96.45,98.39,102.35,112.84,132.9,172.03,205.15,181.06,149.49,133.05,121.27,107.36,1,1,0,0,0,1,0,0,1,0,1,0,0,0,0,1,1,1,0,0,1,0,1,1
1564,603.995,574.96,523.245,474.2525,494.03499999999997,478.1875,461.945,494.005,359.275,178.95499999999998,76.7875,49.735,36.7125,23.525,5.41,13.925,18.3075,27.307499999999997,111.7575,347.475,571.31,914.78,1119.2075,1408.8600000000001,101.74,100.11,97.82,97.43,101.85,110.37,144.57,161.75,148.49,125.02,102.64,99.73,98.11,99.95,101.69,117.81,140.35,159.04,199.9,179.58,148.09,132.26,120.02,109.91,0,0,0,1,1,0,1,0,1,1,0,0,1,1,1,1,1,1,0,0,1,0,0,1
1565,603.995,574.96,523.245,474.2525,494.03499999999997,478.1875,461.945,494.005,359.275,178.95499999999998,76.7875,49.735,36.7125,23.525,5.41,13.925,18.3075,27.307499999999997,111.7575,347.475,571.31,914.78,1119.2075,1408.8600000000001,101.74,100.11,97.82,97.43,101.85,110.37,144.57,161.75,148.49,125.02,102.64,99.73,98.11,99.95,101.69,117.81,140.35,159.04,199.9,179.58,148.09,132.26,120.02,109.91,1,1,0,1,1,0,0,0,0,0,1,1,1,0,0,0,0,1,0,0,1,1,0,0
1566,603.995,574.96,523.245,474.2525,494.03499999999997,478.1875,461.945,494.005,359.275,178.95499999999998,76.7875,49.735,36.7125,23.525,5.41,13.925,18.3075,27.307499999999997,111.7575,347.475,571.31,914.78,1119.2075,1408.8600000000001,101.74,100.11,97.82,97.43,101.85,110.37,144.57,161.75,148.49,125.02,102.64,99.73,98.11,99.95,101.69,117.81,140.35,159.04,199.9,179.58,148.09,132.26,120.02,109.91,0,1,0,0,0,1,0,1,1,1,0,0,0,0,0,0,1,1,1,0,0,1,1,0
1567,603.995,574.96,523.245,474.2525,494.03499999999997,478.1875,461.945,494.005,359.275,178.95499999999998,76.7875,49.735,36.7125,23.525,5.41,13.925,18.3075,27.307499999999997,111.7575,347.475,571.31,914.78,1119.2075,1408.8600000000001,101.74,100.11,97.82,97.43,101.85,110.37,144.57,161.75,148.49,125.02,102.64,99.73,98.11,99.95,101.69,117.81,140.35,159.04,199.9,179.58,148.09,132.26,120.02,109.91,1,1,0,0,0,1,0,0,1,0,1,0,0,0,0,1,1,1,0,0,1,0,1,1
1568,603.995,574.96,523.245,474.2525,494.03499999999997,478.1875,461.945,494.005,359.275,178.95499999999998,76.7875,49.735,36.7125,23.525,5.41,13.925,18.3075,27.307499999999997,111.7575,347.475,571.31,914.78,1119.2075,1408.8600000000001,108.49,102.22,98.96,96.69,98.33,105.87,132.7,160.74,160.99,154.8,123.84,110.75,110.08,108.28,107.6,110.02,121.56,142.95,166.09,173.42,148.99,135.69,123.41,111.53,0,0,0,1,1,0,1,0,1,1,0,0,1,1,1,1,1,1,0,0,1,0,0,1
1569,603.995,574.96,523.245,474.2525,494.03499999999997,478.1875,461.945,494.005,359.275,178.95499999999998,76.7875,49.735,36.7125,23.525,5.41,13.925,18.3075,27.307499999999997,111.7575,347.475,571.31,914.78,1119.2075,1408.8600000000001,108.49,102.22,98.96,96.69,98.33,105.87,132.7,160.74,160.99,154.8,123.84,110.75,110.08,108.28,107.6,110.02,121.56,142.95,166.09,173.42,148.99,135.69,123.41,111.53,1,1,0,1,1,0,0,0,0,0,1,1,1,0,0,0,0,1,0,0,1,1,0,0
1570,603.995,574.96,523.245,474.2525,494.03499999999997,478.1875,461.945,494.005,359.275,178.95499999999998,76.7875,49.735,36.7125,23.525,5.41,13.925,18.3075,27.307499999999997,111.7575,347.475,571.31,914.78,1119.2075,1408.8600000000001,108.49,102.22,98.96,96.69,98.33,105.87,132.7,160.74,160.99,154.8,123.84,110.75,110.08,108.28,107.6,110.02,121.56,142.95,166.09,173.42,148.99,135.69,123.41,111.53,0,1,0,0,0,1,0,1,1,1,0,0,0,0,0,0,1,1,1,0,0,1,1,0
1571,603.995,574.96,523.245,474.2525,494.03499999999997,478.1875,461.945,494.005,359.275,178.95499999999998,76.7875,49.735,36.7125,23.525,5.41,13.925,18.3075,27.307499999999997,111.7575,347.475,571.31,914.78,1119.2075,1408.8600000000001,108.49,102.22,98.96,96.69,98.33,105.87,132.7,160.74,160.99,154.8,123.84,110.75,110.08,108.28,107.6,110.02,121.56,142.95,166.09,173.42,148.99,135.69,123.41,111.53,1,1,0,0,0,1,0,0,1,0,1,0,0,0,0,1,1,1,0,0,1,0,1,1
1572,603.995,574.96,523.245,474.2525,494.03499999999997,478.1875,461.945,494.005,359.275,178.95499999999998,76.7875,49.735,36.7125,23.525,5.41,13.925,18.3075,27.307499999999997,111.7575,347.475,571.31,914.78,1119.2075,1408.8600000000001,109.19,106.08,105.97,103.89,105.37,114.08,143.05,155.29,155.08,132.11,112.01,106.37,104.49,104.58,105.38,109.42,124.93,146.56,155.47,151.02,130.1,111.46,114.0,105.15,0,0,0,1,1,0,1,0,1,1,0,0,1,1,1,1,1,1,0,0,1,0,0,1
1573,603.995,574.96,523.245,474.2525,494.03499999999997,478.1875,461.945,494.005,359.275,178.95499999999998,76.7875,49.735,36.7125,23.525,5.41,13.925,18.3075,27.307499999999997,111.7575,347.475,571.31,914.78,1119.2075,1408.8600000000001,109.19,106.08,105.97,103.89,105.37,114.08,143.05,155.29,155.08,132.11,112.01,106.37,104.49,104.58,105.38,109.42,124.93,146.56,155.47,151.02,130.1,111.46,114.0,105.15,1,1,0,1,1,0,0,0,0,0,1,1,1,0,0,0,0,1,0,0,1,1,0,0
1574,603.995,574.96,523.245,474.2525,494.03499999999997,478.1875,461.945,494.005,359.275,178.95499999999998,76.7875,49.735,36.7125,23.525,5.41,13.925,18.3075,27.307499999999997,111.7575,347.475,571.31,914.78,1119.2075,1408.8600000000001,109.19,106.08,105.97,103.89,105.37,114.08,143.05,155.29,155.08,132.11,112.01,106.37,104.49,104.58,105.38,109.42,124.93,146.56,155.47,151.02,130.1,111.46,114.0,105.15,0,1,0,0,0,1,0,1,1,1,0,0,0,0,0,0,1,1,1,0,0,1,1,0
1575,603.995,574.96,523.245,474.2525,494.03499999999997,478.1875,461.945,494.005,359.275,178.95499999999998,76.7875,49.735,36.7125,23.525,5.41,13.925,18.3075,27.307499999999997,111.7575,347.475,571.31,914.78,1119.2075,1408.8600000000001,109.19,106.08,105.97,103.89,105.37,114.08,143.05,155.29,155.08,132.11,112.01,106.37,104.49,104.58,105.38,109.42,124.93,146.56,155.47,151.02,130.1,111.46,114.0,105.15,1,1,0,0,0,1,0,0,1,0,1,0,0,0,0,1,1,1,0,0,1,0,1,1
1576,603.995,574.96,523.245,474.2525,494.03499999999997,478.1875,461.945,494.005,359.275,178.95499999999998,76.7875,49.735,36.7125,23.525,5.41,13.925,18.3075,27.307499999999997,111.7575,347.475,571.31,914.78,1119.2075,1408.8600000000001,112.16,103.15,96.0,89.89,86.89,90.55,97.0,99.38,98.73,86.36,72.35,67.12,57.28,47.96,54.46,70.76,84.2,121.87,130.26,132.91,121.41,108.46,104.98,95.21,0,0,0,1,1,0,1,0,1,1,0,0,1,1,1,1,1,1,0,0,1,0,0,1
1577,603.995,574.96,523.245,474.2525,494.03499999999997,478.1875,461.945,494.005,359.275,178.95499999999998,76.7875,49.735,36.7125,23.525,5.41,13.925,18.3075,27.307499999999997,111.7575,347.475,571.31,914.78,1119.2075,1408.8600000000001,112.16,103.15,96.0,89.89,86.89,90.55,97.0,99.38,98.73,86.36,72.35,67.12,57.28,47.96,54.46,70.76,84.2,121.87,130.26,132.91,121.41,108.46,104.98,95.21,1,1,0,1,1,0,0,0,0,0,1,1,1,0,0,0,0,1,0,0,1,1,0,0
1578,603.995,574.96,523.245,474.2525,494.03499999999997,478.1875,461.945,494.005,359.275,178.95499999999998,76.7875,49.735,36.7125,23.525,5.41,13.925,18.3075,27.307499999999997,111.7575,347.475,571.31,914.78,1119.2075,1408.8600000000001,112.16,103.15,96.0,89.89,86.89,90.55,97.0,99.38,98.73,86.36,72.35,67.12,57.28,47.96,54.46,70.76,84.2,121.87,130.26,132.91,121.41,108.46,104.98,95.21,0,1,0,0,0,1,0,1,1,1,0,0,0,0,0,0,1,1,1,0,0,1,1,0
1579,603.995,574.96,523.245,474.2525,494.03499999999997,478.1875,461.945,494.005,359.275,178.95499999999998,76.7875,49.735,36.7125,23.525,5.41,13.925,18.3075,27.307499999999997,111.7575,347.475,571.31,914.78,1119.2075,1408.8600000000001,112.16,103.15,96.0,89.89,86.89,90.55,97.0,99.38,98.73,86.36,72.35,67.12,57.28,47.96,54.46,70.76,84.2,121.87,130.26,132.91,121.41,108.46,104.98,95.21,1,1,0,0,0,1,0,0,1,0,1,0,0,0,0,1,1,1,0,0,1,0,1,1
1580,603.995,574.96,523.245,474.2525,494.03499999999997,478.1875,461.945,494.005,359.275,178.95499999999998,76.7875,49.735,36.7125,23.525,5.41,13.925,18.3075,27.307499999999997,111.7575,347.475,571.31,914.78,1119.2075,1408.8600000000001,89.97,85.75,79.57,78.15,78.55,29.41,30.14,30.7,30.5,28.73,24.06,2.9,1.01,0.19,2.67,30.81,59.97,94.68,83.61,45.54,31.49,31.1,30.69,30.44,0,0,0,1,1,0,1,0,1,1,0,0,1,1,1,1,1,1,0,0,1,0,0,1
1581,603.995,574.96,523.245,474.2525,494.03499999999997,478.1875,461.945,494.005,359.275,178.95499999999998,76.7875,49.735,36.7125,23.525,5.41,13.925,18.3075,27.307499999999997,111.7575,347.475,571.31,914.78,1119.2075,1408.8600000000001,89.97,85.75,79.57,78.15,78.55,29.41,30.14,30.7,30.5,28.73,24.06,2.9,1.01,0.19,2.67,30.81,59.97,94.68,83.61,45.54,31.49,31.1,30.69,30.44,1,1,0,1,1,0,0,0,0,0,1,1,1,0,0,0,0,1,0,0,1,1,0,0
1582,603.995,574.96,523.245,474.2525,494.03499999999997,478.1875,461.945,494.005,359.275,178.95499999999998,76.7875,49.735,36.7125,23.525,5.41,13.925,18.3075,27.307499999999997,111.7575,347.475,571.31,914.78,1119.2075,1408.8600000000001,89.97,85.75,79.57,78.15,78.55,29.41,30.14,30.7,30.5,28.73,24.06,2.9,1.01,0.19,2.67,30.81,59.97,94.68,83.61,45.54,31.49,31.1,30.69,30.44,0,1,0,0,0,1,0,1,1,1,0,0,0,0,0,0,1,1,1,0,0,1,1,0
1583,603.995,574.96,523.245,474.2525,494.03499999999997,478.1875,461.945,494.005,359.275,178.95499999999998,76.7875,49.735,36.7125,23.525,5.41,13.925,18.3075,27.307499999999997,111.7575,347.475,571.31,914.78,1119.2075,1408.8600000000001,89.97,85.75,79.57,78.15,78.55,29.41,30.14,30.7,30.5,28.73,24.06,2.9,1.01,0.19,2.67,30.81,59.97,94.68,83.61,45.54,31.49,31.1,30.69,30.44,1,1,0,0,0,1,0,0,1,0,1,0,0,0,0,1,1,1,0,0,1,0,1,1
1584,603.995,574.96,523.245,474.2525,494.03499999999997,478.1875,461.945,494.005,359.275,178.95499999999998,76.7875,49.735,36.7125,23.525,5.41,13.925,18.3075,27.307499999999997,111.7575,347.475,571.31,914.78,1119.2075,1408.8600000000001,30.66,40.11,77.6,80.9,85.84,103.33,135.26,152.96,135.32,100.77,68.2,50.53,31.14,27.92,50.12,70.02,98.59,143.14,177.42,170.09,141.58,113.55,106.46,93.49,0,0,0,1,1,0,1,0,1,1,0,0,1,1,1,1,1,1,0,0,1,0,0,1
1585,603.995,574.96,523.245,474.2525,494.03499999999997,478.1875,461.945,494.005,359.275,178.95499999999998,76.7875,49.735,36.7125,23.525,5.41,13.925,18.3075,27.307499999999997,111.7575,347.475,571.31,914.78,1119.2075,1408.8600000000001,30.66,40.11,77.6,80.9,85.84,103.33,135.26,152.96,135.32,100.77,68.2,50.53,31.14,27.92,50.12,70.02,98.59,143.14,177.42,170.09,141.58,113.55,106.46,93.49,1,1,0,1,1,0,0,0,0,0,1,1,1,0,0,0,0,1,0,0,1,1,0,0
1586,603.995,574.96,523.245,474.2525,494.03499999999997,478.1875,461.945,494.005,359.275,178.95499999999998,76.7875,49.735,36.7125,23.525,5.41,13.925,18.3075,27.307499999999997,111.7575,347.475,571.31,914.78,1119.2075,1408.8600000000001,30.66,40.11,77.6,80.9,85.84,103.33,135.26,152.96,135.32,100.77,68.2,50.53,31.14,27.92,50.12,70.02,98.59,143.14,177.42,170.09,141.58,113.55,106.46,93.49,0,1,0,0,0,1,0,1,1,1,0,0,0,0,0,0,1,1,1,0,0,1,1,0
1587,603.995,574.96,523.245,474.2525,494.03499999999997,478.1875,461.945,494.005,359.275,178.95499999999998,76.7875,49.735,36.7125,23.525,5.41,13.925,18.3075,27.307499999999997,111.7575,347.475,571.31,914.78,1119.2075,1408.8600000000001,30.66,40.11,77.6,80.9,85.84,103.33,135.26,152.96,135.32,100.77,68.2,50.53,31.14,27.92,50.12,70.02,98.59,143.14,177.42,170.09,141.58,113.55,106.46,93.49,1,1,0,0,0,1,0,0,1,0,1,0,0,0,0,1,1,1,0,0,1,0,1,1
1588,603.995,574.96,523.245,474.2525,494.03499999999997,478.1875,461.945,494.005,359.275,178.95499999999998,76.7875,49.735,36.7125,23.525,5.41,13.925,18.3075,27.307499999999997,111.7575,347.475,571.31,914.78,1119.2075,1408.8600000000001,92.18,89.96,89.71,67.1,69.44,102.28,128.02,136.73,106.56,68.46,27.24,1.79,-0.2,-0.28,17.36,38.6,96.03,141.1,171.17,167.77,142.51,117.77,107.46,100.5,0,0,0,1,1,0,1,0,1,1,0,0,1,1,1,1,1,1,0,0,1,0,0,1
1589,603.995,574.96,523.245,474.2525,494.03499999999997,478.1875,461.945,494.005,359.275,178.95499999999998,76.7875,49.735,36.7125,23.525,5.41,13.925,18.3075,27.307499999999997,111.7575,347.475,571.31,914.78,1119.2075,1408.8600000000001,92.18,89.96,89.71,67.1,69.44,102.28,128.02,136.73,106.56,68.46,27.24,1.79,-0.2,-0.28,17.36,38.6,96.03,141.1,171.17,167.77,142.51,117.77,107.46,100.5,1,1,0,1,1,0,0,0,0,0,1,1,1,0,0,0,0,1,0,0,1,1,0,0
1590,603.995,574.96,523.245,474.2525,494.03499999999997,478.1875,461.945,494.005,359.275,178.95499999999998,76.7875,49.735,36.7125,23.525,5.41,13.925,18.3075,27.307499999999997,111.7575,347.475,571.31,914.78,1119.2075,1408.8600000000001,92.18,89.96,89.71,67.1,69.44,102.28,128.02,136.73,106.56,68.46,27.24,1.79,-0.2,-0.28,17.36,38.6,96.03,141.1,171.17,167.77,142.51,117.77,107.46,100.5,0,1,0,0,0,1,0,1,1,1,0,0,0,0,0,0,1,1,1,0,0,1,1,0
1591,603.995,574.96,523.245,474.2525,494.03499999999997,478.1875,461.945,494.005,359.275,178.95499999999998,76.7875,49.735,36.7125,23.525,5.41,13.925,18.3075,27.307499999999997,111.7575,347.475,571.31,914.78,1119.2075,1408.8600000000001,92.18,89.96,89.71,67.1,69.44,102.28,128.02,136.73,106.56,68.46,27.24,1.79,-0.2,-0.28,17.36,38.6,96.03,141.1,171.17,167.77,142.51,117.77,107.46,100.5,1,1,0,0,0,1,0,0,1,0,1,0,0,0,0,1,1,1,0,0,1,0,1,1
1592,603.995,574.96,523.245,474.2525,494.03499999999997,478.1875,461.945,494.005,359.275,178.95499999999998,76.7875,49.735,36.7125,23.525,5.41,13.925,18.3075,27.307499999999997,111.7575,347.475,571.31,914.78,1119.2075,1408.8600000000001,204.12,101.46,97.67,98.58,101.74,110.71,153.27,140.98,99.91,76.08,38.9,6.7,3.13,3.41,30.98,62.63,120.26,154.93,279.34,251.99,163.48,136.61,124.83,117.5,0,0,0,1,1,0,1,0,1,1,0,0,1,1,1,1,1,1,0,0,1,0,0,1
1593,603.995,574.96,523.245,474.2525,494.03499999999997,478.1875,461.945,494.005,359.275,178.95499999999998,76.7875,49.735,36.7125,23.525,5.41,13.925,18.3075,27.307499999999997,111.7575,347.475,571.31,914.78,1119.2075,1408.8600000000001,204.12,101.46,97.67,98.58,101.74,110.71,153.27,140.98,99.91,76.08,38.9,6.7,3.13,3.41,30.98,62.63,120.26,154.93,279.34,251.99,163.48,136.61,124.83,117.5,1,1,0,1,1,0,0,0,0,0,1,1,1,0,0,0,0,1,0,0,1,1,0,0
1594,603.995,574.96,523.245,474.2525,494.03499999999997,478.1875,461.945,494.005,359.275,178.95499999999998,76.7875,49.735,36.7125,23.525,5.41,13.925,18.3075,27.307499999999997,111.7575,347.475,571.31,914.78,1119.2075,1408.8600000000001,204.12,101.46,97.67,98.58,101.74,110.71,153.27,140.98,99.91,76.08,38.9,6.7,3.13,3.41,30.98,62.63,120.26,154.93,279.34,251.99,163.48,136.61,124.83,117.5,0,1,0,0,0,1,0,1,1,1,0,0,0,0,0,0,1,1,1,0,0,1,1,0
1595,603.995,574.96,523.245,474.2525,494.03499999999997,478.1875,461.945,494.005,359.275,178.95499999999998,76.7875,49.735,36.7125,23.525,5.41,13.925,18.3075,27.307499999999997,111.7575,347.475,571.31,914.78,1119.2075,1408.8600000000001,204.12,101.46,97.67,98.58,101.74,110.71,153.27,140.98,99.91,76.08,38.9,6.7,3.13,3.41,30.98,62.63,120.26,154.93,279.34,251.99,163.48,136.61,124.83,117.5,1,1,0,0,0,1,0,0,1,0,1,0,0,0,0,1,1,1,0,0,1,0,1,1
1596,603.995,574.96,523.245,474.2525,494.03499999999997,478.1875,461.945,494.005,359.275,178.95499999999998,76.7875,49.735,36.7125,23.525,5.41,13.925,18.3075,27.307499999999997,111.7575,347.475,571.31,914.78,1119.2075,1408.8600000000001,107.45,102.55,101.34,102.15,106.74,122.73,158.29,147.93,108.19,73.39,28.86,3.96,-0.56,-0.16,27.42,40.28,109.8,147.64,248.27,220.53,176.9,138.38,124.58,111.27,0,0,0,1,1,0,1,0,1,1,0,0,1,1,1,1,1,1,0,0,1,0,0,1
1597,603.995,574.96,523.245,474.2525,494.03499999999997,478.1875,461.945,494.005,359.275,178.95499999999998,76.7875,49.735,36.7125,23.525,5.41,13.925,18.3075,27.307499999999997,111.7575,347.475,571.31,914.78,1119.2075,1408.8600000000001,107.45,102.55,101.34,102.15,106.74,122.73,158.29,147.93,108.19,73.39,28.86,3.96,-0.56,-0.16,27.42,40.28,109.8,147.64,248.27,220.53,176.9,138.38,124.58,111.27,1,1,0,1,1,0,0,0,0,0,1,1,1,0,0,0,0,1,0,0,1,1,0,0
1598,603.995,574.96,523.245,474.2525,494.03499999999997,478.1875,461.945,494.005,359.275,178.95499999999998,76.7875,49.735,36.7125,23.525,5.41,13.925,18.3075,27.307499999999997,111.7575,347.475,571.31,914.78,1119.2075,1408.8600000000001,107.45,102.55,101.34,102.15,106.74,122.73,158.29,147.93,108.19,73.39,28.86,3.96,-0.56,-0.16,27.42,40.28,109.8,147.64,248.27,220.53,176.9,138.38,124.58,111.27,0,1,0,0,0,1,0,1,1,1,0,0,0,0,0,0,1,1,1,0,0,1,1,0
1599,603.995,574.96,523.245,474.2525,494.03499999999997,478.1875,461.945,494.005,359.275,178.95499999999998,76.7875,49.735,36.7125,23.525,5.41,13.925,18.3075,27.307499999999997,111.7575,347.475,571.31,914.78,1119.2075,1408.8600000000001,107.45,102.55,101.34,102.15,106.74,122.73,158.29,147.93,108.19,73.39,28.86,3.96,-0.56,-0.16,27.42,40.28,109.8,147.64,248.27,220.53,176.9,138.38,124.58,111.27,1,1,0,0,0,1,0,0,1,0,1,0,0,0,0,1,1,1,0,0,1,0,1,1
